-- Index Analysis Test Data
-- 50 projects, each with: 5 controllers, 2 services, 10 domain classes
-- Total: 850 classes, 2250 methods

DELETE FROM source_methods;
DELETE FROM source_classes;
DELETE FROM projects;

INSERT INTO projects (id, name, repository_url, default_branch, status, created_at, updated_at) VALUES
('5677b1e8-da1b-4dda-a5a5-71668d09f5f4', 'Project0', 'https://github.com/test/project-0.git', 'main', 'PENDING', '2024-01-01 00:00:00', '2024-01-01 00:00:00'),
('5617f551-8b12-50f8-8800-887f6efe0b49', 'Project1', 'https://github.com/test/project-1.git', 'main', 'PENDING', '2024-01-01 00:00:00', '2024-01-01 00:00:00'),
('3f8b79d1-d4ef-6f6b-a25b-d96befea90fe', 'Project2', 'https://github.com/test/project-2.git', 'main', 'PENDING', '2024-01-01 00:00:00', '2024-01-01 00:00:00'),
('42c2e426-1700-256a-0129-30b7ad662961', 'Project3', 'https://github.com/test/project-3.git', 'main', 'PENDING', '2024-01-01 00:00:00', '2024-01-01 00:00:00'),
('9e189257-ba2c-3aeb-df7f-0b80b7454c58', 'Project4', 'https://github.com/test/project-4.git', 'main', 'PENDING', '2024-01-01 00:00:00', '2024-01-01 00:00:00'),
('703f8e5c-3fd3-db4a-f002-23cb86614349', 'Project5', 'https://github.com/test/project-5.git', 'main', 'PENDING', '2024-01-01 00:00:00', '2024-01-01 00:00:00'),
('ef4d7f33-ba38-90a5-4bab-66400fb33015', 'Project6', 'https://github.com/test/project-6.git', 'main', 'PENDING', '2024-01-01 00:00:00', '2024-01-01 00:00:00'),
('ed5f8a22-9990-ee67-a216-f17860e5ec15', 'Project7', 'https://github.com/test/project-7.git', 'main', 'PENDING', '2024-01-01 00:00:00', '2024-01-01 00:00:00'),
('143b6240-7a30-4339-5359-96ac279089bd', 'Project8', 'https://github.com/test/project-8.git', 'main', 'PENDING', '2024-01-01 00:00:00', '2024-01-01 00:00:00'),
('9896416d-2de4-d6f2-b223-105753742ac7', 'Project9', 'https://github.com/test/project-9.git', 'main', 'PENDING', '2024-01-01 00:00:00', '2024-01-01 00:00:00'),
('53795e69-43e9-193d-29a2-42ebbb68fc14', 'Project10', 'https://github.com/test/project-10.git', 'main', 'PENDING', '2024-01-01 00:00:00', '2024-01-01 00:00:00'),
('821d75f1-4073-9b9c-30c3-3dc64f42e671', 'Project11', 'https://github.com/test/project-11.git', 'main', 'PENDING', '2024-01-01 00:00:00', '2024-01-01 00:00:00'),
('28d57048-6817-ef00-22b0-3c8fd8b8973b', 'Project12', 'https://github.com/test/project-12.git', 'main', 'PENDING', '2024-01-01 00:00:00', '2024-01-01 00:00:00'),
('3e9388e1-cecf-66a9-0e57-c7d87fa2659d', 'Project13', 'https://github.com/test/project-13.git', 'main', 'PENDING', '2024-01-01 00:00:00', '2024-01-01 00:00:00'),
('e7d4da8c-5ee3-3884-2b00-cef4790f836f', 'Project14', 'https://github.com/test/project-14.git', 'main', 'PENDING', '2024-01-01 00:00:00', '2024-01-01 00:00:00'),
('0d3c42aa-7a2d-5e93-4603-8de3f6112a00', 'Project15', 'https://github.com/test/project-15.git', 'main', 'PENDING', '2024-01-01 00:00:00', '2024-01-01 00:00:00'),
('cdcd7220-3760-0630-3f21-ec629485e564', 'Project16', 'https://github.com/test/project-16.git', 'main', 'PENDING', '2024-01-01 00:00:00', '2024-01-01 00:00:00'),
('26a165c1-d9c9-4708-5616-7937e090daad', 'Project17', 'https://github.com/test/project-17.git', 'main', 'PENDING', '2024-01-01 00:00:00', '2024-01-01 00:00:00'),
('385b1c13-012e-a97d-c61d-72126724094b', 'Project18', 'https://github.com/test/project-18.git', 'main', 'PENDING', '2024-01-01 00:00:00', '2024-01-01 00:00:00'),
('35fb1e91-4837-85bf-f092-8fab68513f23', 'Project19', 'https://github.com/test/project-19.git', 'main', 'PENDING', '2024-01-01 00:00:00', '2024-01-01 00:00:00'),
('b055e889-d233-777a-3edb-e1799ef58c00', 'Project20', 'https://github.com/test/project-20.git', 'main', 'PENDING', '2024-01-01 00:00:00', '2024-01-01 00:00:00'),
('3a1e2a26-4b71-53e6-22d9-cb706c1ce721', 'Project21', 'https://github.com/test/project-21.git', 'main', 'PENDING', '2024-01-01 00:00:00', '2024-01-01 00:00:00'),
('64615db9-2280-db9b-a7ad-f0cb06091c57', 'Project22', 'https://github.com/test/project-22.git', 'main', 'PENDING', '2024-01-01 00:00:00', '2024-01-01 00:00:00'),
('0cac1226-b2c3-6e85-6b85-f0221b6c247a', 'Project23', 'https://github.com/test/project-23.git', 'main', 'PENDING', '2024-01-01 00:00:00', '2024-01-01 00:00:00'),
('0afaba01-258f-3b58-4e2e-f378335d39dc', 'Project24', 'https://github.com/test/project-24.git', 'main', 'PENDING', '2024-01-01 00:00:00', '2024-01-01 00:00:00'),
('f9cbd812-eabd-674e-9743-cd5c8486deb4', 'Project25', 'https://github.com/test/project-25.git', 'main', 'PENDING', '2024-01-01 00:00:00', '2024-01-01 00:00:00'),
('7fef18b2-8b28-b6cb-9fa2-9c261dd0ca51', 'Project26', 'https://github.com/test/project-26.git', 'main', 'PENDING', '2024-01-01 00:00:00', '2024-01-01 00:00:00'),
('8a28fe28-a0ec-0c6d-b382-300f51af91c9', 'Project27', 'https://github.com/test/project-27.git', 'main', 'PENDING', '2024-01-01 00:00:00', '2024-01-01 00:00:00'),
('89efd0b9-81ac-cc3b-cd1e-0b60f1df11af', 'Project28', 'https://github.com/test/project-28.git', 'main', 'PENDING', '2024-01-01 00:00:00', '2024-01-01 00:00:00'),
('e0ee21ca-3bc3-ed6c-8a28-f01b63384b9f', 'Project29', 'https://github.com/test/project-29.git', 'main', 'PENDING', '2024-01-01 00:00:00', '2024-01-01 00:00:00'),
('58d76210-17b1-89a3-7758-aa9f56a3e9e3', 'Project30', 'https://github.com/test/project-30.git', 'main', 'PENDING', '2024-01-01 00:00:00', '2024-01-01 00:00:00'),
('6aa3b872-3aca-dfa6-8080-3c0311e60c22', 'Project31', 'https://github.com/test/project-31.git', 'main', 'PENDING', '2024-01-01 00:00:00', '2024-01-01 00:00:00'),
('97c70fb5-4c95-8cf6-33a1-77b4cbcd543a', 'Project32', 'https://github.com/test/project-32.git', 'main', 'PENDING', '2024-01-01 00:00:00', '2024-01-01 00:00:00'),
('441490e8-c2ec-a85c-e7a2-3ea886f812cf', 'Project33', 'https://github.com/test/project-33.git', 'main', 'PENDING', '2024-01-01 00:00:00', '2024-01-01 00:00:00'),
('bb332e67-2f59-280e-ad71-de6749622d97', 'Project34', 'https://github.com/test/project-34.git', 'main', 'PENDING', '2024-01-01 00:00:00', '2024-01-01 00:00:00'),
('474d1ddd-7953-6993-66f9-8b7e7cfbdfc0', 'Project35', 'https://github.com/test/project-35.git', 'main', 'PENDING', '2024-01-01 00:00:00', '2024-01-01 00:00:00'),
('f540ecde-b234-5bc6-0971-d518e5036809', 'Project36', 'https://github.com/test/project-36.git', 'main', 'PENDING', '2024-01-01 00:00:00', '2024-01-01 00:00:00'),
('baf827cf-1148-3115-dfdc-76b6d37c03f8', 'Project37', 'https://github.com/test/project-37.git', 'main', 'PENDING', '2024-01-01 00:00:00', '2024-01-01 00:00:00'),
('34d691a5-6477-3532-ef53-79c2c43dc096', 'Project38', 'https://github.com/test/project-38.git', 'main', 'PENDING', '2024-01-01 00:00:00', '2024-01-01 00:00:00'),
('521d234b-a7cd-8120-0aa8-f147bfa42ad3', 'Project39', 'https://github.com/test/project-39.git', 'main', 'PENDING', '2024-01-01 00:00:00', '2024-01-01 00:00:00'),
('03fffc64-f73c-04ac-43a4-c4f76c1d956c', 'Project40', 'https://github.com/test/project-40.git', 'main', 'PENDING', '2024-01-01 00:00:00', '2024-01-01 00:00:00'),
('ff33a67e-65bb-2cff-6bd1-196bbd2ea3c0', 'Project41', 'https://github.com/test/project-41.git', 'main', 'PENDING', '2024-01-01 00:00:00', '2024-01-01 00:00:00'),
('ec1cd169-5e4b-933b-b59a-6eeb3ad56de3', 'Project42', 'https://github.com/test/project-42.git', 'main', 'PENDING', '2024-01-01 00:00:00', '2024-01-01 00:00:00'),
('f7a8e74b-be74-bc6e-1f6b-569469c682be', 'Project43', 'https://github.com/test/project-43.git', 'main', 'PENDING', '2024-01-01 00:00:00', '2024-01-01 00:00:00'),
('ed69dcd6-7caf-a1f7-d22b-7e17e5de8066', 'Project44', 'https://github.com/test/project-44.git', 'main', 'PENDING', '2024-01-01 00:00:00', '2024-01-01 00:00:00'),
('08cc0dae-9fa1-2a05-d4c6-3607b213ac97', 'Project45', 'https://github.com/test/project-45.git', 'main', 'PENDING', '2024-01-01 00:00:00', '2024-01-01 00:00:00'),
('4ee88e85-ce42-84c9-4e2a-cbcb4c516cab', 'Project46', 'https://github.com/test/project-46.git', 'main', 'PENDING', '2024-01-01 00:00:00', '2024-01-01 00:00:00'),
('1020afae-2e84-61e3-2ffd-b77c3655fcaf', 'Project47', 'https://github.com/test/project-47.git', 'main', 'PENDING', '2024-01-01 00:00:00', '2024-01-01 00:00:00'),
('d5c6cc0e-74c8-0d5a-5f2f-2bbbaf26195c', 'Project48', 'https://github.com/test/project-48.git', 'main', 'PENDING', '2024-01-01 00:00:00', '2024-01-01 00:00:00'),
('5a65ed9e-8951-4ab4-d217-6ea568538820', 'Project49', 'https://github.com/test/project-49.git', 'main', 'PENDING', '2024-01-01 00:00:00', '2024-01-01 00:00:00');

INSERT INTO source_classes (id, project_id, full_class_name, simple_name, package_name, class_type, description, source_file, created_at) VALUES
('b8b003b3-ebfe-9846-fc8e-8c66696648fa', '5677b1e8-da1b-4dda-a5a5-71668d09f5f4', 'co.fanki.project0.controller.Api0Controller', 'Api0Controller', 'co.fanki.project0.controller', 'CONTROLLER', 'REST controller', 'src/co/fanki/project0/controller/Api0Controller.java', '2024-01-01 00:00:00'),
('53ef0bba-3fa9-c305-8e8b-fe810e9ed30b', '5677b1e8-da1b-4dda-a5a5-71668d09f5f4', 'co.fanki.project0.controller.Api1Controller', 'Api1Controller', 'co.fanki.project0.controller', 'CONTROLLER', 'REST controller', 'src/co/fanki/project0/controller/Api1Controller.java', '2024-01-01 00:00:00'),
('97ae7c08-29f2-0361-3828-50fa1dc293e7', '5677b1e8-da1b-4dda-a5a5-71668d09f5f4', 'co.fanki.project0.controller.Api2Controller', 'Api2Controller', 'co.fanki.project0.controller', 'CONTROLLER', 'REST controller', 'src/co/fanki/project0/controller/Api2Controller.java', '2024-01-01 00:00:00'),
('09637efd-4dd9-25bd-cc70-30e0524612a7', '5677b1e8-da1b-4dda-a5a5-71668d09f5f4', 'co.fanki.project0.controller.Api3Controller', 'Api3Controller', 'co.fanki.project0.controller', 'CONTROLLER', 'REST controller', 'src/co/fanki/project0/controller/Api3Controller.java', '2024-01-01 00:00:00'),
('c5a90eb8-566f-6168-81ab-a4c0910ff1a1', '5677b1e8-da1b-4dda-a5a5-71668d09f5f4', 'co.fanki.project0.controller.Api4Controller', 'Api4Controller', 'co.fanki.project0.controller', 'CONTROLLER', 'REST controller', 'src/co/fanki/project0/controller/Api4Controller.java', '2024-01-01 00:00:00'),
('7c8a7bbb-853d-1f2e-7fe9-ea2d1a6a2753', '5677b1e8-da1b-4dda-a5a5-71668d09f5f4', 'co.fanki.project0.service.Business0Service', 'Business0Service', 'co.fanki.project0.service', 'SERVICE', 'Business service', 'src/co/fanki/project0/service/Business0Service.java', '2024-01-01 00:00:00'),
('65c1eba9-883a-e756-b196-3661c4d4e261', '5677b1e8-da1b-4dda-a5a5-71668d09f5f4', 'co.fanki.project0.service.Business1Service', 'Business1Service', 'co.fanki.project0.service', 'SERVICE', 'Business service', 'src/co/fanki/project0/service/Business1Service.java', '2024-01-01 00:00:00'),
('aebee456-32b5-b66c-2ce7-b6782a6cdc95', '5677b1e8-da1b-4dda-a5a5-71668d09f5f4', 'co.fanki.project0.domain.Entity0', 'Entity0', 'co.fanki.project0.domain', 'ENTITY', 'Domain entity', 'src/co/fanki/project0/domain/Entity0.java', '2024-01-01 00:00:00'),
('aba68a1a-231f-e121-1bdc-6befde61575a', '5677b1e8-da1b-4dda-a5a5-71668d09f5f4', 'co.fanki.project0.domain.Entity1', 'Entity1', 'co.fanki.project0.domain', 'ENTITY', 'Domain entity', 'src/co/fanki/project0/domain/Entity1.java', '2024-01-01 00:00:00'),
('c391c691-d3f3-c951-ce74-7a0a8fcfc817', '5677b1e8-da1b-4dda-a5a5-71668d09f5f4', 'co.fanki.project0.domain.Entity2', 'Entity2', 'co.fanki.project0.domain', 'ENTITY', 'Domain entity', 'src/co/fanki/project0/domain/Entity2.java', '2024-01-01 00:00:00'),
('626eaf00-6bfb-f01b-fe59-acf4e87b098b', '5677b1e8-da1b-4dda-a5a5-71668d09f5f4', 'co.fanki.project0.domain.Entity3', 'Entity3', 'co.fanki.project0.domain', 'ENTITY', 'Domain entity', 'src/co/fanki/project0/domain/Entity3.java', '2024-01-01 00:00:00'),
('e9833c16-423a-20d1-13b9-031f7c6dca10', '5677b1e8-da1b-4dda-a5a5-71668d09f5f4', 'co.fanki.project0.domain.Entity4', 'Entity4', 'co.fanki.project0.domain', 'ENTITY', 'Domain entity', 'src/co/fanki/project0/domain/Entity4.java', '2024-01-01 00:00:00'),
('abca9f06-9275-0188-7584-5b0dab488224', '5677b1e8-da1b-4dda-a5a5-71668d09f5f4', 'co.fanki.project0.domain.Entity5', 'Entity5', 'co.fanki.project0.domain', 'ENTITY', 'Domain entity', 'src/co/fanki/project0/domain/Entity5.java', '2024-01-01 00:00:00'),
('a2eecef9-e519-ef22-6b4f-5044c7fb9a36', '5677b1e8-da1b-4dda-a5a5-71668d09f5f4', 'co.fanki.project0.domain.Entity6', 'Entity6', 'co.fanki.project0.domain', 'ENTITY', 'Domain entity', 'src/co/fanki/project0/domain/Entity6.java', '2024-01-01 00:00:00'),
('039ead75-f898-38e5-5c3c-8289cf1d78ec', '5677b1e8-da1b-4dda-a5a5-71668d09f5f4', 'co.fanki.project0.domain.Entity7', 'Entity7', 'co.fanki.project0.domain', 'ENTITY', 'Domain entity', 'src/co/fanki/project0/domain/Entity7.java', '2024-01-01 00:00:00'),
('258725c9-e855-319b-fc40-b3c53685ed9f', '5677b1e8-da1b-4dda-a5a5-71668d09f5f4', 'co.fanki.project0.domain.Entity8', 'Entity8', 'co.fanki.project0.domain', 'ENTITY', 'Domain entity', 'src/co/fanki/project0/domain/Entity8.java', '2024-01-01 00:00:00'),
('62bc4b8a-06d9-6264-32c8-569b3ee073f6', '5677b1e8-da1b-4dda-a5a5-71668d09f5f4', 'co.fanki.project0.domain.Entity9', 'Entity9', 'co.fanki.project0.domain', 'ENTITY', 'Domain entity', 'src/co/fanki/project0/domain/Entity9.java', '2024-01-01 00:00:00');

INSERT INTO source_methods (id, class_id, method_name, description, http_method, http_path, line_number, created_at) VALUES
('4f62547f-b341-7a5f-3456-f25ed63fe8e6', 'b8b003b3-ebfe-9846-fc8e-8c66696648fa', 'handle', 'Handles request', 'GET', '/api/v1/resource0', 10, '2024-01-01 00:00:00'),
('590b0557-c7a4-c1ed-3c70-1467e90e6782', '53ef0bba-3fa9-c305-8e8b-fe810e9ed30b', 'handle', 'Handles request', 'GET', '/api/v1/resource1', 10, '2024-01-01 00:00:00'),
('b1be7297-4ec9-ac5e-1baf-44e9832b5da6', '97ae7c08-29f2-0361-3828-50fa1dc293e7', 'handle', 'Handles request', 'GET', '/api/v1/resource2', 10, '2024-01-01 00:00:00'),
('13cdf9b1-cf45-8e37-43b0-eb92eda1aaaa', '09637efd-4dd9-25bd-cc70-30e0524612a7', 'handle', 'Handles request', 'GET', '/api/v1/resource3', 10, '2024-01-01 00:00:00'),
('0255c577-49f9-6390-b646-f79ffd51f1f4', 'c5a90eb8-566f-6168-81ab-a4c0910ff1a1', 'handle', 'Handles request', 'GET', '/api/v1/resource4', 10, '2024-01-01 00:00:00'),
('178e0b40-3e2c-130c-e764-f2e5a3945f2e', '7c8a7bbb-853d-1f2e-7fe9-ea2d1a6a2753', 'create', 'Business logic', NULL, NULL, 10, '2024-01-01 00:00:00'),
('4adf2750-bacd-959d-d0be-735e0a008530', '7c8a7bbb-853d-1f2e-7fe9-ea2d1a6a2753', 'update', 'Business logic', NULL, NULL, 20, '2024-01-01 00:00:00'),
('d4913ecc-ed94-1860-89da-2e26564b0014', '7c8a7bbb-853d-1f2e-7fe9-ea2d1a6a2753', 'delete', 'Business logic', NULL, NULL, 30, '2024-01-01 00:00:00'),
('f3552cee-0c51-36b9-9db2-4471faeb214a', '7c8a7bbb-853d-1f2e-7fe9-ea2d1a6a2753', 'find', 'Business logic', NULL, NULL, 40, '2024-01-01 00:00:00'),
('458012da-2117-1f88-3ecd-4a1ee916fdef', '7c8a7bbb-853d-1f2e-7fe9-ea2d1a6a2753', 'process', 'Business logic', NULL, NULL, 50, '2024-01-01 00:00:00'),
('94cc31df-1496-8184-233c-143b691c491f', '65c1eba9-883a-e756-b196-3661c4d4e261', 'create', 'Business logic', NULL, NULL, 10, '2024-01-01 00:00:00'),
('2e0df996-41c1-bb2f-f250-0b2e3c131854', '65c1eba9-883a-e756-b196-3661c4d4e261', 'update', 'Business logic', NULL, NULL, 20, '2024-01-01 00:00:00'),
('b8e86aa0-6567-86fb-05b7-75f9cc51db37', '65c1eba9-883a-e756-b196-3661c4d4e261', 'delete', 'Business logic', NULL, NULL, 30, '2024-01-01 00:00:00'),
('d050313e-be0c-95b5-a6de-1180fda8dc98', '65c1eba9-883a-e756-b196-3661c4d4e261', 'find', 'Business logic', NULL, NULL, 40, '2024-01-01 00:00:00'),
('0d10652c-deb1-33bd-16ad-a278a6db6913', '65c1eba9-883a-e756-b196-3661c4d4e261', 'process', 'Business logic', NULL, NULL, 50, '2024-01-01 00:00:00'),
('8df57636-1a4e-a6df-0d85-30bd0e41bc57', 'aebee456-32b5-b66c-2ce7-b6782a6cdc95', 'getId', 'Entity method', NULL, NULL, 10, '2024-01-01 00:00:00'),
('f96f9d63-9acf-5360-e28b-9c44bec7009c', 'aebee456-32b5-b66c-2ce7-b6782a6cdc95', 'getName', 'Entity method', NULL, NULL, 20, '2024-01-01 00:00:00'),
('6cffeec3-db73-51c6-16a4-580b84296f1d', 'aebee456-32b5-b66c-2ce7-b6782a6cdc95', 'validate', 'Entity method', NULL, NULL, 30, '2024-01-01 00:00:00'),
('bc4cefdc-3f8a-f337-be99-fa77e7e91939', 'aba68a1a-231f-e121-1bdc-6befde61575a', 'getId', 'Entity method', NULL, NULL, 10, '2024-01-01 00:00:00'),
('54eb3ec8-e991-5f6d-a052-2bc59f711a36', 'aba68a1a-231f-e121-1bdc-6befde61575a', 'getName', 'Entity method', NULL, NULL, 20, '2024-01-01 00:00:00'),
('d583da3f-ca94-f30c-0e41-048088447ec3', 'aba68a1a-231f-e121-1bdc-6befde61575a', 'validate', 'Entity method', NULL, NULL, 30, '2024-01-01 00:00:00'),
('a95ac221-8fb1-ca51-85c6-f6f954f02193', 'c391c691-d3f3-c951-ce74-7a0a8fcfc817', 'getId', 'Entity method', NULL, NULL, 10, '2024-01-01 00:00:00'),
('f9e1a1e0-c7ae-6409-de5b-d923ad37252a', 'c391c691-d3f3-c951-ce74-7a0a8fcfc817', 'getName', 'Entity method', NULL, NULL, 20, '2024-01-01 00:00:00'),
('803362e8-a0d1-f624-c8c0-b9f826dbe9c1', 'c391c691-d3f3-c951-ce74-7a0a8fcfc817', 'validate', 'Entity method', NULL, NULL, 30, '2024-01-01 00:00:00'),
('3245292e-b0d2-c109-dda7-4f061baa469c', '626eaf00-6bfb-f01b-fe59-acf4e87b098b', 'getId', 'Entity method', NULL, NULL, 10, '2024-01-01 00:00:00'),
('36de05db-3a1a-77a1-6914-24dc8687d298', '626eaf00-6bfb-f01b-fe59-acf4e87b098b', 'getName', 'Entity method', NULL, NULL, 20, '2024-01-01 00:00:00'),
('c8cb8a91-e0ae-9ee5-6482-650681772a5f', '626eaf00-6bfb-f01b-fe59-acf4e87b098b', 'validate', 'Entity method', NULL, NULL, 30, '2024-01-01 00:00:00'),
('52cde2d4-b6d1-ff4c-e296-a37d0b32fb4a', 'e9833c16-423a-20d1-13b9-031f7c6dca10', 'getId', 'Entity method', NULL, NULL, 10, '2024-01-01 00:00:00'),
('812adaba-edbd-255d-8d7d-32ac384b8703', 'e9833c16-423a-20d1-13b9-031f7c6dca10', 'getName', 'Entity method', NULL, NULL, 20, '2024-01-01 00:00:00'),
('3899a69e-2f7c-c0f9-3f61-6d1f4a56cab0', 'e9833c16-423a-20d1-13b9-031f7c6dca10', 'validate', 'Entity method', NULL, NULL, 30, '2024-01-01 00:00:00'),
('4dd8058b-f3c6-c8a3-7716-3a17c127f3fa', 'abca9f06-9275-0188-7584-5b0dab488224', 'getId', 'Entity method', NULL, NULL, 10, '2024-01-01 00:00:00'),
('f07a2e8e-99f3-4441-4ab5-52e06ff07a0f', 'abca9f06-9275-0188-7584-5b0dab488224', 'getName', 'Entity method', NULL, NULL, 20, '2024-01-01 00:00:00'),
('2e5c5c74-d7c3-75e1-ff43-f6052728acf4', 'abca9f06-9275-0188-7584-5b0dab488224', 'validate', 'Entity method', NULL, NULL, 30, '2024-01-01 00:00:00'),
('1554e32a-50c6-081c-759e-298b256fbb69', 'a2eecef9-e519-ef22-6b4f-5044c7fb9a36', 'getId', 'Entity method', NULL, NULL, 10, '2024-01-01 00:00:00'),
('11e20e88-8f08-6504-e059-4aea8d88a753', 'a2eecef9-e519-ef22-6b4f-5044c7fb9a36', 'getName', 'Entity method', NULL, NULL, 20, '2024-01-01 00:00:00'),
('2f789f1e-6e2d-8251-7b25-b90db6165a18', 'a2eecef9-e519-ef22-6b4f-5044c7fb9a36', 'validate', 'Entity method', NULL, NULL, 30, '2024-01-01 00:00:00'),
('058fb740-cb68-a2a3-5054-977fb9c94549', '039ead75-f898-38e5-5c3c-8289cf1d78ec', 'getId', 'Entity method', NULL, NULL, 10, '2024-01-01 00:00:00'),
('8ce8315c-6f73-bbab-fdfc-6ec4942b38d8', '039ead75-f898-38e5-5c3c-8289cf1d78ec', 'getName', 'Entity method', NULL, NULL, 20, '2024-01-01 00:00:00'),
('41d578c0-1923-7788-d480-9b7154628d6c', '039ead75-f898-38e5-5c3c-8289cf1d78ec', 'validate', 'Entity method', NULL, NULL, 30, '2024-01-01 00:00:00'),
('89e7ffad-3bca-9d40-b8ef-ce96da1610c5', '258725c9-e855-319b-fc40-b3c53685ed9f', 'getId', 'Entity method', NULL, NULL, 10, '2024-01-01 00:00:00'),
('461dde25-36a3-ad0c-72fe-90ceb45e6f8b', '258725c9-e855-319b-fc40-b3c53685ed9f', 'getName', 'Entity method', NULL, NULL, 20, '2024-01-01 00:00:00'),
('5ca23d38-1646-3d62-e6f3-7102dffa8f99', '258725c9-e855-319b-fc40-b3c53685ed9f', 'validate', 'Entity method', NULL, NULL, 30, '2024-01-01 00:00:00'),
('3d4193a9-9777-2128-f774-00afddbb53ba', '62bc4b8a-06d9-6264-32c8-569b3ee073f6', 'getId', 'Entity method', NULL, NULL, 10, '2024-01-01 00:00:00'),
('782f3cf2-89f6-68e5-a05f-87c8d50145c2', '62bc4b8a-06d9-6264-32c8-569b3ee073f6', 'getName', 'Entity method', NULL, NULL, 20, '2024-01-01 00:00:00'),
('1323eb97-acbb-f0d3-5b07-034f9c0c0f98', '62bc4b8a-06d9-6264-32c8-569b3ee073f6', 'validate', 'Entity method', NULL, NULL, 30, '2024-01-01 00:00:00');

INSERT INTO source_classes (id, project_id, full_class_name, simple_name, package_name, class_type, description, source_file, created_at) VALUES
('ca125a82-2c59-2bd6-ddd4-6bc4c2c341b9', '5617f551-8b12-50f8-8800-887f6efe0b49', 'co.fanki.project1.controller.Api0Controller', 'Api0Controller', 'co.fanki.project1.controller', 'CONTROLLER', 'REST controller', 'src/co/fanki/project1/controller/Api0Controller.java', '2024-01-01 00:00:00'),
('75efeb1d-40ad-aea6-e1e5-641a0d179c8e', '5617f551-8b12-50f8-8800-887f6efe0b49', 'co.fanki.project1.controller.Api1Controller', 'Api1Controller', 'co.fanki.project1.controller', 'CONTROLLER', 'REST controller', 'src/co/fanki/project1/controller/Api1Controller.java', '2024-01-01 00:00:00'),
('ce8123fb-7071-3e3a-f1b8-60d0a93fad5b', '5617f551-8b12-50f8-8800-887f6efe0b49', 'co.fanki.project1.controller.Api2Controller', 'Api2Controller', 'co.fanki.project1.controller', 'CONTROLLER', 'REST controller', 'src/co/fanki/project1/controller/Api2Controller.java', '2024-01-01 00:00:00'),
('60075d64-8c24-cc12-d7a0-cdf0a9819ba5', '5617f551-8b12-50f8-8800-887f6efe0b49', 'co.fanki.project1.controller.Api3Controller', 'Api3Controller', 'co.fanki.project1.controller', 'CONTROLLER', 'REST controller', 'src/co/fanki/project1/controller/Api3Controller.java', '2024-01-01 00:00:00'),
('87b14728-5f52-c2af-46a7-6587d31c0f98', '5617f551-8b12-50f8-8800-887f6efe0b49', 'co.fanki.project1.controller.Api4Controller', 'Api4Controller', 'co.fanki.project1.controller', 'CONTROLLER', 'REST controller', 'src/co/fanki/project1/controller/Api4Controller.java', '2024-01-01 00:00:00'),
('4364dfb0-b141-e8bb-b2fe-d504277cc912', '5617f551-8b12-50f8-8800-887f6efe0b49', 'co.fanki.project1.service.Business0Service', 'Business0Service', 'co.fanki.project1.service', 'SERVICE', 'Business service', 'src/co/fanki/project1/service/Business0Service.java', '2024-01-01 00:00:00'),
('e18cd33f-04ef-8884-4eff-0ffa2af0e305', '5617f551-8b12-50f8-8800-887f6efe0b49', 'co.fanki.project1.service.Business1Service', 'Business1Service', 'co.fanki.project1.service', 'SERVICE', 'Business service', 'src/co/fanki/project1/service/Business1Service.java', '2024-01-01 00:00:00'),
('ae26f583-d1fa-b5bd-c748-31d062e16ed8', '5617f551-8b12-50f8-8800-887f6efe0b49', 'co.fanki.project1.domain.Entity0', 'Entity0', 'co.fanki.project1.domain', 'ENTITY', 'Domain entity', 'src/co/fanki/project1/domain/Entity0.java', '2024-01-01 00:00:00'),
('7071e198-28db-420f-7809-a328558ea941', '5617f551-8b12-50f8-8800-887f6efe0b49', 'co.fanki.project1.domain.Entity1', 'Entity1', 'co.fanki.project1.domain', 'ENTITY', 'Domain entity', 'src/co/fanki/project1/domain/Entity1.java', '2024-01-01 00:00:00'),
('d0e47b5a-bd55-7fff-6d1d-af961554ebaa', '5617f551-8b12-50f8-8800-887f6efe0b49', 'co.fanki.project1.domain.Entity2', 'Entity2', 'co.fanki.project1.domain', 'ENTITY', 'Domain entity', 'src/co/fanki/project1/domain/Entity2.java', '2024-01-01 00:00:00'),
('8c10f551-69e6-0a9c-85e8-77e094971b47', '5617f551-8b12-50f8-8800-887f6efe0b49', 'co.fanki.project1.domain.Entity3', 'Entity3', 'co.fanki.project1.domain', 'ENTITY', 'Domain entity', 'src/co/fanki/project1/domain/Entity3.java', '2024-01-01 00:00:00'),
('2aed53e5-7b52-dbed-93ba-9f49a728d092', '5617f551-8b12-50f8-8800-887f6efe0b49', 'co.fanki.project1.domain.Entity4', 'Entity4', 'co.fanki.project1.domain', 'ENTITY', 'Domain entity', 'src/co/fanki/project1/domain/Entity4.java', '2024-01-01 00:00:00'),
('c7650923-f633-0932-b297-92e687e69c46', '5617f551-8b12-50f8-8800-887f6efe0b49', 'co.fanki.project1.domain.Entity5', 'Entity5', 'co.fanki.project1.domain', 'ENTITY', 'Domain entity', 'src/co/fanki/project1/domain/Entity5.java', '2024-01-01 00:00:00'),
('60cfabdf-46a0-67ca-dacd-bbc5d73aa6ba', '5617f551-8b12-50f8-8800-887f6efe0b49', 'co.fanki.project1.domain.Entity6', 'Entity6', 'co.fanki.project1.domain', 'ENTITY', 'Domain entity', 'src/co/fanki/project1/domain/Entity6.java', '2024-01-01 00:00:00'),
('fda4c332-5aa5-8306-83de-8a060180014d', '5617f551-8b12-50f8-8800-887f6efe0b49', 'co.fanki.project1.domain.Entity7', 'Entity7', 'co.fanki.project1.domain', 'ENTITY', 'Domain entity', 'src/co/fanki/project1/domain/Entity7.java', '2024-01-01 00:00:00'),
('519c515c-b3ca-7a09-ce04-584eb1e84d24', '5617f551-8b12-50f8-8800-887f6efe0b49', 'co.fanki.project1.domain.Entity8', 'Entity8', 'co.fanki.project1.domain', 'ENTITY', 'Domain entity', 'src/co/fanki/project1/domain/Entity8.java', '2024-01-01 00:00:00'),
('631c98bf-6f9f-0552-5699-fc1c2dd28633', '5617f551-8b12-50f8-8800-887f6efe0b49', 'co.fanki.project1.domain.Entity9', 'Entity9', 'co.fanki.project1.domain', 'ENTITY', 'Domain entity', 'src/co/fanki/project1/domain/Entity9.java', '2024-01-01 00:00:00');

INSERT INTO source_methods (id, class_id, method_name, description, http_method, http_path, line_number, created_at) VALUES
('d65d12b8-e3b2-5be9-1c27-e90edd1e685f', 'ca125a82-2c59-2bd6-ddd4-6bc4c2c341b9', 'handle', 'Handles request', 'GET', '/api/v1/resource0', 10, '2024-01-01 00:00:00'),
('45196239-a928-2a74-fe44-383bbeb4c4cc', '75efeb1d-40ad-aea6-e1e5-641a0d179c8e', 'handle', 'Handles request', 'GET', '/api/v1/resource1', 10, '2024-01-01 00:00:00'),
('c76f82d2-8eff-7af5-ee65-1859a1aba338', 'ce8123fb-7071-3e3a-f1b8-60d0a93fad5b', 'handle', 'Handles request', 'GET', '/api/v1/resource2', 10, '2024-01-01 00:00:00'),
('11421d6a-382e-9adb-f34f-41c1bb7bfc90', '60075d64-8c24-cc12-d7a0-cdf0a9819ba5', 'handle', 'Handles request', 'GET', '/api/v1/resource3', 10, '2024-01-01 00:00:00'),
('7363af41-4122-7eac-4878-88dcd33d0311', '87b14728-5f52-c2af-46a7-6587d31c0f98', 'handle', 'Handles request', 'GET', '/api/v1/resource4', 10, '2024-01-01 00:00:00'),
('34185c31-521b-9124-11dc-98e21b630032', '4364dfb0-b141-e8bb-b2fe-d504277cc912', 'create', 'Business logic', NULL, NULL, 10, '2024-01-01 00:00:00'),
('08406151-4988-9f69-b685-818d20bba1b2', '4364dfb0-b141-e8bb-b2fe-d504277cc912', 'update', 'Business logic', NULL, NULL, 20, '2024-01-01 00:00:00'),
('2acb9433-9652-39c0-5376-ea67cca2df59', '4364dfb0-b141-e8bb-b2fe-d504277cc912', 'delete', 'Business logic', NULL, NULL, 30, '2024-01-01 00:00:00'),
('6a2ce0b5-b786-8524-bf34-1d29604f8272', '4364dfb0-b141-e8bb-b2fe-d504277cc912', 'find', 'Business logic', NULL, NULL, 40, '2024-01-01 00:00:00'),
('2a4f157d-e0c3-459b-2015-506f55b1ad22', '4364dfb0-b141-e8bb-b2fe-d504277cc912', 'process', 'Business logic', NULL, NULL, 50, '2024-01-01 00:00:00'),
('a416c2f8-54bb-81c8-a675-1d869570db36', 'e18cd33f-04ef-8884-4eff-0ffa2af0e305', 'create', 'Business logic', NULL, NULL, 10, '2024-01-01 00:00:00'),
('19423a07-2359-5ff9-f6fe-78b247ca103e', 'e18cd33f-04ef-8884-4eff-0ffa2af0e305', 'update', 'Business logic', NULL, NULL, 20, '2024-01-01 00:00:00'),
('2fec0f81-ae25-51ed-b74e-491b21f7fe98', 'e18cd33f-04ef-8884-4eff-0ffa2af0e305', 'delete', 'Business logic', NULL, NULL, 30, '2024-01-01 00:00:00'),
('f6a8922e-8bde-747d-5fd8-300cb2644d2a', 'e18cd33f-04ef-8884-4eff-0ffa2af0e305', 'find', 'Business logic', NULL, NULL, 40, '2024-01-01 00:00:00'),
('f1537a87-8a64-5499-e138-46749abbd8a7', 'e18cd33f-04ef-8884-4eff-0ffa2af0e305', 'process', 'Business logic', NULL, NULL, 50, '2024-01-01 00:00:00'),
('ff3e3482-3625-ed1c-baf6-b1c237d302c9', 'ae26f583-d1fa-b5bd-c748-31d062e16ed8', 'getId', 'Entity method', NULL, NULL, 10, '2024-01-01 00:00:00'),
('33b092b4-e5e1-9d29-a90c-3fb33eda1f48', 'ae26f583-d1fa-b5bd-c748-31d062e16ed8', 'getName', 'Entity method', NULL, NULL, 20, '2024-01-01 00:00:00'),
('2bdfaf9c-dce7-2c94-7d18-b91ea9df0a5f', 'ae26f583-d1fa-b5bd-c748-31d062e16ed8', 'validate', 'Entity method', NULL, NULL, 30, '2024-01-01 00:00:00'),
('b596567e-447a-bab0-fa1a-fad8ee1cc10d', '7071e198-28db-420f-7809-a328558ea941', 'getId', 'Entity method', NULL, NULL, 10, '2024-01-01 00:00:00'),
('a555d8b9-664c-845a-33bc-68cb58922f54', '7071e198-28db-420f-7809-a328558ea941', 'getName', 'Entity method', NULL, NULL, 20, '2024-01-01 00:00:00'),
('6507f768-263f-5377-989c-9e2e27f11c13', '7071e198-28db-420f-7809-a328558ea941', 'validate', 'Entity method', NULL, NULL, 30, '2024-01-01 00:00:00'),
('d155dd98-ae31-c9ae-c169-f40d690379a8', 'd0e47b5a-bd55-7fff-6d1d-af961554ebaa', 'getId', 'Entity method', NULL, NULL, 10, '2024-01-01 00:00:00'),
('7c812fb7-2f5c-4514-cb04-d562e0c6427d', 'd0e47b5a-bd55-7fff-6d1d-af961554ebaa', 'getName', 'Entity method', NULL, NULL, 20, '2024-01-01 00:00:00'),
('2229332f-a95c-a81b-a2fb-d3404944166b', 'd0e47b5a-bd55-7fff-6d1d-af961554ebaa', 'validate', 'Entity method', NULL, NULL, 30, '2024-01-01 00:00:00'),
('409e9e9e-9d57-db8a-7fbf-a6f5bc35ebd4', '8c10f551-69e6-0a9c-85e8-77e094971b47', 'getId', 'Entity method', NULL, NULL, 10, '2024-01-01 00:00:00'),
('faed6083-f01c-e849-7519-45491883fe45', '8c10f551-69e6-0a9c-85e8-77e094971b47', 'getName', 'Entity method', NULL, NULL, 20, '2024-01-01 00:00:00'),
('aefd1618-826a-aec7-b1ed-09de150e64a5', '8c10f551-69e6-0a9c-85e8-77e094971b47', 'validate', 'Entity method', NULL, NULL, 30, '2024-01-01 00:00:00'),
('bf0312b4-432e-f661-bc9c-e9b68ac14524', '2aed53e5-7b52-dbed-93ba-9f49a728d092', 'getId', 'Entity method', NULL, NULL, 10, '2024-01-01 00:00:00'),
('0606a5c6-5ac0-f21a-104f-df65f330f6b1', '2aed53e5-7b52-dbed-93ba-9f49a728d092', 'getName', 'Entity method', NULL, NULL, 20, '2024-01-01 00:00:00'),
('7932353e-1ba1-b8a7-b048-18072d236e49', '2aed53e5-7b52-dbed-93ba-9f49a728d092', 'validate', 'Entity method', NULL, NULL, 30, '2024-01-01 00:00:00'),
('ea8eb6cb-0577-5163-eea7-d53c5279e7e1', 'c7650923-f633-0932-b297-92e687e69c46', 'getId', 'Entity method', NULL, NULL, 10, '2024-01-01 00:00:00'),
('04392963-f1be-9e0e-f4f2-5e9b4ff29e97', 'c7650923-f633-0932-b297-92e687e69c46', 'getName', 'Entity method', NULL, NULL, 20, '2024-01-01 00:00:00'),
('eefe38d3-465d-0fbc-c59f-15cf0edc2f0d', 'c7650923-f633-0932-b297-92e687e69c46', 'validate', 'Entity method', NULL, NULL, 30, '2024-01-01 00:00:00'),
('7aa5176d-6cea-0227-bfdb-22ea836d2166', '60cfabdf-46a0-67ca-dacd-bbc5d73aa6ba', 'getId', 'Entity method', NULL, NULL, 10, '2024-01-01 00:00:00'),
('3fa0e676-23af-848f-d1ed-8ca2b42ef33b', '60cfabdf-46a0-67ca-dacd-bbc5d73aa6ba', 'getName', 'Entity method', NULL, NULL, 20, '2024-01-01 00:00:00'),
('9d0f15ca-ba3a-7a49-61be-016f00cfb462', '60cfabdf-46a0-67ca-dacd-bbc5d73aa6ba', 'validate', 'Entity method', NULL, NULL, 30, '2024-01-01 00:00:00'),
('15be4850-979a-6172-e0e2-f673c3bab4f5', 'fda4c332-5aa5-8306-83de-8a060180014d', 'getId', 'Entity method', NULL, NULL, 10, '2024-01-01 00:00:00'),
('6dbd9889-4903-694f-1887-c79704cb064f', 'fda4c332-5aa5-8306-83de-8a060180014d', 'getName', 'Entity method', NULL, NULL, 20, '2024-01-01 00:00:00'),
('5ad181ee-7289-3453-ad1a-ae23d3e5241e', 'fda4c332-5aa5-8306-83de-8a060180014d', 'validate', 'Entity method', NULL, NULL, 30, '2024-01-01 00:00:00'),
('035c413a-95cc-bb36-a299-31e9c3fc7691', '519c515c-b3ca-7a09-ce04-584eb1e84d24', 'getId', 'Entity method', NULL, NULL, 10, '2024-01-01 00:00:00'),
('177ccb2f-b3f8-f775-0a97-737a05b9649e', '519c515c-b3ca-7a09-ce04-584eb1e84d24', 'getName', 'Entity method', NULL, NULL, 20, '2024-01-01 00:00:00'),
('160ca56d-ed21-d8d5-e658-a0a39770b2a9', '519c515c-b3ca-7a09-ce04-584eb1e84d24', 'validate', 'Entity method', NULL, NULL, 30, '2024-01-01 00:00:00'),
('f394ac8e-ed6d-59ee-650a-2f260e70ba53', '631c98bf-6f9f-0552-5699-fc1c2dd28633', 'getId', 'Entity method', NULL, NULL, 10, '2024-01-01 00:00:00'),
('b347a1c1-693b-aaed-cb05-d90641769367', '631c98bf-6f9f-0552-5699-fc1c2dd28633', 'getName', 'Entity method', NULL, NULL, 20, '2024-01-01 00:00:00'),
('e782c21c-1aa0-e591-6192-7e5cdc96e1b1', '631c98bf-6f9f-0552-5699-fc1c2dd28633', 'validate', 'Entity method', NULL, NULL, 30, '2024-01-01 00:00:00');

INSERT INTO source_classes (id, project_id, full_class_name, simple_name, package_name, class_type, description, source_file, created_at) VALUES
('21c881ee-43d0-c5bd-d372-6584af6954bc', '3f8b79d1-d4ef-6f6b-a25b-d96befea90fe', 'co.fanki.project2.controller.Api0Controller', 'Api0Controller', 'co.fanki.project2.controller', 'CONTROLLER', 'REST controller', 'src/co/fanki/project2/controller/Api0Controller.java', '2024-01-01 00:00:00'),
('9bb7c844-26d3-5564-c410-90b7d461a2a4', '3f8b79d1-d4ef-6f6b-a25b-d96befea90fe', 'co.fanki.project2.controller.Api1Controller', 'Api1Controller', 'co.fanki.project2.controller', 'CONTROLLER', 'REST controller', 'src/co/fanki/project2/controller/Api1Controller.java', '2024-01-01 00:00:00'),
('50b772dd-2c01-169b-31c8-afaadc66c8dc', '3f8b79d1-d4ef-6f6b-a25b-d96befea90fe', 'co.fanki.project2.controller.Api2Controller', 'Api2Controller', 'co.fanki.project2.controller', 'CONTROLLER', 'REST controller', 'src/co/fanki/project2/controller/Api2Controller.java', '2024-01-01 00:00:00'),
('ff5353bb-6678-8908-c490-a5b051a9f0ec', '3f8b79d1-d4ef-6f6b-a25b-d96befea90fe', 'co.fanki.project2.controller.Api3Controller', 'Api3Controller', 'co.fanki.project2.controller', 'CONTROLLER', 'REST controller', 'src/co/fanki/project2/controller/Api3Controller.java', '2024-01-01 00:00:00'),
('cd209c50-749d-7f9a-ae7b-c30c81627a44', '3f8b79d1-d4ef-6f6b-a25b-d96befea90fe', 'co.fanki.project2.controller.Api4Controller', 'Api4Controller', 'co.fanki.project2.controller', 'CONTROLLER', 'REST controller', 'src/co/fanki/project2/controller/Api4Controller.java', '2024-01-01 00:00:00'),
('d816df66-a2df-db8d-5641-ba9b526a13f6', '3f8b79d1-d4ef-6f6b-a25b-d96befea90fe', 'co.fanki.project2.service.Business0Service', 'Business0Service', 'co.fanki.project2.service', 'SERVICE', 'Business service', 'src/co/fanki/project2/service/Business0Service.java', '2024-01-01 00:00:00'),
('425d9b56-fdd9-59bb-1505-2b5953a0b8df', '3f8b79d1-d4ef-6f6b-a25b-d96befea90fe', 'co.fanki.project2.service.Business1Service', 'Business1Service', 'co.fanki.project2.service', 'SERVICE', 'Business service', 'src/co/fanki/project2/service/Business1Service.java', '2024-01-01 00:00:00'),
('afdcee57-f228-605f-7540-1e38468b8726', '3f8b79d1-d4ef-6f6b-a25b-d96befea90fe', 'co.fanki.project2.domain.Entity0', 'Entity0', 'co.fanki.project2.domain', 'ENTITY', 'Domain entity', 'src/co/fanki/project2/domain/Entity0.java', '2024-01-01 00:00:00'),
('f8dbf0e3-31f6-8e80-4a4b-ff6051355550', '3f8b79d1-d4ef-6f6b-a25b-d96befea90fe', 'co.fanki.project2.domain.Entity1', 'Entity1', 'co.fanki.project2.domain', 'ENTITY', 'Domain entity', 'src/co/fanki/project2/domain/Entity1.java', '2024-01-01 00:00:00'),
('d70197cf-dcd7-af8a-49f9-005a1712fde8', '3f8b79d1-d4ef-6f6b-a25b-d96befea90fe', 'co.fanki.project2.domain.Entity2', 'Entity2', 'co.fanki.project2.domain', 'ENTITY', 'Domain entity', 'src/co/fanki/project2/domain/Entity2.java', '2024-01-01 00:00:00'),
('cef330e3-cac1-e607-c129-7771c9e58932', '3f8b79d1-d4ef-6f6b-a25b-d96befea90fe', 'co.fanki.project2.domain.Entity3', 'Entity3', 'co.fanki.project2.domain', 'ENTITY', 'Domain entity', 'src/co/fanki/project2/domain/Entity3.java', '2024-01-01 00:00:00'),
('ac8f5606-a8ac-0308-3266-fda01fa339a2', '3f8b79d1-d4ef-6f6b-a25b-d96befea90fe', 'co.fanki.project2.domain.Entity4', 'Entity4', 'co.fanki.project2.domain', 'ENTITY', 'Domain entity', 'src/co/fanki/project2/domain/Entity4.java', '2024-01-01 00:00:00'),
('9edbfb81-51ec-618e-7787-5e0ef7a3292e', '3f8b79d1-d4ef-6f6b-a25b-d96befea90fe', 'co.fanki.project2.domain.Entity5', 'Entity5', 'co.fanki.project2.domain', 'ENTITY', 'Domain entity', 'src/co/fanki/project2/domain/Entity5.java', '2024-01-01 00:00:00'),
('e302291a-37ba-74e7-385f-7513608f6f4b', '3f8b79d1-d4ef-6f6b-a25b-d96befea90fe', 'co.fanki.project2.domain.Entity6', 'Entity6', 'co.fanki.project2.domain', 'ENTITY', 'Domain entity', 'src/co/fanki/project2/domain/Entity6.java', '2024-01-01 00:00:00'),
('0c23f39d-06fd-9a63-dac6-224b8077c63c', '3f8b79d1-d4ef-6f6b-a25b-d96befea90fe', 'co.fanki.project2.domain.Entity7', 'Entity7', 'co.fanki.project2.domain', 'ENTITY', 'Domain entity', 'src/co/fanki/project2/domain/Entity7.java', '2024-01-01 00:00:00'),
('96721903-15be-f6af-fdf5-40a98c68bf8d', '3f8b79d1-d4ef-6f6b-a25b-d96befea90fe', 'co.fanki.project2.domain.Entity8', 'Entity8', 'co.fanki.project2.domain', 'ENTITY', 'Domain entity', 'src/co/fanki/project2/domain/Entity8.java', '2024-01-01 00:00:00'),
('ab9aa6df-18a5-d0f2-c1ee-1d294869c359', '3f8b79d1-d4ef-6f6b-a25b-d96befea90fe', 'co.fanki.project2.domain.Entity9', 'Entity9', 'co.fanki.project2.domain', 'ENTITY', 'Domain entity', 'src/co/fanki/project2/domain/Entity9.java', '2024-01-01 00:00:00');

INSERT INTO source_methods (id, class_id, method_name, description, http_method, http_path, line_number, created_at) VALUES
('17bc37c5-c71b-b1a8-cf6b-7f4c0edbda4c', '21c881ee-43d0-c5bd-d372-6584af6954bc', 'handle', 'Handles request', 'GET', '/api/v1/resource0', 10, '2024-01-01 00:00:00'),
('4990ec06-f3b5-a88a-0920-0f5658b5b155', '9bb7c844-26d3-5564-c410-90b7d461a2a4', 'handle', 'Handles request', 'GET', '/api/v1/resource1', 10, '2024-01-01 00:00:00'),
('0784b07a-218f-f3a2-476b-95d711eb9dde', '50b772dd-2c01-169b-31c8-afaadc66c8dc', 'handle', 'Handles request', 'GET', '/api/v1/resource2', 10, '2024-01-01 00:00:00'),
('621a5bb1-138c-384b-a010-8631f4283b7f', 'ff5353bb-6678-8908-c490-a5b051a9f0ec', 'handle', 'Handles request', 'GET', '/api/v1/resource3', 10, '2024-01-01 00:00:00'),
('8073abd1-3831-a886-e1f5-d42ca114e643', 'cd209c50-749d-7f9a-ae7b-c30c81627a44', 'handle', 'Handles request', 'GET', '/api/v1/resource4', 10, '2024-01-01 00:00:00'),
('d970357a-563a-3599-0cc2-14ee6d9baec6', 'd816df66-a2df-db8d-5641-ba9b526a13f6', 'create', 'Business logic', NULL, NULL, 10, '2024-01-01 00:00:00'),
('977f984b-d3d6-66e0-ceb4-2c0b2ab09926', 'd816df66-a2df-db8d-5641-ba9b526a13f6', 'update', 'Business logic', NULL, NULL, 20, '2024-01-01 00:00:00'),
('2279cf93-209a-f4cd-5605-3495da6ed289', 'd816df66-a2df-db8d-5641-ba9b526a13f6', 'delete', 'Business logic', NULL, NULL, 30, '2024-01-01 00:00:00'),
('d802f172-c040-b73c-7edb-a8a04d6cea4f', 'd816df66-a2df-db8d-5641-ba9b526a13f6', 'find', 'Business logic', NULL, NULL, 40, '2024-01-01 00:00:00'),
('46afb257-db34-c67e-3ba1-6a3a4cc277aa', 'd816df66-a2df-db8d-5641-ba9b526a13f6', 'process', 'Business logic', NULL, NULL, 50, '2024-01-01 00:00:00'),
('8f5d998d-ca31-ad6f-9f9c-aca52f162fb5', '425d9b56-fdd9-59bb-1505-2b5953a0b8df', 'create', 'Business logic', NULL, NULL, 10, '2024-01-01 00:00:00'),
('4feb2235-b1e9-c27d-679c-3e46e3740e58', '425d9b56-fdd9-59bb-1505-2b5953a0b8df', 'update', 'Business logic', NULL, NULL, 20, '2024-01-01 00:00:00'),
('1ff48676-98d3-24e0-dc54-6858ed860c53', '425d9b56-fdd9-59bb-1505-2b5953a0b8df', 'delete', 'Business logic', NULL, NULL, 30, '2024-01-01 00:00:00'),
('630e68c8-11fb-6412-d1d4-92be0917128c', '425d9b56-fdd9-59bb-1505-2b5953a0b8df', 'find', 'Business logic', NULL, NULL, 40, '2024-01-01 00:00:00'),
('54f82c49-a068-6aec-71f4-90f6a09adae7', '425d9b56-fdd9-59bb-1505-2b5953a0b8df', 'process', 'Business logic', NULL, NULL, 50, '2024-01-01 00:00:00'),
('459fcfe0-9786-d8b3-75fc-2b07db834496', 'afdcee57-f228-605f-7540-1e38468b8726', 'getId', 'Entity method', NULL, NULL, 10, '2024-01-01 00:00:00'),
('185be8a7-90a0-2c5c-1476-acdd4901f6e1', 'afdcee57-f228-605f-7540-1e38468b8726', 'getName', 'Entity method', NULL, NULL, 20, '2024-01-01 00:00:00'),
('dd283c7c-f736-1e3f-ec4d-2744a0f523e7', 'afdcee57-f228-605f-7540-1e38468b8726', 'validate', 'Entity method', NULL, NULL, 30, '2024-01-01 00:00:00'),
('f9802f2a-e689-e381-90dd-0b6ad7d9ad1b', 'f8dbf0e3-31f6-8e80-4a4b-ff6051355550', 'getId', 'Entity method', NULL, NULL, 10, '2024-01-01 00:00:00'),
('b3c3d4b3-7a41-1041-0cc2-37b7fd11c4af', 'f8dbf0e3-31f6-8e80-4a4b-ff6051355550', 'getName', 'Entity method', NULL, NULL, 20, '2024-01-01 00:00:00'),
('a8ab266a-9da9-9f72-3554-0d061b9aacbd', 'f8dbf0e3-31f6-8e80-4a4b-ff6051355550', 'validate', 'Entity method', NULL, NULL, 30, '2024-01-01 00:00:00'),
('ad4bddde-3503-3199-bf8c-059980db1ade', 'd70197cf-dcd7-af8a-49f9-005a1712fde8', 'getId', 'Entity method', NULL, NULL, 10, '2024-01-01 00:00:00'),
('1672f5c8-3567-f8ff-84c5-2542f1a17eac', 'd70197cf-dcd7-af8a-49f9-005a1712fde8', 'getName', 'Entity method', NULL, NULL, 20, '2024-01-01 00:00:00'),
('e083be46-8b16-409e-8650-a101956d378e', 'd70197cf-dcd7-af8a-49f9-005a1712fde8', 'validate', 'Entity method', NULL, NULL, 30, '2024-01-01 00:00:00'),
('365c8b88-8897-1655-452a-8be4d5c10c64', 'cef330e3-cac1-e607-c129-7771c9e58932', 'getId', 'Entity method', NULL, NULL, 10, '2024-01-01 00:00:00'),
('3501d57c-a5dc-d1eb-dbcb-08a2bbb0176d', 'cef330e3-cac1-e607-c129-7771c9e58932', 'getName', 'Entity method', NULL, NULL, 20, '2024-01-01 00:00:00'),
('61a5fa49-9f0b-cbcc-23fd-69d716b9d954', 'cef330e3-cac1-e607-c129-7771c9e58932', 'validate', 'Entity method', NULL, NULL, 30, '2024-01-01 00:00:00'),
('9c7244f9-6c98-0815-32c1-248234af1097', 'ac8f5606-a8ac-0308-3266-fda01fa339a2', 'getId', 'Entity method', NULL, NULL, 10, '2024-01-01 00:00:00'),
('ce7b97f3-87ac-495f-26b1-9e44154eedac', 'ac8f5606-a8ac-0308-3266-fda01fa339a2', 'getName', 'Entity method', NULL, NULL, 20, '2024-01-01 00:00:00'),
('a4f5852d-890d-ee57-1c3c-1ae25a2c0404', 'ac8f5606-a8ac-0308-3266-fda01fa339a2', 'validate', 'Entity method', NULL, NULL, 30, '2024-01-01 00:00:00'),
('f9aafde5-1ff7-b740-8c12-01c929e3005c', '9edbfb81-51ec-618e-7787-5e0ef7a3292e', 'getId', 'Entity method', NULL, NULL, 10, '2024-01-01 00:00:00'),
('2671b2fc-c3c3-c979-934f-33794747a305', '9edbfb81-51ec-618e-7787-5e0ef7a3292e', 'getName', 'Entity method', NULL, NULL, 20, '2024-01-01 00:00:00'),
('1272a7c6-0d37-8677-eb45-104ff99e5cff', '9edbfb81-51ec-618e-7787-5e0ef7a3292e', 'validate', 'Entity method', NULL, NULL, 30, '2024-01-01 00:00:00'),
('deb831a4-3af5-fff2-632b-363111a63754', 'e302291a-37ba-74e7-385f-7513608f6f4b', 'getId', 'Entity method', NULL, NULL, 10, '2024-01-01 00:00:00'),
('a2329817-217a-c4bf-7b8c-02bc6c6da396', 'e302291a-37ba-74e7-385f-7513608f6f4b', 'getName', 'Entity method', NULL, NULL, 20, '2024-01-01 00:00:00'),
('d0e3bb15-9db3-e7a6-f9b9-7161ea00c1f1', 'e302291a-37ba-74e7-385f-7513608f6f4b', 'validate', 'Entity method', NULL, NULL, 30, '2024-01-01 00:00:00'),
('c963b795-5c1b-f7e5-5adc-f01d2981f227', '0c23f39d-06fd-9a63-dac6-224b8077c63c', 'getId', 'Entity method', NULL, NULL, 10, '2024-01-01 00:00:00'),
('435c92f2-7312-e887-7912-8d1697c894de', '0c23f39d-06fd-9a63-dac6-224b8077c63c', 'getName', 'Entity method', NULL, NULL, 20, '2024-01-01 00:00:00'),
('9cb59c08-61c3-e030-003b-ffbd83df2f15', '0c23f39d-06fd-9a63-dac6-224b8077c63c', 'validate', 'Entity method', NULL, NULL, 30, '2024-01-01 00:00:00'),
('79181022-2f2c-030b-f3fb-4e8b349d6020', '96721903-15be-f6af-fdf5-40a98c68bf8d', 'getId', 'Entity method', NULL, NULL, 10, '2024-01-01 00:00:00'),
('08d612b2-163e-f998-bb4b-502001a65af5', '96721903-15be-f6af-fdf5-40a98c68bf8d', 'getName', 'Entity method', NULL, NULL, 20, '2024-01-01 00:00:00'),
('14150737-bead-9f25-f374-d57c2d02fdaa', '96721903-15be-f6af-fdf5-40a98c68bf8d', 'validate', 'Entity method', NULL, NULL, 30, '2024-01-01 00:00:00'),
('5c55340a-e58e-3f70-9bb0-a0d8b035f474', 'ab9aa6df-18a5-d0f2-c1ee-1d294869c359', 'getId', 'Entity method', NULL, NULL, 10, '2024-01-01 00:00:00'),
('8c5dc4cf-6edc-53f7-8eef-ae2db01524bf', 'ab9aa6df-18a5-d0f2-c1ee-1d294869c359', 'getName', 'Entity method', NULL, NULL, 20, '2024-01-01 00:00:00'),
('aa771482-6867-0426-af73-f45dd11fa8b6', 'ab9aa6df-18a5-d0f2-c1ee-1d294869c359', 'validate', 'Entity method', NULL, NULL, 30, '2024-01-01 00:00:00');

INSERT INTO source_classes (id, project_id, full_class_name, simple_name, package_name, class_type, description, source_file, created_at) VALUES
('dd731da0-75c9-c8e3-ca27-3ee0a2e29ef7', '42c2e426-1700-256a-0129-30b7ad662961', 'co.fanki.project3.controller.Api0Controller', 'Api0Controller', 'co.fanki.project3.controller', 'CONTROLLER', 'REST controller', 'src/co/fanki/project3/controller/Api0Controller.java', '2024-01-01 00:00:00'),
('329b5225-5984-8251-1edd-a118a297294b', '42c2e426-1700-256a-0129-30b7ad662961', 'co.fanki.project3.controller.Api1Controller', 'Api1Controller', 'co.fanki.project3.controller', 'CONTROLLER', 'REST controller', 'src/co/fanki/project3/controller/Api1Controller.java', '2024-01-01 00:00:00'),
('0f9d8cbe-b200-c521-ada3-62581e74d8e3', '42c2e426-1700-256a-0129-30b7ad662961', 'co.fanki.project3.controller.Api2Controller', 'Api2Controller', 'co.fanki.project3.controller', 'CONTROLLER', 'REST controller', 'src/co/fanki/project3/controller/Api2Controller.java', '2024-01-01 00:00:00'),
('9a926546-97bc-0f9c-fac4-57ac99d92227', '42c2e426-1700-256a-0129-30b7ad662961', 'co.fanki.project3.controller.Api3Controller', 'Api3Controller', 'co.fanki.project3.controller', 'CONTROLLER', 'REST controller', 'src/co/fanki/project3/controller/Api3Controller.java', '2024-01-01 00:00:00'),
('444cd88d-3b95-d7d6-d240-8e7475653393', '42c2e426-1700-256a-0129-30b7ad662961', 'co.fanki.project3.controller.Api4Controller', 'Api4Controller', 'co.fanki.project3.controller', 'CONTROLLER', 'REST controller', 'src/co/fanki/project3/controller/Api4Controller.java', '2024-01-01 00:00:00'),
('7ada80ce-8245-592a-c8a7-df2b7681409e', '42c2e426-1700-256a-0129-30b7ad662961', 'co.fanki.project3.service.Business0Service', 'Business0Service', 'co.fanki.project3.service', 'SERVICE', 'Business service', 'src/co/fanki/project3/service/Business0Service.java', '2024-01-01 00:00:00'),
('af118c7d-2928-8c39-60dc-6b8f6cc487ae', '42c2e426-1700-256a-0129-30b7ad662961', 'co.fanki.project3.service.Business1Service', 'Business1Service', 'co.fanki.project3.service', 'SERVICE', 'Business service', 'src/co/fanki/project3/service/Business1Service.java', '2024-01-01 00:00:00'),
('f89875b3-891c-bf1b-fda6-c98985ee1789', '42c2e426-1700-256a-0129-30b7ad662961', 'co.fanki.project3.domain.Entity0', 'Entity0', 'co.fanki.project3.domain', 'ENTITY', 'Domain entity', 'src/co/fanki/project3/domain/Entity0.java', '2024-01-01 00:00:00'),
('05fd8f96-e217-c51b-3ef6-78c8c7570e84', '42c2e426-1700-256a-0129-30b7ad662961', 'co.fanki.project3.domain.Entity1', 'Entity1', 'co.fanki.project3.domain', 'ENTITY', 'Domain entity', 'src/co/fanki/project3/domain/Entity1.java', '2024-01-01 00:00:00'),
('69e0b079-22fe-e5d6-ea89-801b23d99634', '42c2e426-1700-256a-0129-30b7ad662961', 'co.fanki.project3.domain.Entity2', 'Entity2', 'co.fanki.project3.domain', 'ENTITY', 'Domain entity', 'src/co/fanki/project3/domain/Entity2.java', '2024-01-01 00:00:00'),
('bc5e41b5-f294-c2a9-c745-a646e8367b65', '42c2e426-1700-256a-0129-30b7ad662961', 'co.fanki.project3.domain.Entity3', 'Entity3', 'co.fanki.project3.domain', 'ENTITY', 'Domain entity', 'src/co/fanki/project3/domain/Entity3.java', '2024-01-01 00:00:00'),
('cf2afacc-9abf-5cf7-04b6-decb30211c20', '42c2e426-1700-256a-0129-30b7ad662961', 'co.fanki.project3.domain.Entity4', 'Entity4', 'co.fanki.project3.domain', 'ENTITY', 'Domain entity', 'src/co/fanki/project3/domain/Entity4.java', '2024-01-01 00:00:00'),
('33df5d48-9f4e-1916-1be8-6a5538a4431e', '42c2e426-1700-256a-0129-30b7ad662961', 'co.fanki.project3.domain.Entity5', 'Entity5', 'co.fanki.project3.domain', 'ENTITY', 'Domain entity', 'src/co/fanki/project3/domain/Entity5.java', '2024-01-01 00:00:00'),
('e381a698-36f7-30bf-028d-fb01ee1accf8', '42c2e426-1700-256a-0129-30b7ad662961', 'co.fanki.project3.domain.Entity6', 'Entity6', 'co.fanki.project3.domain', 'ENTITY', 'Domain entity', 'src/co/fanki/project3/domain/Entity6.java', '2024-01-01 00:00:00'),
('af3f1bb2-6016-eea5-d059-c1bcd5aa2445', '42c2e426-1700-256a-0129-30b7ad662961', 'co.fanki.project3.domain.Entity7', 'Entity7', 'co.fanki.project3.domain', 'ENTITY', 'Domain entity', 'src/co/fanki/project3/domain/Entity7.java', '2024-01-01 00:00:00'),
('2a0fd30a-0b88-4705-32f6-c528dad60b78', '42c2e426-1700-256a-0129-30b7ad662961', 'co.fanki.project3.domain.Entity8', 'Entity8', 'co.fanki.project3.domain', 'ENTITY', 'Domain entity', 'src/co/fanki/project3/domain/Entity8.java', '2024-01-01 00:00:00'),
('a0ac9019-da4a-d0d6-d35b-cf40b7433ca4', '42c2e426-1700-256a-0129-30b7ad662961', 'co.fanki.project3.domain.Entity9', 'Entity9', 'co.fanki.project3.domain', 'ENTITY', 'Domain entity', 'src/co/fanki/project3/domain/Entity9.java', '2024-01-01 00:00:00');

INSERT INTO source_methods (id, class_id, method_name, description, http_method, http_path, line_number, created_at) VALUES
('522231b6-bf5a-c364-71a5-d4fbd4c18173', 'dd731da0-75c9-c8e3-ca27-3ee0a2e29ef7', 'handle', 'Handles request', 'GET', '/api/v1/resource0', 10, '2024-01-01 00:00:00'),
('2c1472b1-6660-7915-2ecf-eb1f2a24cbf5', '329b5225-5984-8251-1edd-a118a297294b', 'handle', 'Handles request', 'GET', '/api/v1/resource1', 10, '2024-01-01 00:00:00'),
('4c4ab175-1755-cb1f-e677-815abe962a56', '0f9d8cbe-b200-c521-ada3-62581e74d8e3', 'handle', 'Handles request', 'GET', '/api/v1/resource2', 10, '2024-01-01 00:00:00'),
('d28ed3b6-1704-15fd-1167-85efbecbea01', '9a926546-97bc-0f9c-fac4-57ac99d92227', 'handle', 'Handles request', 'GET', '/api/v1/resource3', 10, '2024-01-01 00:00:00'),
('cd2cef1f-5712-03fa-6377-4929e02d3f6d', '444cd88d-3b95-d7d6-d240-8e7475653393', 'handle', 'Handles request', 'GET', '/api/v1/resource4', 10, '2024-01-01 00:00:00'),
('07593c12-8fb9-1b4f-5aa4-374feffd89f3', '7ada80ce-8245-592a-c8a7-df2b7681409e', 'create', 'Business logic', NULL, NULL, 10, '2024-01-01 00:00:00'),
('e970592b-a75b-1541-260a-f14f098cb8ea', '7ada80ce-8245-592a-c8a7-df2b7681409e', 'update', 'Business logic', NULL, NULL, 20, '2024-01-01 00:00:00'),
('511a8601-651f-9326-005e-a2c0d7e2c0f8', '7ada80ce-8245-592a-c8a7-df2b7681409e', 'delete', 'Business logic', NULL, NULL, 30, '2024-01-01 00:00:00'),
('6775c7c7-479e-ca5e-6d08-a0786dac52d3', '7ada80ce-8245-592a-c8a7-df2b7681409e', 'find', 'Business logic', NULL, NULL, 40, '2024-01-01 00:00:00'),
('c802e41f-821f-2994-ffde-977164bc21c7', '7ada80ce-8245-592a-c8a7-df2b7681409e', 'process', 'Business logic', NULL, NULL, 50, '2024-01-01 00:00:00'),
('53a6e499-6e4f-4eff-dbd3-ba65081923b0', 'af118c7d-2928-8c39-60dc-6b8f6cc487ae', 'create', 'Business logic', NULL, NULL, 10, '2024-01-01 00:00:00'),
('e5f30582-bf58-dec8-e134-012b9db8c8d1', 'af118c7d-2928-8c39-60dc-6b8f6cc487ae', 'update', 'Business logic', NULL, NULL, 20, '2024-01-01 00:00:00'),
('fc6f0dfa-2ea8-2769-a2fb-b923c27d16ae', 'af118c7d-2928-8c39-60dc-6b8f6cc487ae', 'delete', 'Business logic', NULL, NULL, 30, '2024-01-01 00:00:00'),
('7a6b60ad-a6fc-1a82-2ffa-c08132bbf533', 'af118c7d-2928-8c39-60dc-6b8f6cc487ae', 'find', 'Business logic', NULL, NULL, 40, '2024-01-01 00:00:00'),
('cf1f3114-629f-7b6f-92fd-ab6b43165985', 'af118c7d-2928-8c39-60dc-6b8f6cc487ae', 'process', 'Business logic', NULL, NULL, 50, '2024-01-01 00:00:00'),
('5abdd56c-0154-14ad-3651-f21fcd8d61fd', 'f89875b3-891c-bf1b-fda6-c98985ee1789', 'getId', 'Entity method', NULL, NULL, 10, '2024-01-01 00:00:00'),
('50b7023b-46d0-82b4-812c-94d2455ed511', 'f89875b3-891c-bf1b-fda6-c98985ee1789', 'getName', 'Entity method', NULL, NULL, 20, '2024-01-01 00:00:00'),
('a0ef6e6e-9028-40af-01c5-4726b193fe29', 'f89875b3-891c-bf1b-fda6-c98985ee1789', 'validate', 'Entity method', NULL, NULL, 30, '2024-01-01 00:00:00'),
('9f5e6509-c431-0e47-f597-3ce38f970d03', '05fd8f96-e217-c51b-3ef6-78c8c7570e84', 'getId', 'Entity method', NULL, NULL, 10, '2024-01-01 00:00:00'),
('c18015eb-b769-dc29-c678-5efa44981f69', '05fd8f96-e217-c51b-3ef6-78c8c7570e84', 'getName', 'Entity method', NULL, NULL, 20, '2024-01-01 00:00:00'),
('8f10877a-0054-4870-8330-700243abba35', '05fd8f96-e217-c51b-3ef6-78c8c7570e84', 'validate', 'Entity method', NULL, NULL, 30, '2024-01-01 00:00:00'),
('83db0ca5-373e-5ca3-fa86-b18098f47808', '69e0b079-22fe-e5d6-ea89-801b23d99634', 'getId', 'Entity method', NULL, NULL, 10, '2024-01-01 00:00:00'),
('abf3e402-a6bd-889e-3400-e74fad56658c', '69e0b079-22fe-e5d6-ea89-801b23d99634', 'getName', 'Entity method', NULL, NULL, 20, '2024-01-01 00:00:00'),
('6f001c38-266b-b3fd-01af-f9a143037cd5', '69e0b079-22fe-e5d6-ea89-801b23d99634', 'validate', 'Entity method', NULL, NULL, 30, '2024-01-01 00:00:00'),
('ee94951a-d040-47fa-2ad3-33f70a2ae867', 'bc5e41b5-f294-c2a9-c745-a646e8367b65', 'getId', 'Entity method', NULL, NULL, 10, '2024-01-01 00:00:00'),
('8a72d8eb-9adf-155d-adb5-64344c8dad76', 'bc5e41b5-f294-c2a9-c745-a646e8367b65', 'getName', 'Entity method', NULL, NULL, 20, '2024-01-01 00:00:00'),
('a5bfdb52-0922-a6fb-f6d7-10fc5210809b', 'bc5e41b5-f294-c2a9-c745-a646e8367b65', 'validate', 'Entity method', NULL, NULL, 30, '2024-01-01 00:00:00'),
('cf11ddd9-7812-4822-51bc-e8fc5180ac18', 'cf2afacc-9abf-5cf7-04b6-decb30211c20', 'getId', 'Entity method', NULL, NULL, 10, '2024-01-01 00:00:00'),
('75fc577e-97a0-ffe4-2657-5ba60392673e', 'cf2afacc-9abf-5cf7-04b6-decb30211c20', 'getName', 'Entity method', NULL, NULL, 20, '2024-01-01 00:00:00'),
('c8f3dbb0-2b59-f343-1bc6-1b520e0be56d', 'cf2afacc-9abf-5cf7-04b6-decb30211c20', 'validate', 'Entity method', NULL, NULL, 30, '2024-01-01 00:00:00'),
('dff604a5-66a0-c02d-e203-252b2f009fdb', '33df5d48-9f4e-1916-1be8-6a5538a4431e', 'getId', 'Entity method', NULL, NULL, 10, '2024-01-01 00:00:00'),
('68d11f7f-cf6a-8c1d-9141-2f635c5641bb', '33df5d48-9f4e-1916-1be8-6a5538a4431e', 'getName', 'Entity method', NULL, NULL, 20, '2024-01-01 00:00:00'),
('4a23bfa2-3f8f-bcbf-492d-0cb79f53cfa5', '33df5d48-9f4e-1916-1be8-6a5538a4431e', 'validate', 'Entity method', NULL, NULL, 30, '2024-01-01 00:00:00'),
('49ec11f4-ea79-72d6-a4e0-f598d0b6cf8f', 'e381a698-36f7-30bf-028d-fb01ee1accf8', 'getId', 'Entity method', NULL, NULL, 10, '2024-01-01 00:00:00'),
('fbcda406-5336-4b28-a645-f1d98265dfe2', 'e381a698-36f7-30bf-028d-fb01ee1accf8', 'getName', 'Entity method', NULL, NULL, 20, '2024-01-01 00:00:00'),
('9452f6ea-1512-338b-0b00-239aa2a8aa4b', 'e381a698-36f7-30bf-028d-fb01ee1accf8', 'validate', 'Entity method', NULL, NULL, 30, '2024-01-01 00:00:00'),
('c732ef2d-acbf-1ad8-2ea3-782e3ffdbc38', 'af3f1bb2-6016-eea5-d059-c1bcd5aa2445', 'getId', 'Entity method', NULL, NULL, 10, '2024-01-01 00:00:00'),
('7d5aeeaa-4f23-6314-eaed-aa6b0c18509e', 'af3f1bb2-6016-eea5-d059-c1bcd5aa2445', 'getName', 'Entity method', NULL, NULL, 20, '2024-01-01 00:00:00'),
('9708b462-ad70-a66e-5f9c-9fd29d45cbde', 'af3f1bb2-6016-eea5-d059-c1bcd5aa2445', 'validate', 'Entity method', NULL, NULL, 30, '2024-01-01 00:00:00'),
('ed2983a7-76b1-87ec-bb81-7032b899d166', '2a0fd30a-0b88-4705-32f6-c528dad60b78', 'getId', 'Entity method', NULL, NULL, 10, '2024-01-01 00:00:00'),
('56b27315-5950-b49a-1adf-dd4479d2f32b', '2a0fd30a-0b88-4705-32f6-c528dad60b78', 'getName', 'Entity method', NULL, NULL, 20, '2024-01-01 00:00:00'),
('eb45aad7-ce03-3ee9-1734-9e610dd62ae4', '2a0fd30a-0b88-4705-32f6-c528dad60b78', 'validate', 'Entity method', NULL, NULL, 30, '2024-01-01 00:00:00'),
('b348c36d-254c-dbc2-1c8a-eaa94ff2a00b', 'a0ac9019-da4a-d0d6-d35b-cf40b7433ca4', 'getId', 'Entity method', NULL, NULL, 10, '2024-01-01 00:00:00'),
('d37957d3-68b5-1a9f-314c-8a96deb2464f', 'a0ac9019-da4a-d0d6-d35b-cf40b7433ca4', 'getName', 'Entity method', NULL, NULL, 20, '2024-01-01 00:00:00'),
('20013eb8-a475-894b-3231-f74405114778', 'a0ac9019-da4a-d0d6-d35b-cf40b7433ca4', 'validate', 'Entity method', NULL, NULL, 30, '2024-01-01 00:00:00');

INSERT INTO source_classes (id, project_id, full_class_name, simple_name, package_name, class_type, description, source_file, created_at) VALUES
('6fb07be4-38ee-5ae6-6197-8505a8e3fdef', '9e189257-ba2c-3aeb-df7f-0b80b7454c58', 'co.fanki.project4.controller.Api0Controller', 'Api0Controller', 'co.fanki.project4.controller', 'CONTROLLER', 'REST controller', 'src/co/fanki/project4/controller/Api0Controller.java', '2024-01-01 00:00:00'),
('6fc9e56f-3103-b67f-1643-5d9e8c3b194a', '9e189257-ba2c-3aeb-df7f-0b80b7454c58', 'co.fanki.project4.controller.Api1Controller', 'Api1Controller', 'co.fanki.project4.controller', 'CONTROLLER', 'REST controller', 'src/co/fanki/project4/controller/Api1Controller.java', '2024-01-01 00:00:00'),
('cd5a8ec0-17e8-1d3c-5ea5-c8718195265a', '9e189257-ba2c-3aeb-df7f-0b80b7454c58', 'co.fanki.project4.controller.Api2Controller', 'Api2Controller', 'co.fanki.project4.controller', 'CONTROLLER', 'REST controller', 'src/co/fanki/project4/controller/Api2Controller.java', '2024-01-01 00:00:00'),
('dea6b217-0dac-878c-667b-20e33415a3a8', '9e189257-ba2c-3aeb-df7f-0b80b7454c58', 'co.fanki.project4.controller.Api3Controller', 'Api3Controller', 'co.fanki.project4.controller', 'CONTROLLER', 'REST controller', 'src/co/fanki/project4/controller/Api3Controller.java', '2024-01-01 00:00:00'),
('889c1734-9773-3087-0c19-9750f476be81', '9e189257-ba2c-3aeb-df7f-0b80b7454c58', 'co.fanki.project4.controller.Api4Controller', 'Api4Controller', 'co.fanki.project4.controller', 'CONTROLLER', 'REST controller', 'src/co/fanki/project4/controller/Api4Controller.java', '2024-01-01 00:00:00'),
('e0713049-1ed0-5097-b2da-67fd090f3580', '9e189257-ba2c-3aeb-df7f-0b80b7454c58', 'co.fanki.project4.service.Business0Service', 'Business0Service', 'co.fanki.project4.service', 'SERVICE', 'Business service', 'src/co/fanki/project4/service/Business0Service.java', '2024-01-01 00:00:00'),
('9ddd9c0e-a08b-516b-59f8-db026b1dd4dc', '9e189257-ba2c-3aeb-df7f-0b80b7454c58', 'co.fanki.project4.service.Business1Service', 'Business1Service', 'co.fanki.project4.service', 'SERVICE', 'Business service', 'src/co/fanki/project4/service/Business1Service.java', '2024-01-01 00:00:00'),
('94f30b2a-1085-2ff6-1412-a32b8c14c2b8', '9e189257-ba2c-3aeb-df7f-0b80b7454c58', 'co.fanki.project4.domain.Entity0', 'Entity0', 'co.fanki.project4.domain', 'ENTITY', 'Domain entity', 'src/co/fanki/project4/domain/Entity0.java', '2024-01-01 00:00:00'),
('f9061651-1f35-af22-5639-824ddb05a745', '9e189257-ba2c-3aeb-df7f-0b80b7454c58', 'co.fanki.project4.domain.Entity1', 'Entity1', 'co.fanki.project4.domain', 'ENTITY', 'Domain entity', 'src/co/fanki/project4/domain/Entity1.java', '2024-01-01 00:00:00'),
('474d02ef-a55a-44c5-2466-30b5d4e32c90', '9e189257-ba2c-3aeb-df7f-0b80b7454c58', 'co.fanki.project4.domain.Entity2', 'Entity2', 'co.fanki.project4.domain', 'ENTITY', 'Domain entity', 'src/co/fanki/project4/domain/Entity2.java', '2024-01-01 00:00:00'),
('ba77a3e3-d752-d5d0-7ea7-18d38c2b98e6', '9e189257-ba2c-3aeb-df7f-0b80b7454c58', 'co.fanki.project4.domain.Entity3', 'Entity3', 'co.fanki.project4.domain', 'ENTITY', 'Domain entity', 'src/co/fanki/project4/domain/Entity3.java', '2024-01-01 00:00:00'),
('ad8f07cb-f9ef-09d3-8712-957acb56a8e2', '9e189257-ba2c-3aeb-df7f-0b80b7454c58', 'co.fanki.project4.domain.Entity4', 'Entity4', 'co.fanki.project4.domain', 'ENTITY', 'Domain entity', 'src/co/fanki/project4/domain/Entity4.java', '2024-01-01 00:00:00'),
('795fdce4-6515-8276-f3da-25493763b3e7', '9e189257-ba2c-3aeb-df7f-0b80b7454c58', 'co.fanki.project4.domain.Entity5', 'Entity5', 'co.fanki.project4.domain', 'ENTITY', 'Domain entity', 'src/co/fanki/project4/domain/Entity5.java', '2024-01-01 00:00:00'),
('d745c689-bbce-8278-8e76-09b79060d7f6', '9e189257-ba2c-3aeb-df7f-0b80b7454c58', 'co.fanki.project4.domain.Entity6', 'Entity6', 'co.fanki.project4.domain', 'ENTITY', 'Domain entity', 'src/co/fanki/project4/domain/Entity6.java', '2024-01-01 00:00:00'),
('2945c692-5b0e-41a4-741d-c07e94e70323', '9e189257-ba2c-3aeb-df7f-0b80b7454c58', 'co.fanki.project4.domain.Entity7', 'Entity7', 'co.fanki.project4.domain', 'ENTITY', 'Domain entity', 'src/co/fanki/project4/domain/Entity7.java', '2024-01-01 00:00:00'),
('dc9c28fe-701d-71a0-1e97-cc2836cdcdf0', '9e189257-ba2c-3aeb-df7f-0b80b7454c58', 'co.fanki.project4.domain.Entity8', 'Entity8', 'co.fanki.project4.domain', 'ENTITY', 'Domain entity', 'src/co/fanki/project4/domain/Entity8.java', '2024-01-01 00:00:00'),
('108c12df-3299-8c80-218d-2b77a81da785', '9e189257-ba2c-3aeb-df7f-0b80b7454c58', 'co.fanki.project4.domain.Entity9', 'Entity9', 'co.fanki.project4.domain', 'ENTITY', 'Domain entity', 'src/co/fanki/project4/domain/Entity9.java', '2024-01-01 00:00:00');

INSERT INTO source_methods (id, class_id, method_name, description, http_method, http_path, line_number, created_at) VALUES
('cc77e595-a543-7bc5-0cdf-083333bdf1ac', '6fb07be4-38ee-5ae6-6197-8505a8e3fdef', 'handle', 'Handles request', 'GET', '/api/v1/resource0', 10, '2024-01-01 00:00:00'),
('ac281c99-0797-38cd-cf26-4985562a373a', '6fc9e56f-3103-b67f-1643-5d9e8c3b194a', 'handle', 'Handles request', 'GET', '/api/v1/resource1', 10, '2024-01-01 00:00:00'),
('47c3db0c-bd20-8522-82eb-438becc0dabc', 'cd5a8ec0-17e8-1d3c-5ea5-c8718195265a', 'handle', 'Handles request', 'GET', '/api/v1/resource2', 10, '2024-01-01 00:00:00'),
('56a1f5a5-01a9-12a5-2580-3a173372fe8c', 'dea6b217-0dac-878c-667b-20e33415a3a8', 'handle', 'Handles request', 'GET', '/api/v1/resource3', 10, '2024-01-01 00:00:00'),
('e06b799a-3d9f-8bc9-5e28-807bca79db44', '889c1734-9773-3087-0c19-9750f476be81', 'handle', 'Handles request', 'GET', '/api/v1/resource4', 10, '2024-01-01 00:00:00'),
('e6a1f25b-3c7a-c0f5-7eda-d7f48571678e', 'e0713049-1ed0-5097-b2da-67fd090f3580', 'create', 'Business logic', NULL, NULL, 10, '2024-01-01 00:00:00'),
('9efca411-dbe1-8ab6-b0f9-007531af5922', 'e0713049-1ed0-5097-b2da-67fd090f3580', 'update', 'Business logic', NULL, NULL, 20, '2024-01-01 00:00:00'),
('43f5520f-d571-4624-d20c-0ed8e8b2e8d7', 'e0713049-1ed0-5097-b2da-67fd090f3580', 'delete', 'Business logic', NULL, NULL, 30, '2024-01-01 00:00:00'),
('5a65ef16-10cd-9544-c391-d804b1f8d1f4', 'e0713049-1ed0-5097-b2da-67fd090f3580', 'find', 'Business logic', NULL, NULL, 40, '2024-01-01 00:00:00'),
('0bab4f5c-cc7c-5810-7fb5-88c8e1cd4167', 'e0713049-1ed0-5097-b2da-67fd090f3580', 'process', 'Business logic', NULL, NULL, 50, '2024-01-01 00:00:00'),
('15866b07-968b-4d22-544d-983851e51ac0', '9ddd9c0e-a08b-516b-59f8-db026b1dd4dc', 'create', 'Business logic', NULL, NULL, 10, '2024-01-01 00:00:00'),
('cf83fbe8-b520-5fed-0d5e-ccf4d2241c03', '9ddd9c0e-a08b-516b-59f8-db026b1dd4dc', 'update', 'Business logic', NULL, NULL, 20, '2024-01-01 00:00:00'),
('53ca3fbc-7e44-588b-7537-bf1069d5daf6', '9ddd9c0e-a08b-516b-59f8-db026b1dd4dc', 'delete', 'Business logic', NULL, NULL, 30, '2024-01-01 00:00:00'),
('c1e57348-2f92-c4a7-3461-133a302a67c5', '9ddd9c0e-a08b-516b-59f8-db026b1dd4dc', 'find', 'Business logic', NULL, NULL, 40, '2024-01-01 00:00:00'),
('d3b84570-c157-ae3c-8668-d4803e416bd8', '9ddd9c0e-a08b-516b-59f8-db026b1dd4dc', 'process', 'Business logic', NULL, NULL, 50, '2024-01-01 00:00:00'),
('e5f0d706-3cdb-cd3a-703d-400b7b7eb212', '94f30b2a-1085-2ff6-1412-a32b8c14c2b8', 'getId', 'Entity method', NULL, NULL, 10, '2024-01-01 00:00:00'),
('0559fdee-7d67-1217-b655-3ca5af695069', '94f30b2a-1085-2ff6-1412-a32b8c14c2b8', 'getName', 'Entity method', NULL, NULL, 20, '2024-01-01 00:00:00'),
('e6cff7d9-340b-39b3-99a0-319afbf70f28', '94f30b2a-1085-2ff6-1412-a32b8c14c2b8', 'validate', 'Entity method', NULL, NULL, 30, '2024-01-01 00:00:00'),
('c7c2e148-2e8b-82be-6086-d04bbd4bd255', 'f9061651-1f35-af22-5639-824ddb05a745', 'getId', 'Entity method', NULL, NULL, 10, '2024-01-01 00:00:00'),
('19f4ca96-da2f-a48f-c30e-c1d69c45eaa5', 'f9061651-1f35-af22-5639-824ddb05a745', 'getName', 'Entity method', NULL, NULL, 20, '2024-01-01 00:00:00'),
('f8a46372-0190-b78d-abc4-e73c72f69db7', 'f9061651-1f35-af22-5639-824ddb05a745', 'validate', 'Entity method', NULL, NULL, 30, '2024-01-01 00:00:00'),
('b9400298-20be-716a-8a45-7544c77f76a9', '474d02ef-a55a-44c5-2466-30b5d4e32c90', 'getId', 'Entity method', NULL, NULL, 10, '2024-01-01 00:00:00'),
('2fb99b95-8ed3-52f9-1ed2-eab7c2bc8e24', '474d02ef-a55a-44c5-2466-30b5d4e32c90', 'getName', 'Entity method', NULL, NULL, 20, '2024-01-01 00:00:00'),
('372c4f82-19c7-662e-399b-0f992c77bfec', '474d02ef-a55a-44c5-2466-30b5d4e32c90', 'validate', 'Entity method', NULL, NULL, 30, '2024-01-01 00:00:00'),
('5f29bba9-ca7a-62b2-ecda-3665325b3406', 'ba77a3e3-d752-d5d0-7ea7-18d38c2b98e6', 'getId', 'Entity method', NULL, NULL, 10, '2024-01-01 00:00:00'),
('6789b557-60a3-8791-4d44-c26e2de0e26e', 'ba77a3e3-d752-d5d0-7ea7-18d38c2b98e6', 'getName', 'Entity method', NULL, NULL, 20, '2024-01-01 00:00:00'),
('bda1e534-529b-6ff1-e8b4-ebca57a78f4c', 'ba77a3e3-d752-d5d0-7ea7-18d38c2b98e6', 'validate', 'Entity method', NULL, NULL, 30, '2024-01-01 00:00:00'),
('1209d98a-acf5-0961-fbef-e885462edba5', 'ad8f07cb-f9ef-09d3-8712-957acb56a8e2', 'getId', 'Entity method', NULL, NULL, 10, '2024-01-01 00:00:00'),
('d5dcd56e-a1c7-4b85-adde-dc501754cd47', 'ad8f07cb-f9ef-09d3-8712-957acb56a8e2', 'getName', 'Entity method', NULL, NULL, 20, '2024-01-01 00:00:00'),
('d4cbeca9-d068-4667-30c1-f99733a67b4a', 'ad8f07cb-f9ef-09d3-8712-957acb56a8e2', 'validate', 'Entity method', NULL, NULL, 30, '2024-01-01 00:00:00'),
('e0c42f39-3dfa-85c1-0db7-14de02d17056', '795fdce4-6515-8276-f3da-25493763b3e7', 'getId', 'Entity method', NULL, NULL, 10, '2024-01-01 00:00:00'),
('d48ed2a5-17ca-405f-6f87-4983d1a778b6', '795fdce4-6515-8276-f3da-25493763b3e7', 'getName', 'Entity method', NULL, NULL, 20, '2024-01-01 00:00:00'),
('7a8fd942-001e-23fb-899a-4d014d0e8f8e', '795fdce4-6515-8276-f3da-25493763b3e7', 'validate', 'Entity method', NULL, NULL, 30, '2024-01-01 00:00:00'),
('02c03d9b-2941-8e2b-95af-2e5d57a033ad', 'd745c689-bbce-8278-8e76-09b79060d7f6', 'getId', 'Entity method', NULL, NULL, 10, '2024-01-01 00:00:00'),
('a3cae7c9-3f98-44c6-e55a-3ac13849d2f1', 'd745c689-bbce-8278-8e76-09b79060d7f6', 'getName', 'Entity method', NULL, NULL, 20, '2024-01-01 00:00:00'),
('726ce0c4-f372-4b28-e84d-879787087a1b', 'd745c689-bbce-8278-8e76-09b79060d7f6', 'validate', 'Entity method', NULL, NULL, 30, '2024-01-01 00:00:00'),
('f2d5d604-3870-766c-a72f-334fb1771162', '2945c692-5b0e-41a4-741d-c07e94e70323', 'getId', 'Entity method', NULL, NULL, 10, '2024-01-01 00:00:00'),
('d4f098b6-72ba-ba93-101a-052737431238', '2945c692-5b0e-41a4-741d-c07e94e70323', 'getName', 'Entity method', NULL, NULL, 20, '2024-01-01 00:00:00'),
('fb295692-7f16-f6ca-f4b5-f9858e282430', '2945c692-5b0e-41a4-741d-c07e94e70323', 'validate', 'Entity method', NULL, NULL, 30, '2024-01-01 00:00:00'),
('9fa2de9e-cb0d-3a00-e971-339b135b1060', 'dc9c28fe-701d-71a0-1e97-cc2836cdcdf0', 'getId', 'Entity method', NULL, NULL, 10, '2024-01-01 00:00:00'),
('c48b2e05-5af5-fdd7-e971-3b5921a55820', 'dc9c28fe-701d-71a0-1e97-cc2836cdcdf0', 'getName', 'Entity method', NULL, NULL, 20, '2024-01-01 00:00:00'),
('f071a651-01c1-a5f1-dc77-4ca7dd911947', 'dc9c28fe-701d-71a0-1e97-cc2836cdcdf0', 'validate', 'Entity method', NULL, NULL, 30, '2024-01-01 00:00:00'),
('5b1efb36-8316-2ec7-720b-33234308e9e1', '108c12df-3299-8c80-218d-2b77a81da785', 'getId', 'Entity method', NULL, NULL, 10, '2024-01-01 00:00:00'),
('f1c28cfc-0c01-6bb8-ab1c-789e9a6f2742', '108c12df-3299-8c80-218d-2b77a81da785', 'getName', 'Entity method', NULL, NULL, 20, '2024-01-01 00:00:00'),
('86d8fbe6-7ed3-a248-eb59-88156c54e569', '108c12df-3299-8c80-218d-2b77a81da785', 'validate', 'Entity method', NULL, NULL, 30, '2024-01-01 00:00:00');

INSERT INTO source_classes (id, project_id, full_class_name, simple_name, package_name, class_type, description, source_file, created_at) VALUES
('01ebf9d1-ba15-01a7-2a84-3dbe66bcad93', '703f8e5c-3fd3-db4a-f002-23cb86614349', 'co.fanki.project5.controller.Api0Controller', 'Api0Controller', 'co.fanki.project5.controller', 'CONTROLLER', 'REST controller', 'src/co/fanki/project5/controller/Api0Controller.java', '2024-01-01 00:00:00'),
('d56e9662-d8f3-8bca-4f27-8a7a61ab671c', '703f8e5c-3fd3-db4a-f002-23cb86614349', 'co.fanki.project5.controller.Api1Controller', 'Api1Controller', 'co.fanki.project5.controller', 'CONTROLLER', 'REST controller', 'src/co/fanki/project5/controller/Api1Controller.java', '2024-01-01 00:00:00'),
('d330dd61-8d35-0639-fdff-88a5c3060da8', '703f8e5c-3fd3-db4a-f002-23cb86614349', 'co.fanki.project5.controller.Api2Controller', 'Api2Controller', 'co.fanki.project5.controller', 'CONTROLLER', 'REST controller', 'src/co/fanki/project5/controller/Api2Controller.java', '2024-01-01 00:00:00'),
('8acf63ce-0901-1f28-998d-f10b50e2771e', '703f8e5c-3fd3-db4a-f002-23cb86614349', 'co.fanki.project5.controller.Api3Controller', 'Api3Controller', 'co.fanki.project5.controller', 'CONTROLLER', 'REST controller', 'src/co/fanki/project5/controller/Api3Controller.java', '2024-01-01 00:00:00'),
('44743256-5ec7-e9bc-bb5c-1d0fbeaa8d52', '703f8e5c-3fd3-db4a-f002-23cb86614349', 'co.fanki.project5.controller.Api4Controller', 'Api4Controller', 'co.fanki.project5.controller', 'CONTROLLER', 'REST controller', 'src/co/fanki/project5/controller/Api4Controller.java', '2024-01-01 00:00:00'),
('06f682ed-913c-8dee-d906-81b619193dbd', '703f8e5c-3fd3-db4a-f002-23cb86614349', 'co.fanki.project5.service.Business0Service', 'Business0Service', 'co.fanki.project5.service', 'SERVICE', 'Business service', 'src/co/fanki/project5/service/Business0Service.java', '2024-01-01 00:00:00'),
('00457c4d-bb31-b19b-97a8-1fa136c92858', '703f8e5c-3fd3-db4a-f002-23cb86614349', 'co.fanki.project5.service.Business1Service', 'Business1Service', 'co.fanki.project5.service', 'SERVICE', 'Business service', 'src/co/fanki/project5/service/Business1Service.java', '2024-01-01 00:00:00'),
('15cbb242-d09e-4916-3ac1-194937128ab0', '703f8e5c-3fd3-db4a-f002-23cb86614349', 'co.fanki.project5.domain.Entity0', 'Entity0', 'co.fanki.project5.domain', 'ENTITY', 'Domain entity', 'src/co/fanki/project5/domain/Entity0.java', '2024-01-01 00:00:00'),
('beede799-b532-8ac6-7670-551ae236940a', '703f8e5c-3fd3-db4a-f002-23cb86614349', 'co.fanki.project5.domain.Entity1', 'Entity1', 'co.fanki.project5.domain', 'ENTITY', 'Domain entity', 'src/co/fanki/project5/domain/Entity1.java', '2024-01-01 00:00:00'),
('7d6885f5-6d49-302e-8352-9b530aa1c129', '703f8e5c-3fd3-db4a-f002-23cb86614349', 'co.fanki.project5.domain.Entity2', 'Entity2', 'co.fanki.project5.domain', 'ENTITY', 'Domain entity', 'src/co/fanki/project5/domain/Entity2.java', '2024-01-01 00:00:00'),
('28c46e92-296d-46d5-e49e-762dd425a431', '703f8e5c-3fd3-db4a-f002-23cb86614349', 'co.fanki.project5.domain.Entity3', 'Entity3', 'co.fanki.project5.domain', 'ENTITY', 'Domain entity', 'src/co/fanki/project5/domain/Entity3.java', '2024-01-01 00:00:00'),
('6531d6d2-4732-078c-53b1-623d4fad2073', '703f8e5c-3fd3-db4a-f002-23cb86614349', 'co.fanki.project5.domain.Entity4', 'Entity4', 'co.fanki.project5.domain', 'ENTITY', 'Domain entity', 'src/co/fanki/project5/domain/Entity4.java', '2024-01-01 00:00:00'),
('8b9d4204-19b3-4c15-7f7a-9e67aa4c9e90', '703f8e5c-3fd3-db4a-f002-23cb86614349', 'co.fanki.project5.domain.Entity5', 'Entity5', 'co.fanki.project5.domain', 'ENTITY', 'Domain entity', 'src/co/fanki/project5/domain/Entity5.java', '2024-01-01 00:00:00'),
('c7e9cddf-11f9-dff1-6ea0-b6adcc171c84', '703f8e5c-3fd3-db4a-f002-23cb86614349', 'co.fanki.project5.domain.Entity6', 'Entity6', 'co.fanki.project5.domain', 'ENTITY', 'Domain entity', 'src/co/fanki/project5/domain/Entity6.java', '2024-01-01 00:00:00'),
('630bdecb-6503-6eb0-6030-bed12c049471', '703f8e5c-3fd3-db4a-f002-23cb86614349', 'co.fanki.project5.domain.Entity7', 'Entity7', 'co.fanki.project5.domain', 'ENTITY', 'Domain entity', 'src/co/fanki/project5/domain/Entity7.java', '2024-01-01 00:00:00'),
('51713000-6ad3-b8b1-aa4f-27c36f3f44a6', '703f8e5c-3fd3-db4a-f002-23cb86614349', 'co.fanki.project5.domain.Entity8', 'Entity8', 'co.fanki.project5.domain', 'ENTITY', 'Domain entity', 'src/co/fanki/project5/domain/Entity8.java', '2024-01-01 00:00:00'),
('9c061700-3153-05e6-5463-46a22fc6231e', '703f8e5c-3fd3-db4a-f002-23cb86614349', 'co.fanki.project5.domain.Entity9', 'Entity9', 'co.fanki.project5.domain', 'ENTITY', 'Domain entity', 'src/co/fanki/project5/domain/Entity9.java', '2024-01-01 00:00:00');

INSERT INTO source_methods (id, class_id, method_name, description, http_method, http_path, line_number, created_at) VALUES
('fdd6925e-51ba-a24e-a35c-20f05fbbb7d8', '01ebf9d1-ba15-01a7-2a84-3dbe66bcad93', 'handle', 'Handles request', 'GET', '/api/v1/resource0', 10, '2024-01-01 00:00:00'),
('ad6faf68-924c-7d45-4acf-f68fe44eeaeb', 'd56e9662-d8f3-8bca-4f27-8a7a61ab671c', 'handle', 'Handles request', 'GET', '/api/v1/resource1', 10, '2024-01-01 00:00:00'),
('23327406-b997-f895-af65-c28a32910c87', 'd330dd61-8d35-0639-fdff-88a5c3060da8', 'handle', 'Handles request', 'GET', '/api/v1/resource2', 10, '2024-01-01 00:00:00'),
('d2cda932-92d2-45a1-ae5b-d718ce6c49cb', '8acf63ce-0901-1f28-998d-f10b50e2771e', 'handle', 'Handles request', 'GET', '/api/v1/resource3', 10, '2024-01-01 00:00:00'),
('3d2360e5-af1a-873e-4803-b5069e25fc80', '44743256-5ec7-e9bc-bb5c-1d0fbeaa8d52', 'handle', 'Handles request', 'GET', '/api/v1/resource4', 10, '2024-01-01 00:00:00'),
('762b6837-d33f-b2f2-0ede-5e9386286b6c', '06f682ed-913c-8dee-d906-81b619193dbd', 'create', 'Business logic', NULL, NULL, 10, '2024-01-01 00:00:00'),
('b5884f16-ac48-e080-2909-8983b01f6b84', '06f682ed-913c-8dee-d906-81b619193dbd', 'update', 'Business logic', NULL, NULL, 20, '2024-01-01 00:00:00'),
('14d5b3e5-7ce3-2ee2-d913-d76029de7a65', '06f682ed-913c-8dee-d906-81b619193dbd', 'delete', 'Business logic', NULL, NULL, 30, '2024-01-01 00:00:00'),
('dfe51a9a-f1ad-a2eb-dd55-46baf61c0b2c', '06f682ed-913c-8dee-d906-81b619193dbd', 'find', 'Business logic', NULL, NULL, 40, '2024-01-01 00:00:00'),
('85e47252-1464-7b2a-c818-962b27987b79', '06f682ed-913c-8dee-d906-81b619193dbd', 'process', 'Business logic', NULL, NULL, 50, '2024-01-01 00:00:00'),
('71e7eae6-aa2e-65cc-b93a-78a6abed7a81', '00457c4d-bb31-b19b-97a8-1fa136c92858', 'create', 'Business logic', NULL, NULL, 10, '2024-01-01 00:00:00'),
('7189080a-c836-8a22-0642-7c4b859226b6', '00457c4d-bb31-b19b-97a8-1fa136c92858', 'update', 'Business logic', NULL, NULL, 20, '2024-01-01 00:00:00'),
('88c8910b-cb5d-f6b3-f1f7-ca5384e60978', '00457c4d-bb31-b19b-97a8-1fa136c92858', 'delete', 'Business logic', NULL, NULL, 30, '2024-01-01 00:00:00'),
('bc95a6cf-78c9-6327-0598-658508a73c25', '00457c4d-bb31-b19b-97a8-1fa136c92858', 'find', 'Business logic', NULL, NULL, 40, '2024-01-01 00:00:00'),
('19caa429-5162-ed9f-a299-f03d2806d69a', '00457c4d-bb31-b19b-97a8-1fa136c92858', 'process', 'Business logic', NULL, NULL, 50, '2024-01-01 00:00:00'),
('68a8b978-eaee-0086-6299-44b57dfa4a6c', '15cbb242-d09e-4916-3ac1-194937128ab0', 'getId', 'Entity method', NULL, NULL, 10, '2024-01-01 00:00:00'),
('2fd4d569-a075-de25-d3dc-1be04ceae162', '15cbb242-d09e-4916-3ac1-194937128ab0', 'getName', 'Entity method', NULL, NULL, 20, '2024-01-01 00:00:00'),
('1f04100e-aff6-aa63-d6a4-7ceb467d09d0', '15cbb242-d09e-4916-3ac1-194937128ab0', 'validate', 'Entity method', NULL, NULL, 30, '2024-01-01 00:00:00'),
('ce9a6c68-44e5-d7ec-07cf-58417e39c0ab', 'beede799-b532-8ac6-7670-551ae236940a', 'getId', 'Entity method', NULL, NULL, 10, '2024-01-01 00:00:00'),
('23b2fc93-0167-6707-a5e4-5e981e47f5ba', 'beede799-b532-8ac6-7670-551ae236940a', 'getName', 'Entity method', NULL, NULL, 20, '2024-01-01 00:00:00'),
('9f383341-accb-6778-c5ce-f1c90b0bfb46', 'beede799-b532-8ac6-7670-551ae236940a', 'validate', 'Entity method', NULL, NULL, 30, '2024-01-01 00:00:00'),
('604dc2d9-68ed-9d3f-9cd7-92c430aaa962', '7d6885f5-6d49-302e-8352-9b530aa1c129', 'getId', 'Entity method', NULL, NULL, 10, '2024-01-01 00:00:00'),
('a3ac239c-ce90-3f1e-f9c1-9c02a020e662', '7d6885f5-6d49-302e-8352-9b530aa1c129', 'getName', 'Entity method', NULL, NULL, 20, '2024-01-01 00:00:00'),
('1c17998e-8aa1-58ba-5b29-b6908ae84a71', '7d6885f5-6d49-302e-8352-9b530aa1c129', 'validate', 'Entity method', NULL, NULL, 30, '2024-01-01 00:00:00'),
('432bc239-d74a-8336-e431-402233907b5b', '28c46e92-296d-46d5-e49e-762dd425a431', 'getId', 'Entity method', NULL, NULL, 10, '2024-01-01 00:00:00'),
('72f22824-6679-99d4-de9d-94f2776232c3', '28c46e92-296d-46d5-e49e-762dd425a431', 'getName', 'Entity method', NULL, NULL, 20, '2024-01-01 00:00:00'),
('bd5562e5-9f60-8348-4cc0-140d8c000b27', '28c46e92-296d-46d5-e49e-762dd425a431', 'validate', 'Entity method', NULL, NULL, 30, '2024-01-01 00:00:00'),
('29d9a121-8f70-7c9a-daf4-8302b3c81035', '6531d6d2-4732-078c-53b1-623d4fad2073', 'getId', 'Entity method', NULL, NULL, 10, '2024-01-01 00:00:00'),
('14bfd073-ddfc-40c1-ec62-d80485d6dabe', '6531d6d2-4732-078c-53b1-623d4fad2073', 'getName', 'Entity method', NULL, NULL, 20, '2024-01-01 00:00:00'),
('00834e95-6f66-79ae-3bc0-d0d7f0d6b5c2', '6531d6d2-4732-078c-53b1-623d4fad2073', 'validate', 'Entity method', NULL, NULL, 30, '2024-01-01 00:00:00'),
('36737520-24a4-c8be-03dd-ae6d0c257662', '8b9d4204-19b3-4c15-7f7a-9e67aa4c9e90', 'getId', 'Entity method', NULL, NULL, 10, '2024-01-01 00:00:00'),
('1eb6ede5-eb42-5694-6491-c70be2a5f98d', '8b9d4204-19b3-4c15-7f7a-9e67aa4c9e90', 'getName', 'Entity method', NULL, NULL, 20, '2024-01-01 00:00:00'),
('b7ef5e71-0b1f-cf68-f030-1a4eacdaafe0', '8b9d4204-19b3-4c15-7f7a-9e67aa4c9e90', 'validate', 'Entity method', NULL, NULL, 30, '2024-01-01 00:00:00'),
('93f18792-78d0-d63b-10d0-39782a804d62', 'c7e9cddf-11f9-dff1-6ea0-b6adcc171c84', 'getId', 'Entity method', NULL, NULL, 10, '2024-01-01 00:00:00'),
('6e7a9d69-a2dc-60be-c439-8d503830c6e9', 'c7e9cddf-11f9-dff1-6ea0-b6adcc171c84', 'getName', 'Entity method', NULL, NULL, 20, '2024-01-01 00:00:00'),
('a22d9e48-2c46-9f8a-2530-1711eae46da9', 'c7e9cddf-11f9-dff1-6ea0-b6adcc171c84', 'validate', 'Entity method', NULL, NULL, 30, '2024-01-01 00:00:00'),
('41ccbaeb-d211-5338-b17e-3ae6805c376d', '630bdecb-6503-6eb0-6030-bed12c049471', 'getId', 'Entity method', NULL, NULL, 10, '2024-01-01 00:00:00'),
('1af56d2f-1c9d-d151-c8df-4889b71da81a', '630bdecb-6503-6eb0-6030-bed12c049471', 'getName', 'Entity method', NULL, NULL, 20, '2024-01-01 00:00:00'),
('3a836905-8329-85df-55ff-3ccd3008d9a7', '630bdecb-6503-6eb0-6030-bed12c049471', 'validate', 'Entity method', NULL, NULL, 30, '2024-01-01 00:00:00'),
('715dfa3f-07a9-e20d-44e1-e2be3ccb1064', '51713000-6ad3-b8b1-aa4f-27c36f3f44a6', 'getId', 'Entity method', NULL, NULL, 10, '2024-01-01 00:00:00'),
('c49ebd36-f509-3114-9f48-4ecadbfb4f39', '51713000-6ad3-b8b1-aa4f-27c36f3f44a6', 'getName', 'Entity method', NULL, NULL, 20, '2024-01-01 00:00:00'),
('b49512de-3458-b7c4-2f9f-9bd87bd9821e', '51713000-6ad3-b8b1-aa4f-27c36f3f44a6', 'validate', 'Entity method', NULL, NULL, 30, '2024-01-01 00:00:00'),
('638eba8d-390b-d34f-c214-d198eeed3460', '9c061700-3153-05e6-5463-46a22fc6231e', 'getId', 'Entity method', NULL, NULL, 10, '2024-01-01 00:00:00'),
('9d6c3b50-80d2-6e0a-80ee-ff6be5081c10', '9c061700-3153-05e6-5463-46a22fc6231e', 'getName', 'Entity method', NULL, NULL, 20, '2024-01-01 00:00:00'),
('0cd85213-8cfa-acee-3b64-ca8925151e8c', '9c061700-3153-05e6-5463-46a22fc6231e', 'validate', 'Entity method', NULL, NULL, 30, '2024-01-01 00:00:00');

INSERT INTO source_classes (id, project_id, full_class_name, simple_name, package_name, class_type, description, source_file, created_at) VALUES
('81529006-0122-3846-083b-c88bc6df1197', 'ef4d7f33-ba38-90a5-4bab-66400fb33015', 'co.fanki.project6.controller.Api0Controller', 'Api0Controller', 'co.fanki.project6.controller', 'CONTROLLER', 'REST controller', 'src/co/fanki/project6/controller/Api0Controller.java', '2024-01-01 00:00:00'),
('e6c49f6d-c994-5d79-bab2-caadac7ce272', 'ef4d7f33-ba38-90a5-4bab-66400fb33015', 'co.fanki.project6.controller.Api1Controller', 'Api1Controller', 'co.fanki.project6.controller', 'CONTROLLER', 'REST controller', 'src/co/fanki/project6/controller/Api1Controller.java', '2024-01-01 00:00:00'),
('2da315d7-dbc3-69ad-e2de-ef6d4813b0c5', 'ef4d7f33-ba38-90a5-4bab-66400fb33015', 'co.fanki.project6.controller.Api2Controller', 'Api2Controller', 'co.fanki.project6.controller', 'CONTROLLER', 'REST controller', 'src/co/fanki/project6/controller/Api2Controller.java', '2024-01-01 00:00:00'),
('61321a2e-d7a0-70f1-f128-77a8e7700d97', 'ef4d7f33-ba38-90a5-4bab-66400fb33015', 'co.fanki.project6.controller.Api3Controller', 'Api3Controller', 'co.fanki.project6.controller', 'CONTROLLER', 'REST controller', 'src/co/fanki/project6/controller/Api3Controller.java', '2024-01-01 00:00:00'),
('b3601cbd-b2b6-a6f8-7fff-271db8b98dac', 'ef4d7f33-ba38-90a5-4bab-66400fb33015', 'co.fanki.project6.controller.Api4Controller', 'Api4Controller', 'co.fanki.project6.controller', 'CONTROLLER', 'REST controller', 'src/co/fanki/project6/controller/Api4Controller.java', '2024-01-01 00:00:00'),
('8bcc2c92-150e-38b2-82bb-76b72c6f0b0f', 'ef4d7f33-ba38-90a5-4bab-66400fb33015', 'co.fanki.project6.service.Business0Service', 'Business0Service', 'co.fanki.project6.service', 'SERVICE', 'Business service', 'src/co/fanki/project6/service/Business0Service.java', '2024-01-01 00:00:00'),
('394073be-7d2f-c7dd-364c-03240ec380fa', 'ef4d7f33-ba38-90a5-4bab-66400fb33015', 'co.fanki.project6.service.Business1Service', 'Business1Service', 'co.fanki.project6.service', 'SERVICE', 'Business service', 'src/co/fanki/project6/service/Business1Service.java', '2024-01-01 00:00:00'),
('3838a32f-db69-1c38-ae6f-ca2ae645707e', 'ef4d7f33-ba38-90a5-4bab-66400fb33015', 'co.fanki.project6.domain.Entity0', 'Entity0', 'co.fanki.project6.domain', 'ENTITY', 'Domain entity', 'src/co/fanki/project6/domain/Entity0.java', '2024-01-01 00:00:00'),
('9ed8b3fc-64eb-b477-4c66-2e26fc7f9eb2', 'ef4d7f33-ba38-90a5-4bab-66400fb33015', 'co.fanki.project6.domain.Entity1', 'Entity1', 'co.fanki.project6.domain', 'ENTITY', 'Domain entity', 'src/co/fanki/project6/domain/Entity1.java', '2024-01-01 00:00:00'),
('eece4b24-dc89-1448-d4b6-f66c8e7ab79e', 'ef4d7f33-ba38-90a5-4bab-66400fb33015', 'co.fanki.project6.domain.Entity2', 'Entity2', 'co.fanki.project6.domain', 'ENTITY', 'Domain entity', 'src/co/fanki/project6/domain/Entity2.java', '2024-01-01 00:00:00'),
('3f3d911b-6513-0301-1ff4-b49535987c65', 'ef4d7f33-ba38-90a5-4bab-66400fb33015', 'co.fanki.project6.domain.Entity3', 'Entity3', 'co.fanki.project6.domain', 'ENTITY', 'Domain entity', 'src/co/fanki/project6/domain/Entity3.java', '2024-01-01 00:00:00'),
('fb78f2c2-9175-bb61-4719-e0575339f3b4', 'ef4d7f33-ba38-90a5-4bab-66400fb33015', 'co.fanki.project6.domain.Entity4', 'Entity4', 'co.fanki.project6.domain', 'ENTITY', 'Domain entity', 'src/co/fanki/project6/domain/Entity4.java', '2024-01-01 00:00:00'),
('83cb5942-9503-009e-ddf4-87f9475b345b', 'ef4d7f33-ba38-90a5-4bab-66400fb33015', 'co.fanki.project6.domain.Entity5', 'Entity5', 'co.fanki.project6.domain', 'ENTITY', 'Domain entity', 'src/co/fanki/project6/domain/Entity5.java', '2024-01-01 00:00:00'),
('8f4ba293-0b78-1f6a-26a9-96836439dab3', 'ef4d7f33-ba38-90a5-4bab-66400fb33015', 'co.fanki.project6.domain.Entity6', 'Entity6', 'co.fanki.project6.domain', 'ENTITY', 'Domain entity', 'src/co/fanki/project6/domain/Entity6.java', '2024-01-01 00:00:00'),
('8a93a3df-d2ec-f6ea-b3dc-42ad8e8cb791', 'ef4d7f33-ba38-90a5-4bab-66400fb33015', 'co.fanki.project6.domain.Entity7', 'Entity7', 'co.fanki.project6.domain', 'ENTITY', 'Domain entity', 'src/co/fanki/project6/domain/Entity7.java', '2024-01-01 00:00:00'),
('5895995c-b3e5-eb98-e3c9-541e61535048', 'ef4d7f33-ba38-90a5-4bab-66400fb33015', 'co.fanki.project6.domain.Entity8', 'Entity8', 'co.fanki.project6.domain', 'ENTITY', 'Domain entity', 'src/co/fanki/project6/domain/Entity8.java', '2024-01-01 00:00:00'),
('eab065b6-64b3-e26d-10b2-7daaa7fa584a', 'ef4d7f33-ba38-90a5-4bab-66400fb33015', 'co.fanki.project6.domain.Entity9', 'Entity9', 'co.fanki.project6.domain', 'ENTITY', 'Domain entity', 'src/co/fanki/project6/domain/Entity9.java', '2024-01-01 00:00:00');

INSERT INTO source_methods (id, class_id, method_name, description, http_method, http_path, line_number, created_at) VALUES
('da0a2f64-654e-70be-34d5-27cf92f13eb3', '81529006-0122-3846-083b-c88bc6df1197', 'handle', 'Handles request', 'GET', '/api/v1/resource0', 10, '2024-01-01 00:00:00'),
('dbc33932-0d56-3290-64a8-293829d088de', 'e6c49f6d-c994-5d79-bab2-caadac7ce272', 'handle', 'Handles request', 'GET', '/api/v1/resource1', 10, '2024-01-01 00:00:00'),
('28ebdc7a-a35c-516c-5e54-f06c50c1b4d6', '2da315d7-dbc3-69ad-e2de-ef6d4813b0c5', 'handle', 'Handles request', 'GET', '/api/v1/resource2', 10, '2024-01-01 00:00:00'),
('94357225-3f57-9693-8bf9-9841a94def81', '61321a2e-d7a0-70f1-f128-77a8e7700d97', 'handle', 'Handles request', 'GET', '/api/v1/resource3', 10, '2024-01-01 00:00:00'),
('a8cbbe24-5e37-9e22-012c-7889c136c467', 'b3601cbd-b2b6-a6f8-7fff-271db8b98dac', 'handle', 'Handles request', 'GET', '/api/v1/resource4', 10, '2024-01-01 00:00:00'),
('5952f3b2-a946-97d5-7ca3-2628c630748a', '8bcc2c92-150e-38b2-82bb-76b72c6f0b0f', 'create', 'Business logic', NULL, NULL, 10, '2024-01-01 00:00:00'),
('0c72f736-5bcb-fd6b-a463-f148ecd54aa2', '8bcc2c92-150e-38b2-82bb-76b72c6f0b0f', 'update', 'Business logic', NULL, NULL, 20, '2024-01-01 00:00:00'),
('79d42d2d-8e7c-cf1f-b865-28afa3739f6d', '8bcc2c92-150e-38b2-82bb-76b72c6f0b0f', 'delete', 'Business logic', NULL, NULL, 30, '2024-01-01 00:00:00'),
('92969080-3bf0-3917-4ad3-1533d0f765d9', '8bcc2c92-150e-38b2-82bb-76b72c6f0b0f', 'find', 'Business logic', NULL, NULL, 40, '2024-01-01 00:00:00'),
('77398b7d-71a9-0c89-02cd-101261c6b595', '8bcc2c92-150e-38b2-82bb-76b72c6f0b0f', 'process', 'Business logic', NULL, NULL, 50, '2024-01-01 00:00:00'),
('336dd6a3-0a1f-ec75-c3da-a73cf6c5816d', '394073be-7d2f-c7dd-364c-03240ec380fa', 'create', 'Business logic', NULL, NULL, 10, '2024-01-01 00:00:00'),
('fd9ef73f-a59d-3a78-1bab-408cae6e888d', '394073be-7d2f-c7dd-364c-03240ec380fa', 'update', 'Business logic', NULL, NULL, 20, '2024-01-01 00:00:00'),
('809430a1-0e18-d0c3-39ef-a18b963baae2', '394073be-7d2f-c7dd-364c-03240ec380fa', 'delete', 'Business logic', NULL, NULL, 30, '2024-01-01 00:00:00'),
('bbd05cd7-cb5e-0ba0-5df2-894247b51bb3', '394073be-7d2f-c7dd-364c-03240ec380fa', 'find', 'Business logic', NULL, NULL, 40, '2024-01-01 00:00:00'),
('8b67ed89-17d0-4b0d-7bc7-10507564e368', '394073be-7d2f-c7dd-364c-03240ec380fa', 'process', 'Business logic', NULL, NULL, 50, '2024-01-01 00:00:00'),
('0be2cf4c-b673-5215-e65a-13573d34ee5a', '3838a32f-db69-1c38-ae6f-ca2ae645707e', 'getId', 'Entity method', NULL, NULL, 10, '2024-01-01 00:00:00'),
('4c1de68f-b90a-7fbb-235f-6d5bcf4b5cbb', '3838a32f-db69-1c38-ae6f-ca2ae645707e', 'getName', 'Entity method', NULL, NULL, 20, '2024-01-01 00:00:00'),
('5acb1833-da90-f39c-51aa-3fc093ade536', '3838a32f-db69-1c38-ae6f-ca2ae645707e', 'validate', 'Entity method', NULL, NULL, 30, '2024-01-01 00:00:00'),
('b01b2ebb-632d-c8c5-6f80-533107046707', '9ed8b3fc-64eb-b477-4c66-2e26fc7f9eb2', 'getId', 'Entity method', NULL, NULL, 10, '2024-01-01 00:00:00'),
('9b44044a-bd26-7424-d6b3-5eb5ac288720', '9ed8b3fc-64eb-b477-4c66-2e26fc7f9eb2', 'getName', 'Entity method', NULL, NULL, 20, '2024-01-01 00:00:00'),
('2097973d-88e6-4741-66e1-90bff81fbd7f', '9ed8b3fc-64eb-b477-4c66-2e26fc7f9eb2', 'validate', 'Entity method', NULL, NULL, 30, '2024-01-01 00:00:00'),
('e79320fc-d983-4b7d-a24e-3f60269bd42e', 'eece4b24-dc89-1448-d4b6-f66c8e7ab79e', 'getId', 'Entity method', NULL, NULL, 10, '2024-01-01 00:00:00'),
('75cfeff6-31e2-c093-e91a-fe208df516a7', 'eece4b24-dc89-1448-d4b6-f66c8e7ab79e', 'getName', 'Entity method', NULL, NULL, 20, '2024-01-01 00:00:00'),
('2ab078ac-b000-bf92-fcaf-cddb0b6c3f54', 'eece4b24-dc89-1448-d4b6-f66c8e7ab79e', 'validate', 'Entity method', NULL, NULL, 30, '2024-01-01 00:00:00'),
('6e6f36fe-3a8b-abc0-d55d-536364d881f1', '3f3d911b-6513-0301-1ff4-b49535987c65', 'getId', 'Entity method', NULL, NULL, 10, '2024-01-01 00:00:00'),
('e47048a1-7591-92d9-f6e7-29e23dce550a', '3f3d911b-6513-0301-1ff4-b49535987c65', 'getName', 'Entity method', NULL, NULL, 20, '2024-01-01 00:00:00'),
('db00c1dc-31cb-b6a8-d10f-95487ca9ed70', '3f3d911b-6513-0301-1ff4-b49535987c65', 'validate', 'Entity method', NULL, NULL, 30, '2024-01-01 00:00:00'),
('e8f9ee8c-eb5f-dddd-d3c1-ee29304c1098', 'fb78f2c2-9175-bb61-4719-e0575339f3b4', 'getId', 'Entity method', NULL, NULL, 10, '2024-01-01 00:00:00'),
('9e7870ec-4459-b2fe-1a9b-280d91de3ed2', 'fb78f2c2-9175-bb61-4719-e0575339f3b4', 'getName', 'Entity method', NULL, NULL, 20, '2024-01-01 00:00:00'),
('c454f026-7f23-b3f2-320d-fa58bcede605', 'fb78f2c2-9175-bb61-4719-e0575339f3b4', 'validate', 'Entity method', NULL, NULL, 30, '2024-01-01 00:00:00'),
('1f8cd7c4-1c5e-674b-0db3-61c0880d76fc', '83cb5942-9503-009e-ddf4-87f9475b345b', 'getId', 'Entity method', NULL, NULL, 10, '2024-01-01 00:00:00'),
('bc382405-6657-47d9-4f91-2b06a1e46aa6', '83cb5942-9503-009e-ddf4-87f9475b345b', 'getName', 'Entity method', NULL, NULL, 20, '2024-01-01 00:00:00'),
('d7092465-c7da-f560-f986-10273fddbdcc', '83cb5942-9503-009e-ddf4-87f9475b345b', 'validate', 'Entity method', NULL, NULL, 30, '2024-01-01 00:00:00'),
('1a9de861-4d89-679d-4193-8f0e17273713', '8f4ba293-0b78-1f6a-26a9-96836439dab3', 'getId', 'Entity method', NULL, NULL, 10, '2024-01-01 00:00:00'),
('97647547-c0fc-304b-7e1d-b39ab98a4f4a', '8f4ba293-0b78-1f6a-26a9-96836439dab3', 'getName', 'Entity method', NULL, NULL, 20, '2024-01-01 00:00:00'),
('da8e25b3-1230-1299-d0ec-e63dd3327bea', '8f4ba293-0b78-1f6a-26a9-96836439dab3', 'validate', 'Entity method', NULL, NULL, 30, '2024-01-01 00:00:00'),
('fad34ad1-eb00-e7a9-c617-5ee7f4fc8876', '8a93a3df-d2ec-f6ea-b3dc-42ad8e8cb791', 'getId', 'Entity method', NULL, NULL, 10, '2024-01-01 00:00:00'),
('aef90080-6a25-fbbb-792b-bd9922a83f8f', '8a93a3df-d2ec-f6ea-b3dc-42ad8e8cb791', 'getName', 'Entity method', NULL, NULL, 20, '2024-01-01 00:00:00'),
('0b653ebf-1138-b944-7a26-a65d1c84bf43', '8a93a3df-d2ec-f6ea-b3dc-42ad8e8cb791', 'validate', 'Entity method', NULL, NULL, 30, '2024-01-01 00:00:00'),
('996ae0bb-69a5-c0cb-a54d-d0aba5928426', '5895995c-b3e5-eb98-e3c9-541e61535048', 'getId', 'Entity method', NULL, NULL, 10, '2024-01-01 00:00:00'),
('517b2f80-ae9e-ff58-7597-98a6a9b92912', '5895995c-b3e5-eb98-e3c9-541e61535048', 'getName', 'Entity method', NULL, NULL, 20, '2024-01-01 00:00:00'),
('deb0dc88-3715-8e45-6fd8-880e542453b4', '5895995c-b3e5-eb98-e3c9-541e61535048', 'validate', 'Entity method', NULL, NULL, 30, '2024-01-01 00:00:00'),
('a14b5ead-29ae-9de7-a0b0-4eaaaca61aea', 'eab065b6-64b3-e26d-10b2-7daaa7fa584a', 'getId', 'Entity method', NULL, NULL, 10, '2024-01-01 00:00:00'),
('b20b7f3e-aa92-1fb6-07e5-2fce631c8907', 'eab065b6-64b3-e26d-10b2-7daaa7fa584a', 'getName', 'Entity method', NULL, NULL, 20, '2024-01-01 00:00:00'),
('1c52693e-224d-a2b0-4d86-4fb28233574e', 'eab065b6-64b3-e26d-10b2-7daaa7fa584a', 'validate', 'Entity method', NULL, NULL, 30, '2024-01-01 00:00:00');

INSERT INTO source_classes (id, project_id, full_class_name, simple_name, package_name, class_type, description, source_file, created_at) VALUES
('aed05919-20f2-44c7-eaf9-8fdb780d22ce', 'ed5f8a22-9990-ee67-a216-f17860e5ec15', 'co.fanki.project7.controller.Api0Controller', 'Api0Controller', 'co.fanki.project7.controller', 'CONTROLLER', 'REST controller', 'src/co/fanki/project7/controller/Api0Controller.java', '2024-01-01 00:00:00'),
('b39ee432-21dc-50ce-414c-86f74712c3c2', 'ed5f8a22-9990-ee67-a216-f17860e5ec15', 'co.fanki.project7.controller.Api1Controller', 'Api1Controller', 'co.fanki.project7.controller', 'CONTROLLER', 'REST controller', 'src/co/fanki/project7/controller/Api1Controller.java', '2024-01-01 00:00:00'),
('0d8abc3a-7d45-df09-9e27-4ce9f990cca9', 'ed5f8a22-9990-ee67-a216-f17860e5ec15', 'co.fanki.project7.controller.Api2Controller', 'Api2Controller', 'co.fanki.project7.controller', 'CONTROLLER', 'REST controller', 'src/co/fanki/project7/controller/Api2Controller.java', '2024-01-01 00:00:00'),
('b96e9b0f-2eb5-9147-c3c5-bb45b1df90e0', 'ed5f8a22-9990-ee67-a216-f17860e5ec15', 'co.fanki.project7.controller.Api3Controller', 'Api3Controller', 'co.fanki.project7.controller', 'CONTROLLER', 'REST controller', 'src/co/fanki/project7/controller/Api3Controller.java', '2024-01-01 00:00:00'),
('4513be9d-0bf2-f30e-1647-0a5e16317b63', 'ed5f8a22-9990-ee67-a216-f17860e5ec15', 'co.fanki.project7.controller.Api4Controller', 'Api4Controller', 'co.fanki.project7.controller', 'CONTROLLER', 'REST controller', 'src/co/fanki/project7/controller/Api4Controller.java', '2024-01-01 00:00:00'),
('a1367f76-11de-6509-90e6-6463ab22126f', 'ed5f8a22-9990-ee67-a216-f17860e5ec15', 'co.fanki.project7.service.Business0Service', 'Business0Service', 'co.fanki.project7.service', 'SERVICE', 'Business service', 'src/co/fanki/project7/service/Business0Service.java', '2024-01-01 00:00:00'),
('91e5d696-08b3-b1fe-58b3-e2bf5066e50a', 'ed5f8a22-9990-ee67-a216-f17860e5ec15', 'co.fanki.project7.service.Business1Service', 'Business1Service', 'co.fanki.project7.service', 'SERVICE', 'Business service', 'src/co/fanki/project7/service/Business1Service.java', '2024-01-01 00:00:00'),
('d8ac8a6b-df14-73d7-92d1-f63946ce941c', 'ed5f8a22-9990-ee67-a216-f17860e5ec15', 'co.fanki.project7.domain.Entity0', 'Entity0', 'co.fanki.project7.domain', 'ENTITY', 'Domain entity', 'src/co/fanki/project7/domain/Entity0.java', '2024-01-01 00:00:00'),
('6fcc1cc0-2962-2e46-78be-f75ad8c45d65', 'ed5f8a22-9990-ee67-a216-f17860e5ec15', 'co.fanki.project7.domain.Entity1', 'Entity1', 'co.fanki.project7.domain', 'ENTITY', 'Domain entity', 'src/co/fanki/project7/domain/Entity1.java', '2024-01-01 00:00:00'),
('d95822a7-6e0f-16a9-62e8-6125727ca730', 'ed5f8a22-9990-ee67-a216-f17860e5ec15', 'co.fanki.project7.domain.Entity2', 'Entity2', 'co.fanki.project7.domain', 'ENTITY', 'Domain entity', 'src/co/fanki/project7/domain/Entity2.java', '2024-01-01 00:00:00'),
('f268b190-f890-5650-6bfd-e077c133572d', 'ed5f8a22-9990-ee67-a216-f17860e5ec15', 'co.fanki.project7.domain.Entity3', 'Entity3', 'co.fanki.project7.domain', 'ENTITY', 'Domain entity', 'src/co/fanki/project7/domain/Entity3.java', '2024-01-01 00:00:00'),
('153cfb12-09d9-d69f-26ca-54bb0961fbf2', 'ed5f8a22-9990-ee67-a216-f17860e5ec15', 'co.fanki.project7.domain.Entity4', 'Entity4', 'co.fanki.project7.domain', 'ENTITY', 'Domain entity', 'src/co/fanki/project7/domain/Entity4.java', '2024-01-01 00:00:00'),
('375337d6-01bf-0352-995c-01afef65282a', 'ed5f8a22-9990-ee67-a216-f17860e5ec15', 'co.fanki.project7.domain.Entity5', 'Entity5', 'co.fanki.project7.domain', 'ENTITY', 'Domain entity', 'src/co/fanki/project7/domain/Entity5.java', '2024-01-01 00:00:00'),
('92e4c2cc-2143-0a09-040d-87f3025e6d28', 'ed5f8a22-9990-ee67-a216-f17860e5ec15', 'co.fanki.project7.domain.Entity6', 'Entity6', 'co.fanki.project7.domain', 'ENTITY', 'Domain entity', 'src/co/fanki/project7/domain/Entity6.java', '2024-01-01 00:00:00'),
('826a606b-ce2b-7051-32b0-8006b088a070', 'ed5f8a22-9990-ee67-a216-f17860e5ec15', 'co.fanki.project7.domain.Entity7', 'Entity7', 'co.fanki.project7.domain', 'ENTITY', 'Domain entity', 'src/co/fanki/project7/domain/Entity7.java', '2024-01-01 00:00:00'),
('e020dd6a-06ff-8a7b-2689-3950e0a2c4ce', 'ed5f8a22-9990-ee67-a216-f17860e5ec15', 'co.fanki.project7.domain.Entity8', 'Entity8', 'co.fanki.project7.domain', 'ENTITY', 'Domain entity', 'src/co/fanki/project7/domain/Entity8.java', '2024-01-01 00:00:00'),
('69aba1ec-775a-e168-3184-d862451375e8', 'ed5f8a22-9990-ee67-a216-f17860e5ec15', 'co.fanki.project7.domain.Entity9', 'Entity9', 'co.fanki.project7.domain', 'ENTITY', 'Domain entity', 'src/co/fanki/project7/domain/Entity9.java', '2024-01-01 00:00:00');

INSERT INTO source_methods (id, class_id, method_name, description, http_method, http_path, line_number, created_at) VALUES
('4166baaa-908e-1014-297b-6c966eb54f5c', 'aed05919-20f2-44c7-eaf9-8fdb780d22ce', 'handle', 'Handles request', 'GET', '/api/v1/resource0', 10, '2024-01-01 00:00:00'),
('822b10a9-6003-25cc-c574-72abf7a23559', 'b39ee432-21dc-50ce-414c-86f74712c3c2', 'handle', 'Handles request', 'GET', '/api/v1/resource1', 10, '2024-01-01 00:00:00'),
('fc1ac414-4809-de11-aac3-4bcd42400f4e', '0d8abc3a-7d45-df09-9e27-4ce9f990cca9', 'handle', 'Handles request', 'GET', '/api/v1/resource2', 10, '2024-01-01 00:00:00'),
('23230fda-94c3-f012-ddd3-d3336bedf1bb', 'b96e9b0f-2eb5-9147-c3c5-bb45b1df90e0', 'handle', 'Handles request', 'GET', '/api/v1/resource3', 10, '2024-01-01 00:00:00'),
('5c00e137-3998-eb4c-e0c6-123188c58275', '4513be9d-0bf2-f30e-1647-0a5e16317b63', 'handle', 'Handles request', 'GET', '/api/v1/resource4', 10, '2024-01-01 00:00:00'),
('40a2e0b7-0513-8f07-cdda-23f3e49a3346', 'a1367f76-11de-6509-90e6-6463ab22126f', 'create', 'Business logic', NULL, NULL, 10, '2024-01-01 00:00:00'),
('f4582c4f-9a95-a4c0-a188-502e5373707f', 'a1367f76-11de-6509-90e6-6463ab22126f', 'update', 'Business logic', NULL, NULL, 20, '2024-01-01 00:00:00'),
('69919e13-affd-81d0-b825-6c11d0f132f8', 'a1367f76-11de-6509-90e6-6463ab22126f', 'delete', 'Business logic', NULL, NULL, 30, '2024-01-01 00:00:00'),
('b54d51c2-956a-59ee-5b7b-14c5dffafecd', 'a1367f76-11de-6509-90e6-6463ab22126f', 'find', 'Business logic', NULL, NULL, 40, '2024-01-01 00:00:00'),
('4baad1a1-2866-8e8c-b05c-b91d030871de', 'a1367f76-11de-6509-90e6-6463ab22126f', 'process', 'Business logic', NULL, NULL, 50, '2024-01-01 00:00:00'),
('b7b0c549-b2a7-bfbf-49a6-1a5afe60ab6a', '91e5d696-08b3-b1fe-58b3-e2bf5066e50a', 'create', 'Business logic', NULL, NULL, 10, '2024-01-01 00:00:00'),
('3053cbee-6366-2f80-726f-de31ab9913c6', '91e5d696-08b3-b1fe-58b3-e2bf5066e50a', 'update', 'Business logic', NULL, NULL, 20, '2024-01-01 00:00:00'),
('9356deea-5c23-27d6-7ea5-aadb7dd12072', '91e5d696-08b3-b1fe-58b3-e2bf5066e50a', 'delete', 'Business logic', NULL, NULL, 30, '2024-01-01 00:00:00'),
('e8c8fae7-bc19-eff0-a415-15159c46abfa', '91e5d696-08b3-b1fe-58b3-e2bf5066e50a', 'find', 'Business logic', NULL, NULL, 40, '2024-01-01 00:00:00'),
('d09fe437-d287-4974-807b-ccd475b0d70b', '91e5d696-08b3-b1fe-58b3-e2bf5066e50a', 'process', 'Business logic', NULL, NULL, 50, '2024-01-01 00:00:00'),
('fbbf3bdc-3daf-8034-6357-bba44e282a49', 'd8ac8a6b-df14-73d7-92d1-f63946ce941c', 'getId', 'Entity method', NULL, NULL, 10, '2024-01-01 00:00:00'),
('a8b20d37-9ff0-dadf-019e-46f0708e45a9', 'd8ac8a6b-df14-73d7-92d1-f63946ce941c', 'getName', 'Entity method', NULL, NULL, 20, '2024-01-01 00:00:00'),
('fcd459f0-9fe4-9c2a-0d0f-26d16c681ded', 'd8ac8a6b-df14-73d7-92d1-f63946ce941c', 'validate', 'Entity method', NULL, NULL, 30, '2024-01-01 00:00:00'),
('09051600-4503-5b6a-f992-becca7a1f7f2', '6fcc1cc0-2962-2e46-78be-f75ad8c45d65', 'getId', 'Entity method', NULL, NULL, 10, '2024-01-01 00:00:00'),
('9c121f16-26f2-0ecc-6a7c-3b32c77f3033', '6fcc1cc0-2962-2e46-78be-f75ad8c45d65', 'getName', 'Entity method', NULL, NULL, 20, '2024-01-01 00:00:00'),
('063c4967-4c0b-74fa-466e-a68aab5f9e91', '6fcc1cc0-2962-2e46-78be-f75ad8c45d65', 'validate', 'Entity method', NULL, NULL, 30, '2024-01-01 00:00:00'),
('93e27852-7f35-df46-4ad0-54dc7925db78', 'd95822a7-6e0f-16a9-62e8-6125727ca730', 'getId', 'Entity method', NULL, NULL, 10, '2024-01-01 00:00:00'),
('b2ae80e6-a995-6753-f717-3e1aba3a5503', 'd95822a7-6e0f-16a9-62e8-6125727ca730', 'getName', 'Entity method', NULL, NULL, 20, '2024-01-01 00:00:00'),
('8693fd3d-516d-a6ce-4a70-e4318ee6e36a', 'd95822a7-6e0f-16a9-62e8-6125727ca730', 'validate', 'Entity method', NULL, NULL, 30, '2024-01-01 00:00:00'),
('aab74e30-0e92-addb-8992-ef0baba570e9', 'f268b190-f890-5650-6bfd-e077c133572d', 'getId', 'Entity method', NULL, NULL, 10, '2024-01-01 00:00:00'),
('c78e0beb-6cf8-e2de-f202-3ce133f9e6db', 'f268b190-f890-5650-6bfd-e077c133572d', 'getName', 'Entity method', NULL, NULL, 20, '2024-01-01 00:00:00'),
('31dbc6e5-51bd-ea0a-2580-80998842711e', 'f268b190-f890-5650-6bfd-e077c133572d', 'validate', 'Entity method', NULL, NULL, 30, '2024-01-01 00:00:00'),
('60fea2db-d78c-2a46-b239-c43ca7834382', '153cfb12-09d9-d69f-26ca-54bb0961fbf2', 'getId', 'Entity method', NULL, NULL, 10, '2024-01-01 00:00:00'),
('4138c644-f712-22dd-5290-efc7491d9c14', '153cfb12-09d9-d69f-26ca-54bb0961fbf2', 'getName', 'Entity method', NULL, NULL, 20, '2024-01-01 00:00:00'),
('10a5a744-dc31-d1b5-c004-c654eb25ae08', '153cfb12-09d9-d69f-26ca-54bb0961fbf2', 'validate', 'Entity method', NULL, NULL, 30, '2024-01-01 00:00:00'),
('b084f363-0d1a-3d8f-d666-664e0ba5a19b', '375337d6-01bf-0352-995c-01afef65282a', 'getId', 'Entity method', NULL, NULL, 10, '2024-01-01 00:00:00'),
('925d464c-2fdd-af5a-5849-8396f57f35cf', '375337d6-01bf-0352-995c-01afef65282a', 'getName', 'Entity method', NULL, NULL, 20, '2024-01-01 00:00:00'),
('03b04d9d-21ad-4517-56a8-5b26658dd6df', '375337d6-01bf-0352-995c-01afef65282a', 'validate', 'Entity method', NULL, NULL, 30, '2024-01-01 00:00:00'),
('531e05bb-3e4c-9c92-50d4-b65ddc054a8b', '92e4c2cc-2143-0a09-040d-87f3025e6d28', 'getId', 'Entity method', NULL, NULL, 10, '2024-01-01 00:00:00'),
('f013b9e5-7ed0-6655-ad1b-93eb3ac31f80', '92e4c2cc-2143-0a09-040d-87f3025e6d28', 'getName', 'Entity method', NULL, NULL, 20, '2024-01-01 00:00:00'),
('a703978b-7545-e60c-073d-8b405be356ef', '92e4c2cc-2143-0a09-040d-87f3025e6d28', 'validate', 'Entity method', NULL, NULL, 30, '2024-01-01 00:00:00'),
('5103ddc3-555c-58ee-e05a-57c01a963bac', '826a606b-ce2b-7051-32b0-8006b088a070', 'getId', 'Entity method', NULL, NULL, 10, '2024-01-01 00:00:00'),
('91951c30-8623-334f-fa8f-043349bbee71', '826a606b-ce2b-7051-32b0-8006b088a070', 'getName', 'Entity method', NULL, NULL, 20, '2024-01-01 00:00:00'),
('71b028b5-a942-0644-fcce-b693a1954ebd', '826a606b-ce2b-7051-32b0-8006b088a070', 'validate', 'Entity method', NULL, NULL, 30, '2024-01-01 00:00:00'),
('23cbc2aa-23c6-d46e-b66b-ef2993a29c9f', 'e020dd6a-06ff-8a7b-2689-3950e0a2c4ce', 'getId', 'Entity method', NULL, NULL, 10, '2024-01-01 00:00:00'),
('1c91fd06-8954-67ee-2e3c-1b93d79429d5', 'e020dd6a-06ff-8a7b-2689-3950e0a2c4ce', 'getName', 'Entity method', NULL, NULL, 20, '2024-01-01 00:00:00'),
('f5d0fefc-d5f6-b95b-a790-9d236f518327', 'e020dd6a-06ff-8a7b-2689-3950e0a2c4ce', 'validate', 'Entity method', NULL, NULL, 30, '2024-01-01 00:00:00'),
('cbabc7f1-ab67-32e7-dc5f-de22a4fb04a3', '69aba1ec-775a-e168-3184-d862451375e8', 'getId', 'Entity method', NULL, NULL, 10, '2024-01-01 00:00:00'),
('9d4b26d2-3d59-8d33-925a-bf6989161640', '69aba1ec-775a-e168-3184-d862451375e8', 'getName', 'Entity method', NULL, NULL, 20, '2024-01-01 00:00:00'),
('2489f590-e650-966b-b558-a484d0844e97', '69aba1ec-775a-e168-3184-d862451375e8', 'validate', 'Entity method', NULL, NULL, 30, '2024-01-01 00:00:00');

INSERT INTO source_classes (id, project_id, full_class_name, simple_name, package_name, class_type, description, source_file, created_at) VALUES
('d472d311-6ef3-34dc-39f7-3ec4f0ad5995', '143b6240-7a30-4339-5359-96ac279089bd', 'co.fanki.project8.controller.Api0Controller', 'Api0Controller', 'co.fanki.project8.controller', 'CONTROLLER', 'REST controller', 'src/co/fanki/project8/controller/Api0Controller.java', '2024-01-01 00:00:00'),
('ecdb3478-12ac-4de1-de9b-4aac509f92fd', '143b6240-7a30-4339-5359-96ac279089bd', 'co.fanki.project8.controller.Api1Controller', 'Api1Controller', 'co.fanki.project8.controller', 'CONTROLLER', 'REST controller', 'src/co/fanki/project8/controller/Api1Controller.java', '2024-01-01 00:00:00'),
('fe49e36e-c799-cb70-8c55-1f3274a35c84', '143b6240-7a30-4339-5359-96ac279089bd', 'co.fanki.project8.controller.Api2Controller', 'Api2Controller', 'co.fanki.project8.controller', 'CONTROLLER', 'REST controller', 'src/co/fanki/project8/controller/Api2Controller.java', '2024-01-01 00:00:00'),
('e9cab08c-bc34-59ab-9c2a-d4aa0eca0d16', '143b6240-7a30-4339-5359-96ac279089bd', 'co.fanki.project8.controller.Api3Controller', 'Api3Controller', 'co.fanki.project8.controller', 'CONTROLLER', 'REST controller', 'src/co/fanki/project8/controller/Api3Controller.java', '2024-01-01 00:00:00'),
('990c4b8a-56cc-76c4-105c-e69151476ff6', '143b6240-7a30-4339-5359-96ac279089bd', 'co.fanki.project8.controller.Api4Controller', 'Api4Controller', 'co.fanki.project8.controller', 'CONTROLLER', 'REST controller', 'src/co/fanki/project8/controller/Api4Controller.java', '2024-01-01 00:00:00'),
('bb826270-5425-13cb-a959-ef1735d454bf', '143b6240-7a30-4339-5359-96ac279089bd', 'co.fanki.project8.service.Business0Service', 'Business0Service', 'co.fanki.project8.service', 'SERVICE', 'Business service', 'src/co/fanki/project8/service/Business0Service.java', '2024-01-01 00:00:00'),
('f855ad5a-1fe9-d46b-bb9f-a4be00b3d090', '143b6240-7a30-4339-5359-96ac279089bd', 'co.fanki.project8.service.Business1Service', 'Business1Service', 'co.fanki.project8.service', 'SERVICE', 'Business service', 'src/co/fanki/project8/service/Business1Service.java', '2024-01-01 00:00:00'),
('3cb3340b-e62f-3ada-d2e1-2285a53e0c09', '143b6240-7a30-4339-5359-96ac279089bd', 'co.fanki.project8.domain.Entity0', 'Entity0', 'co.fanki.project8.domain', 'ENTITY', 'Domain entity', 'src/co/fanki/project8/domain/Entity0.java', '2024-01-01 00:00:00'),
('e7191c6f-d929-64d6-7f3c-b27dd8e6ebad', '143b6240-7a30-4339-5359-96ac279089bd', 'co.fanki.project8.domain.Entity1', 'Entity1', 'co.fanki.project8.domain', 'ENTITY', 'Domain entity', 'src/co/fanki/project8/domain/Entity1.java', '2024-01-01 00:00:00'),
('f5236f65-c18b-03a8-e58e-b7fc9c99f439', '143b6240-7a30-4339-5359-96ac279089bd', 'co.fanki.project8.domain.Entity2', 'Entity2', 'co.fanki.project8.domain', 'ENTITY', 'Domain entity', 'src/co/fanki/project8/domain/Entity2.java', '2024-01-01 00:00:00'),
('00a2de39-3a21-0ecd-1596-e8bca813ed2c', '143b6240-7a30-4339-5359-96ac279089bd', 'co.fanki.project8.domain.Entity3', 'Entity3', 'co.fanki.project8.domain', 'ENTITY', 'Domain entity', 'src/co/fanki/project8/domain/Entity3.java', '2024-01-01 00:00:00'),
('450ee702-8cba-b97b-2521-f6312cdc8703', '143b6240-7a30-4339-5359-96ac279089bd', 'co.fanki.project8.domain.Entity4', 'Entity4', 'co.fanki.project8.domain', 'ENTITY', 'Domain entity', 'src/co/fanki/project8/domain/Entity4.java', '2024-01-01 00:00:00'),
('24f67c13-575c-b548-786e-008cfca1d89b', '143b6240-7a30-4339-5359-96ac279089bd', 'co.fanki.project8.domain.Entity5', 'Entity5', 'co.fanki.project8.domain', 'ENTITY', 'Domain entity', 'src/co/fanki/project8/domain/Entity5.java', '2024-01-01 00:00:00'),
('71b71830-3ba2-54c5-b9f0-60f1888eea19', '143b6240-7a30-4339-5359-96ac279089bd', 'co.fanki.project8.domain.Entity6', 'Entity6', 'co.fanki.project8.domain', 'ENTITY', 'Domain entity', 'src/co/fanki/project8/domain/Entity6.java', '2024-01-01 00:00:00'),
('eeade751-cc33-577e-b0f5-a8b4a6315a1b', '143b6240-7a30-4339-5359-96ac279089bd', 'co.fanki.project8.domain.Entity7', 'Entity7', 'co.fanki.project8.domain', 'ENTITY', 'Domain entity', 'src/co/fanki/project8/domain/Entity7.java', '2024-01-01 00:00:00'),
('52ee7de6-7ab7-b588-b620-902aba56fa46', '143b6240-7a30-4339-5359-96ac279089bd', 'co.fanki.project8.domain.Entity8', 'Entity8', 'co.fanki.project8.domain', 'ENTITY', 'Domain entity', 'src/co/fanki/project8/domain/Entity8.java', '2024-01-01 00:00:00'),
('cb82e822-ef77-6591-d566-d71ae219f23a', '143b6240-7a30-4339-5359-96ac279089bd', 'co.fanki.project8.domain.Entity9', 'Entity9', 'co.fanki.project8.domain', 'ENTITY', 'Domain entity', 'src/co/fanki/project8/domain/Entity9.java', '2024-01-01 00:00:00');

INSERT INTO source_methods (id, class_id, method_name, description, http_method, http_path, line_number, created_at) VALUES
('9f928f33-78fc-80a0-70fe-795eb04f7a52', 'd472d311-6ef3-34dc-39f7-3ec4f0ad5995', 'handle', 'Handles request', 'GET', '/api/v1/resource0', 10, '2024-01-01 00:00:00'),
('9385790d-4ec3-ba96-da22-38b333610e51', 'ecdb3478-12ac-4de1-de9b-4aac509f92fd', 'handle', 'Handles request', 'GET', '/api/v1/resource1', 10, '2024-01-01 00:00:00'),
('426b35ef-d7fa-504e-4421-a74fd06806fe', 'fe49e36e-c799-cb70-8c55-1f3274a35c84', 'handle', 'Handles request', 'GET', '/api/v1/resource2', 10, '2024-01-01 00:00:00'),
('97a4edc3-f535-a961-87af-01f0d7c6be91', 'e9cab08c-bc34-59ab-9c2a-d4aa0eca0d16', 'handle', 'Handles request', 'GET', '/api/v1/resource3', 10, '2024-01-01 00:00:00'),
('9212b5cb-f19d-a25b-506c-efa92e99f7af', '990c4b8a-56cc-76c4-105c-e69151476ff6', 'handle', 'Handles request', 'GET', '/api/v1/resource4', 10, '2024-01-01 00:00:00'),
('1fb6452a-326b-6f58-d3a6-9a6f65dcb23f', 'bb826270-5425-13cb-a959-ef1735d454bf', 'create', 'Business logic', NULL, NULL, 10, '2024-01-01 00:00:00'),
('3606fcef-2215-6215-d160-e110c0f004fa', 'bb826270-5425-13cb-a959-ef1735d454bf', 'update', 'Business logic', NULL, NULL, 20, '2024-01-01 00:00:00'),
('8ef54b4c-3d02-6ebe-744e-4cd8ffe95964', 'bb826270-5425-13cb-a959-ef1735d454bf', 'delete', 'Business logic', NULL, NULL, 30, '2024-01-01 00:00:00'),
('0d3971e3-1caa-35f2-e691-ea36227f0ac8', 'bb826270-5425-13cb-a959-ef1735d454bf', 'find', 'Business logic', NULL, NULL, 40, '2024-01-01 00:00:00'),
('66ddae4b-49e2-f4ba-9a9b-095049123ed5', 'bb826270-5425-13cb-a959-ef1735d454bf', 'process', 'Business logic', NULL, NULL, 50, '2024-01-01 00:00:00'),
('f5d8d276-b8c9-0f97-85fa-1cb1cf4d4dbb', 'f855ad5a-1fe9-d46b-bb9f-a4be00b3d090', 'create', 'Business logic', NULL, NULL, 10, '2024-01-01 00:00:00'),
('66613ce7-ab0a-32db-4402-e63e8d25be63', 'f855ad5a-1fe9-d46b-bb9f-a4be00b3d090', 'update', 'Business logic', NULL, NULL, 20, '2024-01-01 00:00:00'),
('e6ad9d8e-54bc-836c-f568-6d0370cb754d', 'f855ad5a-1fe9-d46b-bb9f-a4be00b3d090', 'delete', 'Business logic', NULL, NULL, 30, '2024-01-01 00:00:00'),
('a399baeb-f5fa-15de-2fe5-53e82e1dba34', 'f855ad5a-1fe9-d46b-bb9f-a4be00b3d090', 'find', 'Business logic', NULL, NULL, 40, '2024-01-01 00:00:00'),
('4e5c1590-c2a8-5d68-a1ce-ff3f6f15fe3c', 'f855ad5a-1fe9-d46b-bb9f-a4be00b3d090', 'process', 'Business logic', NULL, NULL, 50, '2024-01-01 00:00:00'),
('6d5c7ec6-71bc-4d3c-1103-237e08de5bd7', '3cb3340b-e62f-3ada-d2e1-2285a53e0c09', 'getId', 'Entity method', NULL, NULL, 10, '2024-01-01 00:00:00'),
('375e241a-7f61-2bde-f742-29ec4b6cf3c3', '3cb3340b-e62f-3ada-d2e1-2285a53e0c09', 'getName', 'Entity method', NULL, NULL, 20, '2024-01-01 00:00:00'),
('f09f4e35-0ab7-f89e-85b9-c87bde104bbb', '3cb3340b-e62f-3ada-d2e1-2285a53e0c09', 'validate', 'Entity method', NULL, NULL, 30, '2024-01-01 00:00:00'),
('fdfa5847-582f-e8ae-9b64-2379f311c51c', 'e7191c6f-d929-64d6-7f3c-b27dd8e6ebad', 'getId', 'Entity method', NULL, NULL, 10, '2024-01-01 00:00:00'),
('a24e450e-ac48-fc20-7bd8-5b7acdf418f3', 'e7191c6f-d929-64d6-7f3c-b27dd8e6ebad', 'getName', 'Entity method', NULL, NULL, 20, '2024-01-01 00:00:00'),
('efcd81d4-8aa1-3539-5a4c-f86c8e089b84', 'e7191c6f-d929-64d6-7f3c-b27dd8e6ebad', 'validate', 'Entity method', NULL, NULL, 30, '2024-01-01 00:00:00'),
('444f40a7-9a31-0a10-61b6-df942abab211', 'f5236f65-c18b-03a8-e58e-b7fc9c99f439', 'getId', 'Entity method', NULL, NULL, 10, '2024-01-01 00:00:00'),
('23b26f08-6a73-2d3f-6d97-269675e40abc', 'f5236f65-c18b-03a8-e58e-b7fc9c99f439', 'getName', 'Entity method', NULL, NULL, 20, '2024-01-01 00:00:00'),
('67de26db-4491-6e09-98cd-c1fff34a4b1a', 'f5236f65-c18b-03a8-e58e-b7fc9c99f439', 'validate', 'Entity method', NULL, NULL, 30, '2024-01-01 00:00:00'),
('7ab46e94-8d0d-4244-f081-3cb59fe921e3', '00a2de39-3a21-0ecd-1596-e8bca813ed2c', 'getId', 'Entity method', NULL, NULL, 10, '2024-01-01 00:00:00'),
('febecea0-7ff4-748b-1776-0ae1effca0ea', '00a2de39-3a21-0ecd-1596-e8bca813ed2c', 'getName', 'Entity method', NULL, NULL, 20, '2024-01-01 00:00:00'),
('18d54803-d36b-b02f-0543-ffdd03852dca', '00a2de39-3a21-0ecd-1596-e8bca813ed2c', 'validate', 'Entity method', NULL, NULL, 30, '2024-01-01 00:00:00'),
('95b4f4aa-64ed-989c-62cc-2b975ea07c18', '450ee702-8cba-b97b-2521-f6312cdc8703', 'getId', 'Entity method', NULL, NULL, 10, '2024-01-01 00:00:00'),
('1116c8bf-e220-2e72-506d-161c784682ee', '450ee702-8cba-b97b-2521-f6312cdc8703', 'getName', 'Entity method', NULL, NULL, 20, '2024-01-01 00:00:00'),
('006bff73-cbd9-546d-338c-97c445e78f23', '450ee702-8cba-b97b-2521-f6312cdc8703', 'validate', 'Entity method', NULL, NULL, 30, '2024-01-01 00:00:00'),
('c92257e8-ff0e-0d19-e8e0-86a9bc396073', '24f67c13-575c-b548-786e-008cfca1d89b', 'getId', 'Entity method', NULL, NULL, 10, '2024-01-01 00:00:00'),
('13702c49-519e-441f-4fee-34b614851f6a', '24f67c13-575c-b548-786e-008cfca1d89b', 'getName', 'Entity method', NULL, NULL, 20, '2024-01-01 00:00:00'),
('02404c6d-f91e-bcd2-e4e2-f3b5c5150b28', '24f67c13-575c-b548-786e-008cfca1d89b', 'validate', 'Entity method', NULL, NULL, 30, '2024-01-01 00:00:00'),
('c1049e0c-ed38-2f71-8316-1633f0443248', '71b71830-3ba2-54c5-b9f0-60f1888eea19', 'getId', 'Entity method', NULL, NULL, 10, '2024-01-01 00:00:00'),
('4361b808-e725-8678-8d86-82ff24567c6f', '71b71830-3ba2-54c5-b9f0-60f1888eea19', 'getName', 'Entity method', NULL, NULL, 20, '2024-01-01 00:00:00'),
('48497112-c12c-4099-d0cb-21ef7e135022', '71b71830-3ba2-54c5-b9f0-60f1888eea19', 'validate', 'Entity method', NULL, NULL, 30, '2024-01-01 00:00:00'),
('6bd0470d-7025-4c9c-3aff-49da8166e89d', 'eeade751-cc33-577e-b0f5-a8b4a6315a1b', 'getId', 'Entity method', NULL, NULL, 10, '2024-01-01 00:00:00'),
('eb444995-9bf5-cff0-d6d4-c8608eaf042d', 'eeade751-cc33-577e-b0f5-a8b4a6315a1b', 'getName', 'Entity method', NULL, NULL, 20, '2024-01-01 00:00:00'),
('a1a7e4ba-168d-9f2c-545e-f77b0fa2087b', 'eeade751-cc33-577e-b0f5-a8b4a6315a1b', 'validate', 'Entity method', NULL, NULL, 30, '2024-01-01 00:00:00'),
('7f8c60b7-03a8-a61b-e1c8-64b1bdc0bf97', '52ee7de6-7ab7-b588-b620-902aba56fa46', 'getId', 'Entity method', NULL, NULL, 10, '2024-01-01 00:00:00'),
('6e57e03a-c3e9-3d65-7ab8-5a5901ea1382', '52ee7de6-7ab7-b588-b620-902aba56fa46', 'getName', 'Entity method', NULL, NULL, 20, '2024-01-01 00:00:00'),
('d7046c52-398c-d237-7f90-935a82494e5b', '52ee7de6-7ab7-b588-b620-902aba56fa46', 'validate', 'Entity method', NULL, NULL, 30, '2024-01-01 00:00:00'),
('8413dfd5-d85d-8cfa-c99d-83e8aab636d8', 'cb82e822-ef77-6591-d566-d71ae219f23a', 'getId', 'Entity method', NULL, NULL, 10, '2024-01-01 00:00:00'),
('4fe11274-3ac5-1e0e-5542-15f0dc45db6c', 'cb82e822-ef77-6591-d566-d71ae219f23a', 'getName', 'Entity method', NULL, NULL, 20, '2024-01-01 00:00:00'),
('0e6eb5d2-f876-f47d-f635-66ddd8d620a4', 'cb82e822-ef77-6591-d566-d71ae219f23a', 'validate', 'Entity method', NULL, NULL, 30, '2024-01-01 00:00:00');

INSERT INTO source_classes (id, project_id, full_class_name, simple_name, package_name, class_type, description, source_file, created_at) VALUES
('d6d765dc-9dab-1f09-83d2-16c7bee06155', '9896416d-2de4-d6f2-b223-105753742ac7', 'co.fanki.project9.controller.Api0Controller', 'Api0Controller', 'co.fanki.project9.controller', 'CONTROLLER', 'REST controller', 'src/co/fanki/project9/controller/Api0Controller.java', '2024-01-01 00:00:00'),
('57198a22-c9d9-db39-55c3-289f7fbfaa3c', '9896416d-2de4-d6f2-b223-105753742ac7', 'co.fanki.project9.controller.Api1Controller', 'Api1Controller', 'co.fanki.project9.controller', 'CONTROLLER', 'REST controller', 'src/co/fanki/project9/controller/Api1Controller.java', '2024-01-01 00:00:00'),
('2a7a04ba-3b13-d0ab-c3de-7b6a1f49fff0', '9896416d-2de4-d6f2-b223-105753742ac7', 'co.fanki.project9.controller.Api2Controller', 'Api2Controller', 'co.fanki.project9.controller', 'CONTROLLER', 'REST controller', 'src/co/fanki/project9/controller/Api2Controller.java', '2024-01-01 00:00:00'),
('e8b61ede-ec46-8001-9365-d1a304f41c1d', '9896416d-2de4-d6f2-b223-105753742ac7', 'co.fanki.project9.controller.Api3Controller', 'Api3Controller', 'co.fanki.project9.controller', 'CONTROLLER', 'REST controller', 'src/co/fanki/project9/controller/Api3Controller.java', '2024-01-01 00:00:00'),
('295dc501-9a3d-8a51-8107-8bb7d9e00df6', '9896416d-2de4-d6f2-b223-105753742ac7', 'co.fanki.project9.controller.Api4Controller', 'Api4Controller', 'co.fanki.project9.controller', 'CONTROLLER', 'REST controller', 'src/co/fanki/project9/controller/Api4Controller.java', '2024-01-01 00:00:00'),
('074097e3-6c75-a607-440a-67f33bbff816', '9896416d-2de4-d6f2-b223-105753742ac7', 'co.fanki.project9.service.Business0Service', 'Business0Service', 'co.fanki.project9.service', 'SERVICE', 'Business service', 'src/co/fanki/project9/service/Business0Service.java', '2024-01-01 00:00:00'),
('be58616b-7da4-6b72-c8d8-5452794e914d', '9896416d-2de4-d6f2-b223-105753742ac7', 'co.fanki.project9.service.Business1Service', 'Business1Service', 'co.fanki.project9.service', 'SERVICE', 'Business service', 'src/co/fanki/project9/service/Business1Service.java', '2024-01-01 00:00:00'),
('d650ba05-64d3-9e01-66e5-25e0e6a6a003', '9896416d-2de4-d6f2-b223-105753742ac7', 'co.fanki.project9.domain.Entity0', 'Entity0', 'co.fanki.project9.domain', 'ENTITY', 'Domain entity', 'src/co/fanki/project9/domain/Entity0.java', '2024-01-01 00:00:00'),
('880e6bba-7352-9ec5-aced-e7c5f4f4ce0c', '9896416d-2de4-d6f2-b223-105753742ac7', 'co.fanki.project9.domain.Entity1', 'Entity1', 'co.fanki.project9.domain', 'ENTITY', 'Domain entity', 'src/co/fanki/project9/domain/Entity1.java', '2024-01-01 00:00:00'),
('d8bba129-53a7-afa2-e920-1d86f99ad58f', '9896416d-2de4-d6f2-b223-105753742ac7', 'co.fanki.project9.domain.Entity2', 'Entity2', 'co.fanki.project9.domain', 'ENTITY', 'Domain entity', 'src/co/fanki/project9/domain/Entity2.java', '2024-01-01 00:00:00'),
('b3aa30ab-5234-7619-4a86-5138159c73a7', '9896416d-2de4-d6f2-b223-105753742ac7', 'co.fanki.project9.domain.Entity3', 'Entity3', 'co.fanki.project9.domain', 'ENTITY', 'Domain entity', 'src/co/fanki/project9/domain/Entity3.java', '2024-01-01 00:00:00'),
('aabec689-7b71-a0d4-2a56-bc16ad886a94', '9896416d-2de4-d6f2-b223-105753742ac7', 'co.fanki.project9.domain.Entity4', 'Entity4', 'co.fanki.project9.domain', 'ENTITY', 'Domain entity', 'src/co/fanki/project9/domain/Entity4.java', '2024-01-01 00:00:00'),
('0b162712-7de3-06e2-c436-993e8b3011e8', '9896416d-2de4-d6f2-b223-105753742ac7', 'co.fanki.project9.domain.Entity5', 'Entity5', 'co.fanki.project9.domain', 'ENTITY', 'Domain entity', 'src/co/fanki/project9/domain/Entity5.java', '2024-01-01 00:00:00'),
('67bcf31c-cfa0-a1de-d12c-dd10f6065923', '9896416d-2de4-d6f2-b223-105753742ac7', 'co.fanki.project9.domain.Entity6', 'Entity6', 'co.fanki.project9.domain', 'ENTITY', 'Domain entity', 'src/co/fanki/project9/domain/Entity6.java', '2024-01-01 00:00:00'),
('138be279-923e-4e30-7035-b0c439822b9d', '9896416d-2de4-d6f2-b223-105753742ac7', 'co.fanki.project9.domain.Entity7', 'Entity7', 'co.fanki.project9.domain', 'ENTITY', 'Domain entity', 'src/co/fanki/project9/domain/Entity7.java', '2024-01-01 00:00:00'),
('a0bdb0ab-e123-51e6-41d6-a6b6076d8fc6', '9896416d-2de4-d6f2-b223-105753742ac7', 'co.fanki.project9.domain.Entity8', 'Entity8', 'co.fanki.project9.domain', 'ENTITY', 'Domain entity', 'src/co/fanki/project9/domain/Entity8.java', '2024-01-01 00:00:00'),
('c3f073d3-4b12-f1f6-c8f1-a5e216f6ac52', '9896416d-2de4-d6f2-b223-105753742ac7', 'co.fanki.project9.domain.Entity9', 'Entity9', 'co.fanki.project9.domain', 'ENTITY', 'Domain entity', 'src/co/fanki/project9/domain/Entity9.java', '2024-01-01 00:00:00');

INSERT INTO source_methods (id, class_id, method_name, description, http_method, http_path, line_number, created_at) VALUES
('56026e6b-3d81-2821-fa95-9f156fa25a58', 'd6d765dc-9dab-1f09-83d2-16c7bee06155', 'handle', 'Handles request', 'GET', '/api/v1/resource0', 10, '2024-01-01 00:00:00'),
('a53ba70f-fa22-c50a-5956-641089746c65', '57198a22-c9d9-db39-55c3-289f7fbfaa3c', 'handle', 'Handles request', 'GET', '/api/v1/resource1', 10, '2024-01-01 00:00:00'),
('752af3a9-f461-6f16-2ebe-b178fdf8e49f', '2a7a04ba-3b13-d0ab-c3de-7b6a1f49fff0', 'handle', 'Handles request', 'GET', '/api/v1/resource2', 10, '2024-01-01 00:00:00'),
('559769ef-8bfb-db1a-8e38-85febbbd8a24', 'e8b61ede-ec46-8001-9365-d1a304f41c1d', 'handle', 'Handles request', 'GET', '/api/v1/resource3', 10, '2024-01-01 00:00:00'),
('2074bef9-46aa-748f-7051-6329dc8fa175', '295dc501-9a3d-8a51-8107-8bb7d9e00df6', 'handle', 'Handles request', 'GET', '/api/v1/resource4', 10, '2024-01-01 00:00:00'),
('6b4e02d8-8296-3c6e-72fd-4beb6d7259b9', '074097e3-6c75-a607-440a-67f33bbff816', 'create', 'Business logic', NULL, NULL, 10, '2024-01-01 00:00:00'),
('331f5fbd-fdd2-728d-fe19-f89087a6cb23', '074097e3-6c75-a607-440a-67f33bbff816', 'update', 'Business logic', NULL, NULL, 20, '2024-01-01 00:00:00'),
('cca38bc8-6958-44bc-9ef0-a71ae5feed20', '074097e3-6c75-a607-440a-67f33bbff816', 'delete', 'Business logic', NULL, NULL, 30, '2024-01-01 00:00:00'),
('9b829715-e740-ad01-4620-ce074fda9588', '074097e3-6c75-a607-440a-67f33bbff816', 'find', 'Business logic', NULL, NULL, 40, '2024-01-01 00:00:00'),
('c68e39d5-1e69-2642-b157-78482cd453e9', '074097e3-6c75-a607-440a-67f33bbff816', 'process', 'Business logic', NULL, NULL, 50, '2024-01-01 00:00:00'),
('c1cb4e92-be25-a6d8-bd32-866ad68172d0', 'be58616b-7da4-6b72-c8d8-5452794e914d', 'create', 'Business logic', NULL, NULL, 10, '2024-01-01 00:00:00'),
('3ec03646-510d-c398-37d3-53ddf7ef8a96', 'be58616b-7da4-6b72-c8d8-5452794e914d', 'update', 'Business logic', NULL, NULL, 20, '2024-01-01 00:00:00'),
('af6245a1-e6d7-23f7-d3e3-712b85c5b0b8', 'be58616b-7da4-6b72-c8d8-5452794e914d', 'delete', 'Business logic', NULL, NULL, 30, '2024-01-01 00:00:00'),
('b95e3a94-00b8-4aa9-eb9b-833610a76f93', 'be58616b-7da4-6b72-c8d8-5452794e914d', 'find', 'Business logic', NULL, NULL, 40, '2024-01-01 00:00:00'),
('3ea23cd6-bbb6-6d0d-e2c0-acdd3784d3ca', 'be58616b-7da4-6b72-c8d8-5452794e914d', 'process', 'Business logic', NULL, NULL, 50, '2024-01-01 00:00:00'),
('c95d9bf0-9549-29d7-7f6f-f37592353a5b', 'd650ba05-64d3-9e01-66e5-25e0e6a6a003', 'getId', 'Entity method', NULL, NULL, 10, '2024-01-01 00:00:00'),
('5cc9a8dc-762a-7834-08af-0ba67b449d8b', 'd650ba05-64d3-9e01-66e5-25e0e6a6a003', 'getName', 'Entity method', NULL, NULL, 20, '2024-01-01 00:00:00'),
('0f8961a6-2c17-33d0-5ad3-369f25936583', 'd650ba05-64d3-9e01-66e5-25e0e6a6a003', 'validate', 'Entity method', NULL, NULL, 30, '2024-01-01 00:00:00'),
('47664429-7552-80f1-2852-e48d2a5f2924', '880e6bba-7352-9ec5-aced-e7c5f4f4ce0c', 'getId', 'Entity method', NULL, NULL, 10, '2024-01-01 00:00:00'),
('bd1e8347-53cb-de8d-9535-db73ff99232f', '880e6bba-7352-9ec5-aced-e7c5f4f4ce0c', 'getName', 'Entity method', NULL, NULL, 20, '2024-01-01 00:00:00'),
('05259b65-ba6e-876a-8f4b-f8f640665961', '880e6bba-7352-9ec5-aced-e7c5f4f4ce0c', 'validate', 'Entity method', NULL, NULL, 30, '2024-01-01 00:00:00'),
('83c0060e-8a06-33c0-9bd4-321117f09f9e', 'd8bba129-53a7-afa2-e920-1d86f99ad58f', 'getId', 'Entity method', NULL, NULL, 10, '2024-01-01 00:00:00'),
('4c138429-1be1-0b00-5d9d-7223735f9b82', 'd8bba129-53a7-afa2-e920-1d86f99ad58f', 'getName', 'Entity method', NULL, NULL, 20, '2024-01-01 00:00:00'),
('35a7e0e0-6392-aefe-4c4e-b3706dfc9f14', 'd8bba129-53a7-afa2-e920-1d86f99ad58f', 'validate', 'Entity method', NULL, NULL, 30, '2024-01-01 00:00:00'),
('6f24f4d1-e9b4-5480-ee6b-863b9a5e4dfe', 'b3aa30ab-5234-7619-4a86-5138159c73a7', 'getId', 'Entity method', NULL, NULL, 10, '2024-01-01 00:00:00'),
('9e2713ba-d760-1b1d-bc83-4d1326f4b539', 'b3aa30ab-5234-7619-4a86-5138159c73a7', 'getName', 'Entity method', NULL, NULL, 20, '2024-01-01 00:00:00'),
('d3f3d2d3-2068-d35b-1a71-b96d0594d187', 'b3aa30ab-5234-7619-4a86-5138159c73a7', 'validate', 'Entity method', NULL, NULL, 30, '2024-01-01 00:00:00'),
('08a9ece4-6868-abd6-8c9a-3066e9b725e7', 'aabec689-7b71-a0d4-2a56-bc16ad886a94', 'getId', 'Entity method', NULL, NULL, 10, '2024-01-01 00:00:00'),
('a8132702-8a3e-1296-797e-c8f59586ae37', 'aabec689-7b71-a0d4-2a56-bc16ad886a94', 'getName', 'Entity method', NULL, NULL, 20, '2024-01-01 00:00:00'),
('61df9e27-c901-d60e-e40c-70ff5b89f493', 'aabec689-7b71-a0d4-2a56-bc16ad886a94', 'validate', 'Entity method', NULL, NULL, 30, '2024-01-01 00:00:00'),
('3b3f6f10-0dc4-9728-a095-2618731dd94a', '0b162712-7de3-06e2-c436-993e8b3011e8', 'getId', 'Entity method', NULL, NULL, 10, '2024-01-01 00:00:00'),
('dec48258-2469-737d-fee1-015997ba9b69', '0b162712-7de3-06e2-c436-993e8b3011e8', 'getName', 'Entity method', NULL, NULL, 20, '2024-01-01 00:00:00'),
('9ddae87c-3115-c1c6-be26-80337f358bda', '0b162712-7de3-06e2-c436-993e8b3011e8', 'validate', 'Entity method', NULL, NULL, 30, '2024-01-01 00:00:00'),
('a4ac784b-694c-6276-b009-15babca8382d', '67bcf31c-cfa0-a1de-d12c-dd10f6065923', 'getId', 'Entity method', NULL, NULL, 10, '2024-01-01 00:00:00'),
('47dfb33c-9c68-c8e0-7783-fc6afa0cdf54', '67bcf31c-cfa0-a1de-d12c-dd10f6065923', 'getName', 'Entity method', NULL, NULL, 20, '2024-01-01 00:00:00'),
('8a41774f-63da-1b23-c319-b848d80afe92', '67bcf31c-cfa0-a1de-d12c-dd10f6065923', 'validate', 'Entity method', NULL, NULL, 30, '2024-01-01 00:00:00'),
('6813d32c-0cc2-c80c-396b-cdadb4610fb8', '138be279-923e-4e30-7035-b0c439822b9d', 'getId', 'Entity method', NULL, NULL, 10, '2024-01-01 00:00:00'),
('3fa69605-6187-cb35-ad9a-af4afc29893d', '138be279-923e-4e30-7035-b0c439822b9d', 'getName', 'Entity method', NULL, NULL, 20, '2024-01-01 00:00:00'),
('cf5f3d0f-c20f-18e6-3dc2-80eca9ac1226', '138be279-923e-4e30-7035-b0c439822b9d', 'validate', 'Entity method', NULL, NULL, 30, '2024-01-01 00:00:00'),
('f5ced202-48b8-f79e-bc7f-e46f6c214755', 'a0bdb0ab-e123-51e6-41d6-a6b6076d8fc6', 'getId', 'Entity method', NULL, NULL, 10, '2024-01-01 00:00:00'),
('857edfe4-95c1-bda4-8ddd-79c52dd8a509', 'a0bdb0ab-e123-51e6-41d6-a6b6076d8fc6', 'getName', 'Entity method', NULL, NULL, 20, '2024-01-01 00:00:00'),
('105ccd44-643c-c1b4-f867-ac4af6ab0ba1', 'a0bdb0ab-e123-51e6-41d6-a6b6076d8fc6', 'validate', 'Entity method', NULL, NULL, 30, '2024-01-01 00:00:00'),
('f77843eb-05aa-e2d7-9c03-4db9bc310c99', 'c3f073d3-4b12-f1f6-c8f1-a5e216f6ac52', 'getId', 'Entity method', NULL, NULL, 10, '2024-01-01 00:00:00'),
('55657d87-2f49-2752-4c37-03211f97293a', 'c3f073d3-4b12-f1f6-c8f1-a5e216f6ac52', 'getName', 'Entity method', NULL, NULL, 20, '2024-01-01 00:00:00'),
('b0be8002-0e67-1f0c-37f5-c16fbb5f95d3', 'c3f073d3-4b12-f1f6-c8f1-a5e216f6ac52', 'validate', 'Entity method', NULL, NULL, 30, '2024-01-01 00:00:00');

INSERT INTO source_classes (id, project_id, full_class_name, simple_name, package_name, class_type, description, source_file, created_at) VALUES
('8da9999f-186d-b425-f360-a0c3f05e341b', '53795e69-43e9-193d-29a2-42ebbb68fc14', 'co.fanki.project10.controller.Api0Controller', 'Api0Controller', 'co.fanki.project10.controller', 'CONTROLLER', 'REST controller', 'src/co/fanki/project10/controller/Api0Controller.java', '2024-01-01 00:00:00'),
('989dad79-9b70-096d-d080-062d762d7fc0', '53795e69-43e9-193d-29a2-42ebbb68fc14', 'co.fanki.project10.controller.Api1Controller', 'Api1Controller', 'co.fanki.project10.controller', 'CONTROLLER', 'REST controller', 'src/co/fanki/project10/controller/Api1Controller.java', '2024-01-01 00:00:00'),
('9c36ae0d-0a96-f86b-b895-f0eae4ad41af', '53795e69-43e9-193d-29a2-42ebbb68fc14', 'co.fanki.project10.controller.Api2Controller', 'Api2Controller', 'co.fanki.project10.controller', 'CONTROLLER', 'REST controller', 'src/co/fanki/project10/controller/Api2Controller.java', '2024-01-01 00:00:00'),
('690f1035-521d-397b-415a-7ac6040d8597', '53795e69-43e9-193d-29a2-42ebbb68fc14', 'co.fanki.project10.controller.Api3Controller', 'Api3Controller', 'co.fanki.project10.controller', 'CONTROLLER', 'REST controller', 'src/co/fanki/project10/controller/Api3Controller.java', '2024-01-01 00:00:00'),
('79ca7784-fbbe-5c96-ef6b-16e2ff3ef09c', '53795e69-43e9-193d-29a2-42ebbb68fc14', 'co.fanki.project10.controller.Api4Controller', 'Api4Controller', 'co.fanki.project10.controller', 'CONTROLLER', 'REST controller', 'src/co/fanki/project10/controller/Api4Controller.java', '2024-01-01 00:00:00'),
('bf25250a-87cf-8483-1cc3-f86ec6ce5b4d', '53795e69-43e9-193d-29a2-42ebbb68fc14', 'co.fanki.project10.service.Business0Service', 'Business0Service', 'co.fanki.project10.service', 'SERVICE', 'Business service', 'src/co/fanki/project10/service/Business0Service.java', '2024-01-01 00:00:00'),
('93905add-f259-a32a-7959-2bcba5f567ae', '53795e69-43e9-193d-29a2-42ebbb68fc14', 'co.fanki.project10.service.Business1Service', 'Business1Service', 'co.fanki.project10.service', 'SERVICE', 'Business service', 'src/co/fanki/project10/service/Business1Service.java', '2024-01-01 00:00:00'),
('bfd36316-7f98-4aa9-9181-8c789c7754d0', '53795e69-43e9-193d-29a2-42ebbb68fc14', 'co.fanki.project10.domain.Entity0', 'Entity0', 'co.fanki.project10.domain', 'ENTITY', 'Domain entity', 'src/co/fanki/project10/domain/Entity0.java', '2024-01-01 00:00:00'),
('c7dfbd60-e2a9-4cfd-8002-b0644b09d8fc', '53795e69-43e9-193d-29a2-42ebbb68fc14', 'co.fanki.project10.domain.Entity1', 'Entity1', 'co.fanki.project10.domain', 'ENTITY', 'Domain entity', 'src/co/fanki/project10/domain/Entity1.java', '2024-01-01 00:00:00'),
('01184788-0cea-d636-e97a-9350f3cc07df', '53795e69-43e9-193d-29a2-42ebbb68fc14', 'co.fanki.project10.domain.Entity2', 'Entity2', 'co.fanki.project10.domain', 'ENTITY', 'Domain entity', 'src/co/fanki/project10/domain/Entity2.java', '2024-01-01 00:00:00'),
('627dd0b5-789b-52ea-35ee-86fe21961375', '53795e69-43e9-193d-29a2-42ebbb68fc14', 'co.fanki.project10.domain.Entity3', 'Entity3', 'co.fanki.project10.domain', 'ENTITY', 'Domain entity', 'src/co/fanki/project10/domain/Entity3.java', '2024-01-01 00:00:00'),
('a69604cf-1f4e-6d55-9312-0c2a9127f838', '53795e69-43e9-193d-29a2-42ebbb68fc14', 'co.fanki.project10.domain.Entity4', 'Entity4', 'co.fanki.project10.domain', 'ENTITY', 'Domain entity', 'src/co/fanki/project10/domain/Entity4.java', '2024-01-01 00:00:00'),
('ec0847af-ec7a-5793-53e0-ed39d5b090a7', '53795e69-43e9-193d-29a2-42ebbb68fc14', 'co.fanki.project10.domain.Entity5', 'Entity5', 'co.fanki.project10.domain', 'ENTITY', 'Domain entity', 'src/co/fanki/project10/domain/Entity5.java', '2024-01-01 00:00:00'),
('ab956972-3e02-c60b-680e-53d27db47bf5', '53795e69-43e9-193d-29a2-42ebbb68fc14', 'co.fanki.project10.domain.Entity6', 'Entity6', 'co.fanki.project10.domain', 'ENTITY', 'Domain entity', 'src/co/fanki/project10/domain/Entity6.java', '2024-01-01 00:00:00'),
('53922a48-7aa4-8351-6fd5-b40877b28564', '53795e69-43e9-193d-29a2-42ebbb68fc14', 'co.fanki.project10.domain.Entity7', 'Entity7', 'co.fanki.project10.domain', 'ENTITY', 'Domain entity', 'src/co/fanki/project10/domain/Entity7.java', '2024-01-01 00:00:00'),
('2943a7c1-bd57-a9d2-21b3-a32a99cca1bb', '53795e69-43e9-193d-29a2-42ebbb68fc14', 'co.fanki.project10.domain.Entity8', 'Entity8', 'co.fanki.project10.domain', 'ENTITY', 'Domain entity', 'src/co/fanki/project10/domain/Entity8.java', '2024-01-01 00:00:00'),
('bd58c6c0-836b-1e37-3a44-170ac2801ee7', '53795e69-43e9-193d-29a2-42ebbb68fc14', 'co.fanki.project10.domain.Entity9', 'Entity9', 'co.fanki.project10.domain', 'ENTITY', 'Domain entity', 'src/co/fanki/project10/domain/Entity9.java', '2024-01-01 00:00:00');

INSERT INTO source_methods (id, class_id, method_name, description, http_method, http_path, line_number, created_at) VALUES
('8a3ed593-255d-9839-2866-e475a248e10f', '8da9999f-186d-b425-f360-a0c3f05e341b', 'handle', 'Handles request', 'GET', '/api/v1/resource0', 10, '2024-01-01 00:00:00'),
('22847cda-fae5-bbd5-70f2-0bf7520ff582', '989dad79-9b70-096d-d080-062d762d7fc0', 'handle', 'Handles request', 'GET', '/api/v1/resource1', 10, '2024-01-01 00:00:00'),
('9df248ec-5a27-6e57-2ef1-8cb3278b1be5', '9c36ae0d-0a96-f86b-b895-f0eae4ad41af', 'handle', 'Handles request', 'GET', '/api/v1/resource2', 10, '2024-01-01 00:00:00'),
('8312edc7-041f-466b-2c12-a8b990934bfd', '690f1035-521d-397b-415a-7ac6040d8597', 'handle', 'Handles request', 'GET', '/api/v1/resource3', 10, '2024-01-01 00:00:00'),
('ff70b2fc-ce57-533b-44f8-12deece5bfb6', '79ca7784-fbbe-5c96-ef6b-16e2ff3ef09c', 'handle', 'Handles request', 'GET', '/api/v1/resource4', 10, '2024-01-01 00:00:00'),
('fedfa330-aecd-348c-2c64-414e93bd8a7d', 'bf25250a-87cf-8483-1cc3-f86ec6ce5b4d', 'create', 'Business logic', NULL, NULL, 10, '2024-01-01 00:00:00'),
('1bb28ddf-ddde-daaf-940a-6ead8ba0d6f3', 'bf25250a-87cf-8483-1cc3-f86ec6ce5b4d', 'update', 'Business logic', NULL, NULL, 20, '2024-01-01 00:00:00'),
('f1972067-e6b9-46e7-654c-cdc7771dc933', 'bf25250a-87cf-8483-1cc3-f86ec6ce5b4d', 'delete', 'Business logic', NULL, NULL, 30, '2024-01-01 00:00:00'),
('b7b4611d-29c3-8694-1bb1-1f20fb8f0e6d', 'bf25250a-87cf-8483-1cc3-f86ec6ce5b4d', 'find', 'Business logic', NULL, NULL, 40, '2024-01-01 00:00:00'),
('a575801b-68a2-dc5e-a920-bc4f17a99f7c', 'bf25250a-87cf-8483-1cc3-f86ec6ce5b4d', 'process', 'Business logic', NULL, NULL, 50, '2024-01-01 00:00:00'),
('0421ac0c-8fb7-882d-9ee4-5955819cd446', '93905add-f259-a32a-7959-2bcba5f567ae', 'create', 'Business logic', NULL, NULL, 10, '2024-01-01 00:00:00'),
('d0b0a159-3091-f285-6aaf-64072dcbcc9a', '93905add-f259-a32a-7959-2bcba5f567ae', 'update', 'Business logic', NULL, NULL, 20, '2024-01-01 00:00:00'),
('494aa326-1165-729d-abaf-74f70c135325', '93905add-f259-a32a-7959-2bcba5f567ae', 'delete', 'Business logic', NULL, NULL, 30, '2024-01-01 00:00:00'),
('a8444d4d-5a7b-bcdf-072a-c4f6b619f6db', '93905add-f259-a32a-7959-2bcba5f567ae', 'find', 'Business logic', NULL, NULL, 40, '2024-01-01 00:00:00'),
('99237d4d-1aef-ea66-0ef4-40d44e6155d9', '93905add-f259-a32a-7959-2bcba5f567ae', 'process', 'Business logic', NULL, NULL, 50, '2024-01-01 00:00:00'),
('34b99f99-6ef6-e428-2180-6303cab6715d', 'bfd36316-7f98-4aa9-9181-8c789c7754d0', 'getId', 'Entity method', NULL, NULL, 10, '2024-01-01 00:00:00'),
('53bb2174-d848-b616-d023-689d4271641a', 'bfd36316-7f98-4aa9-9181-8c789c7754d0', 'getName', 'Entity method', NULL, NULL, 20, '2024-01-01 00:00:00'),
('8fd431b8-73ed-30ee-17d7-2755e059ad46', 'bfd36316-7f98-4aa9-9181-8c789c7754d0', 'validate', 'Entity method', NULL, NULL, 30, '2024-01-01 00:00:00'),
('ece429e3-60e6-c581-7599-d2771375eaaf', 'c7dfbd60-e2a9-4cfd-8002-b0644b09d8fc', 'getId', 'Entity method', NULL, NULL, 10, '2024-01-01 00:00:00'),
('b395d53c-d0da-8048-55d1-dc50c63b9dc4', 'c7dfbd60-e2a9-4cfd-8002-b0644b09d8fc', 'getName', 'Entity method', NULL, NULL, 20, '2024-01-01 00:00:00'),
('8ff35647-58a6-1a47-77a7-6dbcaf85dc28', 'c7dfbd60-e2a9-4cfd-8002-b0644b09d8fc', 'validate', 'Entity method', NULL, NULL, 30, '2024-01-01 00:00:00'),
('0c47b9fa-cb11-9294-3279-ae23756401aa', '01184788-0cea-d636-e97a-9350f3cc07df', 'getId', 'Entity method', NULL, NULL, 10, '2024-01-01 00:00:00'),
('1487102a-4363-961b-900a-fd7b857f6ee2', '01184788-0cea-d636-e97a-9350f3cc07df', 'getName', 'Entity method', NULL, NULL, 20, '2024-01-01 00:00:00'),
('fd0dfcd9-d7fb-98ec-feb6-7a55eea95568', '01184788-0cea-d636-e97a-9350f3cc07df', 'validate', 'Entity method', NULL, NULL, 30, '2024-01-01 00:00:00'),
('452bc16d-a774-d9d3-6db0-786fc8f0c52f', '627dd0b5-789b-52ea-35ee-86fe21961375', 'getId', 'Entity method', NULL, NULL, 10, '2024-01-01 00:00:00'),
('d48fccb3-3a8c-75d3-3c89-99a5b03cbf63', '627dd0b5-789b-52ea-35ee-86fe21961375', 'getName', 'Entity method', NULL, NULL, 20, '2024-01-01 00:00:00'),
('33c8ee34-bbc3-d85f-bc6b-2a23cfb55b78', '627dd0b5-789b-52ea-35ee-86fe21961375', 'validate', 'Entity method', NULL, NULL, 30, '2024-01-01 00:00:00'),
('62f77927-3ebe-ac1a-5fd5-16e8dc2f67e6', 'a69604cf-1f4e-6d55-9312-0c2a9127f838', 'getId', 'Entity method', NULL, NULL, 10, '2024-01-01 00:00:00'),
('cc709887-82fb-66b6-eb62-7e322ef8d820', 'a69604cf-1f4e-6d55-9312-0c2a9127f838', 'getName', 'Entity method', NULL, NULL, 20, '2024-01-01 00:00:00'),
('f241b0af-fb56-4d47-f6ca-7512fd906c3a', 'a69604cf-1f4e-6d55-9312-0c2a9127f838', 'validate', 'Entity method', NULL, NULL, 30, '2024-01-01 00:00:00'),
('7889f3e4-4e0f-b247-4b7d-00d8d0bc8743', 'ec0847af-ec7a-5793-53e0-ed39d5b090a7', 'getId', 'Entity method', NULL, NULL, 10, '2024-01-01 00:00:00'),
('3d29334b-895a-2bb9-6bc5-5423b84f1c0f', 'ec0847af-ec7a-5793-53e0-ed39d5b090a7', 'getName', 'Entity method', NULL, NULL, 20, '2024-01-01 00:00:00'),
('056956cc-d371-8812-1e4d-706f4578886b', 'ec0847af-ec7a-5793-53e0-ed39d5b090a7', 'validate', 'Entity method', NULL, NULL, 30, '2024-01-01 00:00:00'),
('a1baf5cd-023a-12e4-6ed4-640169ea5fd9', 'ab956972-3e02-c60b-680e-53d27db47bf5', 'getId', 'Entity method', NULL, NULL, 10, '2024-01-01 00:00:00'),
('9c085e2a-5348-f7a7-4b12-9a1587a98d86', 'ab956972-3e02-c60b-680e-53d27db47bf5', 'getName', 'Entity method', NULL, NULL, 20, '2024-01-01 00:00:00'),
('bdf4e1e6-9e51-7092-91f0-53e185e07a5f', 'ab956972-3e02-c60b-680e-53d27db47bf5', 'validate', 'Entity method', NULL, NULL, 30, '2024-01-01 00:00:00'),
('e459409b-66a2-dfda-058b-16fb9cdca6e5', '53922a48-7aa4-8351-6fd5-b40877b28564', 'getId', 'Entity method', NULL, NULL, 10, '2024-01-01 00:00:00'),
('ce1f6e63-2043-f79b-28a2-170a20c808af', '53922a48-7aa4-8351-6fd5-b40877b28564', 'getName', 'Entity method', NULL, NULL, 20, '2024-01-01 00:00:00'),
('95338b49-efdf-2115-abb5-b7269113d409', '53922a48-7aa4-8351-6fd5-b40877b28564', 'validate', 'Entity method', NULL, NULL, 30, '2024-01-01 00:00:00'),
('fbfb0e46-81ee-c94f-6fa1-2c1d0901bc71', '2943a7c1-bd57-a9d2-21b3-a32a99cca1bb', 'getId', 'Entity method', NULL, NULL, 10, '2024-01-01 00:00:00'),
('8d07bf50-5acc-c302-20c9-f2a54a2c2b83', '2943a7c1-bd57-a9d2-21b3-a32a99cca1bb', 'getName', 'Entity method', NULL, NULL, 20, '2024-01-01 00:00:00'),
('aeed1ed5-ef07-3d0d-8c93-7935b4c67d84', '2943a7c1-bd57-a9d2-21b3-a32a99cca1bb', 'validate', 'Entity method', NULL, NULL, 30, '2024-01-01 00:00:00'),
('77ca367b-cea9-a7a0-85e4-c2c960f82791', 'bd58c6c0-836b-1e37-3a44-170ac2801ee7', 'getId', 'Entity method', NULL, NULL, 10, '2024-01-01 00:00:00'),
('218890a4-6429-27a7-2fe3-a0ad8af7fc26', 'bd58c6c0-836b-1e37-3a44-170ac2801ee7', 'getName', 'Entity method', NULL, NULL, 20, '2024-01-01 00:00:00'),
('16abf0a0-937f-1837-5f19-5df0ed640d72', 'bd58c6c0-836b-1e37-3a44-170ac2801ee7', 'validate', 'Entity method', NULL, NULL, 30, '2024-01-01 00:00:00');

INSERT INTO source_classes (id, project_id, full_class_name, simple_name, package_name, class_type, description, source_file, created_at) VALUES
('b3fb579a-40f4-569d-b9ac-824093761e53', '821d75f1-4073-9b9c-30c3-3dc64f42e671', 'co.fanki.project11.controller.Api0Controller', 'Api0Controller', 'co.fanki.project11.controller', 'CONTROLLER', 'REST controller', 'src/co/fanki/project11/controller/Api0Controller.java', '2024-01-01 00:00:00'),
('443658d1-e0cc-627d-b9c1-505dd235b062', '821d75f1-4073-9b9c-30c3-3dc64f42e671', 'co.fanki.project11.controller.Api1Controller', 'Api1Controller', 'co.fanki.project11.controller', 'CONTROLLER', 'REST controller', 'src/co/fanki/project11/controller/Api1Controller.java', '2024-01-01 00:00:00'),
('a5044ca3-88df-a8a0-7f86-c78ec7446936', '821d75f1-4073-9b9c-30c3-3dc64f42e671', 'co.fanki.project11.controller.Api2Controller', 'Api2Controller', 'co.fanki.project11.controller', 'CONTROLLER', 'REST controller', 'src/co/fanki/project11/controller/Api2Controller.java', '2024-01-01 00:00:00'),
('c8f996f6-d7a7-66d4-32c2-048cd59ceb5c', '821d75f1-4073-9b9c-30c3-3dc64f42e671', 'co.fanki.project11.controller.Api3Controller', 'Api3Controller', 'co.fanki.project11.controller', 'CONTROLLER', 'REST controller', 'src/co/fanki/project11/controller/Api3Controller.java', '2024-01-01 00:00:00'),
('f4d9b3e3-5b83-43a3-b643-def371889272', '821d75f1-4073-9b9c-30c3-3dc64f42e671', 'co.fanki.project11.controller.Api4Controller', 'Api4Controller', 'co.fanki.project11.controller', 'CONTROLLER', 'REST controller', 'src/co/fanki/project11/controller/Api4Controller.java', '2024-01-01 00:00:00'),
('ed0c73aa-1418-d2b0-bccf-314e92316ca8', '821d75f1-4073-9b9c-30c3-3dc64f42e671', 'co.fanki.project11.service.Business0Service', 'Business0Service', 'co.fanki.project11.service', 'SERVICE', 'Business service', 'src/co/fanki/project11/service/Business0Service.java', '2024-01-01 00:00:00'),
('2d3cdc1b-170b-95b2-aa49-32afe82ad26c', '821d75f1-4073-9b9c-30c3-3dc64f42e671', 'co.fanki.project11.service.Business1Service', 'Business1Service', 'co.fanki.project11.service', 'SERVICE', 'Business service', 'src/co/fanki/project11/service/Business1Service.java', '2024-01-01 00:00:00'),
('ac7865b0-a5ea-3f65-059f-dec3dd183977', '821d75f1-4073-9b9c-30c3-3dc64f42e671', 'co.fanki.project11.domain.Entity0', 'Entity0', 'co.fanki.project11.domain', 'ENTITY', 'Domain entity', 'src/co/fanki/project11/domain/Entity0.java', '2024-01-01 00:00:00'),
('05a5d070-d48b-14c4-e276-cb9d284c42ef', '821d75f1-4073-9b9c-30c3-3dc64f42e671', 'co.fanki.project11.domain.Entity1', 'Entity1', 'co.fanki.project11.domain', 'ENTITY', 'Domain entity', 'src/co/fanki/project11/domain/Entity1.java', '2024-01-01 00:00:00'),
('660fda9a-bfe2-2d19-1975-da6b4291493e', '821d75f1-4073-9b9c-30c3-3dc64f42e671', 'co.fanki.project11.domain.Entity2', 'Entity2', 'co.fanki.project11.domain', 'ENTITY', 'Domain entity', 'src/co/fanki/project11/domain/Entity2.java', '2024-01-01 00:00:00'),
('00ddfa52-0ef4-aece-aaaa-70cc36db96c1', '821d75f1-4073-9b9c-30c3-3dc64f42e671', 'co.fanki.project11.domain.Entity3', 'Entity3', 'co.fanki.project11.domain', 'ENTITY', 'Domain entity', 'src/co/fanki/project11/domain/Entity3.java', '2024-01-01 00:00:00'),
('a9005866-ad9d-4fbe-46c2-678601c0227c', '821d75f1-4073-9b9c-30c3-3dc64f42e671', 'co.fanki.project11.domain.Entity4', 'Entity4', 'co.fanki.project11.domain', 'ENTITY', 'Domain entity', 'src/co/fanki/project11/domain/Entity4.java', '2024-01-01 00:00:00'),
('e9558708-bc29-16e3-aad7-8d0ad04328c0', '821d75f1-4073-9b9c-30c3-3dc64f42e671', 'co.fanki.project11.domain.Entity5', 'Entity5', 'co.fanki.project11.domain', 'ENTITY', 'Domain entity', 'src/co/fanki/project11/domain/Entity5.java', '2024-01-01 00:00:00'),
('244e5339-b612-0586-3239-f704166abd56', '821d75f1-4073-9b9c-30c3-3dc64f42e671', 'co.fanki.project11.domain.Entity6', 'Entity6', 'co.fanki.project11.domain', 'ENTITY', 'Domain entity', 'src/co/fanki/project11/domain/Entity6.java', '2024-01-01 00:00:00'),
('69015017-c0b4-92c3-d6d6-0783cdef1974', '821d75f1-4073-9b9c-30c3-3dc64f42e671', 'co.fanki.project11.domain.Entity7', 'Entity7', 'co.fanki.project11.domain', 'ENTITY', 'Domain entity', 'src/co/fanki/project11/domain/Entity7.java', '2024-01-01 00:00:00'),
('f42943cf-6f02-ef27-bfdb-dabeb241e1d1', '821d75f1-4073-9b9c-30c3-3dc64f42e671', 'co.fanki.project11.domain.Entity8', 'Entity8', 'co.fanki.project11.domain', 'ENTITY', 'Domain entity', 'src/co/fanki/project11/domain/Entity8.java', '2024-01-01 00:00:00'),
('c5724ab9-fc54-2b48-1ff1-e1d584df0f86', '821d75f1-4073-9b9c-30c3-3dc64f42e671', 'co.fanki.project11.domain.Entity9', 'Entity9', 'co.fanki.project11.domain', 'ENTITY', 'Domain entity', 'src/co/fanki/project11/domain/Entity9.java', '2024-01-01 00:00:00');

INSERT INTO source_methods (id, class_id, method_name, description, http_method, http_path, line_number, created_at) VALUES
('95738b70-7523-e75a-37f6-a2f1fd3bbff0', 'b3fb579a-40f4-569d-b9ac-824093761e53', 'handle', 'Handles request', 'GET', '/api/v1/resource0', 10, '2024-01-01 00:00:00'),
('2db18689-810a-a835-5798-2f222557aa5a', '443658d1-e0cc-627d-b9c1-505dd235b062', 'handle', 'Handles request', 'GET', '/api/v1/resource1', 10, '2024-01-01 00:00:00'),
('7114e28e-c542-5fe1-161a-60dce70090f6', 'a5044ca3-88df-a8a0-7f86-c78ec7446936', 'handle', 'Handles request', 'GET', '/api/v1/resource2', 10, '2024-01-01 00:00:00'),
('829be2c1-980a-e6b2-0073-d3cdd2a9daf8', 'c8f996f6-d7a7-66d4-32c2-048cd59ceb5c', 'handle', 'Handles request', 'GET', '/api/v1/resource3', 10, '2024-01-01 00:00:00'),
('af9d9b40-685c-e3c8-2022-392a7fa9a12a', 'f4d9b3e3-5b83-43a3-b643-def371889272', 'handle', 'Handles request', 'GET', '/api/v1/resource4', 10, '2024-01-01 00:00:00'),
('9d558db1-3f6b-256a-3042-c4676469834f', 'ed0c73aa-1418-d2b0-bccf-314e92316ca8', 'create', 'Business logic', NULL, NULL, 10, '2024-01-01 00:00:00'),
('83de2b6e-e045-b6ae-2e5c-bbfa2dfb59c7', 'ed0c73aa-1418-d2b0-bccf-314e92316ca8', 'update', 'Business logic', NULL, NULL, 20, '2024-01-01 00:00:00'),
('0b83e289-77c0-d100-3048-536dcd02d216', 'ed0c73aa-1418-d2b0-bccf-314e92316ca8', 'delete', 'Business logic', NULL, NULL, 30, '2024-01-01 00:00:00'),
('1603dc60-8d71-58bb-ead5-66bb8fb54f4a', 'ed0c73aa-1418-d2b0-bccf-314e92316ca8', 'find', 'Business logic', NULL, NULL, 40, '2024-01-01 00:00:00'),
('4e5f3c29-4129-4b7c-c89b-f1da4c810136', 'ed0c73aa-1418-d2b0-bccf-314e92316ca8', 'process', 'Business logic', NULL, NULL, 50, '2024-01-01 00:00:00'),
('e344c40a-7c12-6fc1-7b6e-6123a7191c00', '2d3cdc1b-170b-95b2-aa49-32afe82ad26c', 'create', 'Business logic', NULL, NULL, 10, '2024-01-01 00:00:00'),
('8e7e583c-39fa-6b4a-d08c-bfa79fd2de47', '2d3cdc1b-170b-95b2-aa49-32afe82ad26c', 'update', 'Business logic', NULL, NULL, 20, '2024-01-01 00:00:00'),
('3c92f2dc-efb3-b0a2-c4a7-a85c6e369cf0', '2d3cdc1b-170b-95b2-aa49-32afe82ad26c', 'delete', 'Business logic', NULL, NULL, 30, '2024-01-01 00:00:00'),
('5d6193ff-4b6d-238c-5b2f-97d110c10e4f', '2d3cdc1b-170b-95b2-aa49-32afe82ad26c', 'find', 'Business logic', NULL, NULL, 40, '2024-01-01 00:00:00'),
('96b00c24-4fe9-0c06-c211-caa239c05f16', '2d3cdc1b-170b-95b2-aa49-32afe82ad26c', 'process', 'Business logic', NULL, NULL, 50, '2024-01-01 00:00:00'),
('0dd5fe9f-e27e-3000-68ac-21249f2ee600', 'ac7865b0-a5ea-3f65-059f-dec3dd183977', 'getId', 'Entity method', NULL, NULL, 10, '2024-01-01 00:00:00'),
('2586e8c5-1ca1-8578-3d5c-162bc8be8284', 'ac7865b0-a5ea-3f65-059f-dec3dd183977', 'getName', 'Entity method', NULL, NULL, 20, '2024-01-01 00:00:00'),
('bd3f73da-0eac-654c-d06b-ddc66070751d', 'ac7865b0-a5ea-3f65-059f-dec3dd183977', 'validate', 'Entity method', NULL, NULL, 30, '2024-01-01 00:00:00'),
('fdcb2b30-919c-8023-2dc1-421fdd735346', '05a5d070-d48b-14c4-e276-cb9d284c42ef', 'getId', 'Entity method', NULL, NULL, 10, '2024-01-01 00:00:00'),
('302a1433-91d1-69eb-5a7e-9b7c992656ed', '05a5d070-d48b-14c4-e276-cb9d284c42ef', 'getName', 'Entity method', NULL, NULL, 20, '2024-01-01 00:00:00'),
('ec572657-1b24-9958-f6ac-ef7edfb54927', '05a5d070-d48b-14c4-e276-cb9d284c42ef', 'validate', 'Entity method', NULL, NULL, 30, '2024-01-01 00:00:00'),
('e4c72f50-00ac-0a8c-6e49-5e9b0d112601', '660fda9a-bfe2-2d19-1975-da6b4291493e', 'getId', 'Entity method', NULL, NULL, 10, '2024-01-01 00:00:00'),
('eae1671e-2f3a-c567-8158-a17e1b6ee051', '660fda9a-bfe2-2d19-1975-da6b4291493e', 'getName', 'Entity method', NULL, NULL, 20, '2024-01-01 00:00:00'),
('9129822c-aafe-f05a-0fcd-4e299829070f', '660fda9a-bfe2-2d19-1975-da6b4291493e', 'validate', 'Entity method', NULL, NULL, 30, '2024-01-01 00:00:00'),
('c869b369-0a0c-894e-e1e5-bab92ffceb8d', '00ddfa52-0ef4-aece-aaaa-70cc36db96c1', 'getId', 'Entity method', NULL, NULL, 10, '2024-01-01 00:00:00'),
('ace48638-c4f7-e6b3-a17f-a61c5e093c33', '00ddfa52-0ef4-aece-aaaa-70cc36db96c1', 'getName', 'Entity method', NULL, NULL, 20, '2024-01-01 00:00:00'),
('ad3a8d6e-1556-cb66-d3ce-4d9d09870c97', '00ddfa52-0ef4-aece-aaaa-70cc36db96c1', 'validate', 'Entity method', NULL, NULL, 30, '2024-01-01 00:00:00'),
('65f15317-4776-56c2-89ef-f0f1957a6a22', 'a9005866-ad9d-4fbe-46c2-678601c0227c', 'getId', 'Entity method', NULL, NULL, 10, '2024-01-01 00:00:00'),
('a85d5470-46ce-6b06-770b-0b8af2d68f31', 'a9005866-ad9d-4fbe-46c2-678601c0227c', 'getName', 'Entity method', NULL, NULL, 20, '2024-01-01 00:00:00'),
('c6816fa6-ab83-5c40-d945-16ee030d88e4', 'a9005866-ad9d-4fbe-46c2-678601c0227c', 'validate', 'Entity method', NULL, NULL, 30, '2024-01-01 00:00:00'),
('ee260e10-a3b1-dfc3-7adc-b3849716adc2', 'e9558708-bc29-16e3-aad7-8d0ad04328c0', 'getId', 'Entity method', NULL, NULL, 10, '2024-01-01 00:00:00'),
('e1f8e32f-b207-14d1-135d-24e91259a284', 'e9558708-bc29-16e3-aad7-8d0ad04328c0', 'getName', 'Entity method', NULL, NULL, 20, '2024-01-01 00:00:00'),
('fdf1742a-8821-a8f4-4863-4431cdde961e', 'e9558708-bc29-16e3-aad7-8d0ad04328c0', 'validate', 'Entity method', NULL, NULL, 30, '2024-01-01 00:00:00'),
('c704b552-a829-148e-1a3e-7d36bead0ec7', '244e5339-b612-0586-3239-f704166abd56', 'getId', 'Entity method', NULL, NULL, 10, '2024-01-01 00:00:00'),
('e0b6f20f-3610-cf38-d062-ce4d06f5754b', '244e5339-b612-0586-3239-f704166abd56', 'getName', 'Entity method', NULL, NULL, 20, '2024-01-01 00:00:00'),
('f187be1c-d424-f456-c409-09de9b9099c1', '244e5339-b612-0586-3239-f704166abd56', 'validate', 'Entity method', NULL, NULL, 30, '2024-01-01 00:00:00'),
('e5b63129-224d-c70e-1a0c-c5dd39a8cf21', '69015017-c0b4-92c3-d6d6-0783cdef1974', 'getId', 'Entity method', NULL, NULL, 10, '2024-01-01 00:00:00'),
('17b73a53-5f78-73cf-5510-710efc3bf971', '69015017-c0b4-92c3-d6d6-0783cdef1974', 'getName', 'Entity method', NULL, NULL, 20, '2024-01-01 00:00:00'),
('1c1fb412-2cd8-6fe6-6a86-cef7017f6ab4', '69015017-c0b4-92c3-d6d6-0783cdef1974', 'validate', 'Entity method', NULL, NULL, 30, '2024-01-01 00:00:00'),
('cb776b48-918e-8810-182e-1d98d4c0f6b5', 'f42943cf-6f02-ef27-bfdb-dabeb241e1d1', 'getId', 'Entity method', NULL, NULL, 10, '2024-01-01 00:00:00'),
('e700a6f1-bda9-051c-68f2-a8a5f03b9b60', 'f42943cf-6f02-ef27-bfdb-dabeb241e1d1', 'getName', 'Entity method', NULL, NULL, 20, '2024-01-01 00:00:00'),
('8ae35e1b-11de-e308-e0d2-2fbc59a18cc7', 'f42943cf-6f02-ef27-bfdb-dabeb241e1d1', 'validate', 'Entity method', NULL, NULL, 30, '2024-01-01 00:00:00'),
('2143df21-2168-9fd5-c878-33ccd50f167f', 'c5724ab9-fc54-2b48-1ff1-e1d584df0f86', 'getId', 'Entity method', NULL, NULL, 10, '2024-01-01 00:00:00'),
('00453f89-6a84-e536-5488-a39bc36ca368', 'c5724ab9-fc54-2b48-1ff1-e1d584df0f86', 'getName', 'Entity method', NULL, NULL, 20, '2024-01-01 00:00:00'),
('7512d507-5e51-1278-4aa8-5cc8b594af4c', 'c5724ab9-fc54-2b48-1ff1-e1d584df0f86', 'validate', 'Entity method', NULL, NULL, 30, '2024-01-01 00:00:00');

INSERT INTO source_classes (id, project_id, full_class_name, simple_name, package_name, class_type, description, source_file, created_at) VALUES
('78c9ec32-42d8-61e9-0da3-a5a99ed145ed', '28d57048-6817-ef00-22b0-3c8fd8b8973b', 'co.fanki.project12.controller.Api0Controller', 'Api0Controller', 'co.fanki.project12.controller', 'CONTROLLER', 'REST controller', 'src/co/fanki/project12/controller/Api0Controller.java', '2024-01-01 00:00:00'),
('85aea00a-0ee8-01fe-d278-0c5630fe14dd', '28d57048-6817-ef00-22b0-3c8fd8b8973b', 'co.fanki.project12.controller.Api1Controller', 'Api1Controller', 'co.fanki.project12.controller', 'CONTROLLER', 'REST controller', 'src/co/fanki/project12/controller/Api1Controller.java', '2024-01-01 00:00:00'),
('6a0ebc91-0036-5f76-102e-e1e6d5e1076f', '28d57048-6817-ef00-22b0-3c8fd8b8973b', 'co.fanki.project12.controller.Api2Controller', 'Api2Controller', 'co.fanki.project12.controller', 'CONTROLLER', 'REST controller', 'src/co/fanki/project12/controller/Api2Controller.java', '2024-01-01 00:00:00'),
('ba58bf1f-d6f1-86aa-a91d-6c65fd4e51ca', '28d57048-6817-ef00-22b0-3c8fd8b8973b', 'co.fanki.project12.controller.Api3Controller', 'Api3Controller', 'co.fanki.project12.controller', 'CONTROLLER', 'REST controller', 'src/co/fanki/project12/controller/Api3Controller.java', '2024-01-01 00:00:00'),
('ca5e63fb-8c84-0e5e-8eac-28012dfdce36', '28d57048-6817-ef00-22b0-3c8fd8b8973b', 'co.fanki.project12.controller.Api4Controller', 'Api4Controller', 'co.fanki.project12.controller', 'CONTROLLER', 'REST controller', 'src/co/fanki/project12/controller/Api4Controller.java', '2024-01-01 00:00:00'),
('9d858c5e-30b3-fe92-1a90-bf0c5bd6a745', '28d57048-6817-ef00-22b0-3c8fd8b8973b', 'co.fanki.project12.service.Business0Service', 'Business0Service', 'co.fanki.project12.service', 'SERVICE', 'Business service', 'src/co/fanki/project12/service/Business0Service.java', '2024-01-01 00:00:00'),
('3536f163-075f-c8ed-dda3-31f554daa826', '28d57048-6817-ef00-22b0-3c8fd8b8973b', 'co.fanki.project12.service.Business1Service', 'Business1Service', 'co.fanki.project12.service', 'SERVICE', 'Business service', 'src/co/fanki/project12/service/Business1Service.java', '2024-01-01 00:00:00'),
('f4b52b92-6099-a077-7a4d-5baa8e031049', '28d57048-6817-ef00-22b0-3c8fd8b8973b', 'co.fanki.project12.domain.Entity0', 'Entity0', 'co.fanki.project12.domain', 'ENTITY', 'Domain entity', 'src/co/fanki/project12/domain/Entity0.java', '2024-01-01 00:00:00'),
('1f2f051a-6c49-c896-86d6-6fecfd3c6f55', '28d57048-6817-ef00-22b0-3c8fd8b8973b', 'co.fanki.project12.domain.Entity1', 'Entity1', 'co.fanki.project12.domain', 'ENTITY', 'Domain entity', 'src/co/fanki/project12/domain/Entity1.java', '2024-01-01 00:00:00'),
('9862c886-42b7-720c-6fde-f2853c51e667', '28d57048-6817-ef00-22b0-3c8fd8b8973b', 'co.fanki.project12.domain.Entity2', 'Entity2', 'co.fanki.project12.domain', 'ENTITY', 'Domain entity', 'src/co/fanki/project12/domain/Entity2.java', '2024-01-01 00:00:00'),
('b21d75f5-7759-21d5-b213-690aa7936ccc', '28d57048-6817-ef00-22b0-3c8fd8b8973b', 'co.fanki.project12.domain.Entity3', 'Entity3', 'co.fanki.project12.domain', 'ENTITY', 'Domain entity', 'src/co/fanki/project12/domain/Entity3.java', '2024-01-01 00:00:00'),
('e07bb8b0-ffaa-4362-e60b-51a5d33fbbbb', '28d57048-6817-ef00-22b0-3c8fd8b8973b', 'co.fanki.project12.domain.Entity4', 'Entity4', 'co.fanki.project12.domain', 'ENTITY', 'Domain entity', 'src/co/fanki/project12/domain/Entity4.java', '2024-01-01 00:00:00'),
('11d80f5d-f5ef-76a6-6398-8cbbffa4ce3f', '28d57048-6817-ef00-22b0-3c8fd8b8973b', 'co.fanki.project12.domain.Entity5', 'Entity5', 'co.fanki.project12.domain', 'ENTITY', 'Domain entity', 'src/co/fanki/project12/domain/Entity5.java', '2024-01-01 00:00:00'),
('a33b6e6e-82dc-f7a7-fc30-6eb5c6a37fd3', '28d57048-6817-ef00-22b0-3c8fd8b8973b', 'co.fanki.project12.domain.Entity6', 'Entity6', 'co.fanki.project12.domain', 'ENTITY', 'Domain entity', 'src/co/fanki/project12/domain/Entity6.java', '2024-01-01 00:00:00'),
('f3219ed9-6112-0717-8a4d-634a8606bbb1', '28d57048-6817-ef00-22b0-3c8fd8b8973b', 'co.fanki.project12.domain.Entity7', 'Entity7', 'co.fanki.project12.domain', 'ENTITY', 'Domain entity', 'src/co/fanki/project12/domain/Entity7.java', '2024-01-01 00:00:00'),
('7fdc0e49-7ceb-71a2-83e5-913b540189d6', '28d57048-6817-ef00-22b0-3c8fd8b8973b', 'co.fanki.project12.domain.Entity8', 'Entity8', 'co.fanki.project12.domain', 'ENTITY', 'Domain entity', 'src/co/fanki/project12/domain/Entity8.java', '2024-01-01 00:00:00'),
('931147bc-d47d-e707-2502-657746b3316a', '28d57048-6817-ef00-22b0-3c8fd8b8973b', 'co.fanki.project12.domain.Entity9', 'Entity9', 'co.fanki.project12.domain', 'ENTITY', 'Domain entity', 'src/co/fanki/project12/domain/Entity9.java', '2024-01-01 00:00:00');

INSERT INTO source_methods (id, class_id, method_name, description, http_method, http_path, line_number, created_at) VALUES
('547c17f2-a30b-9f97-8017-bc407698d2b0', '78c9ec32-42d8-61e9-0da3-a5a99ed145ed', 'handle', 'Handles request', 'GET', '/api/v1/resource0', 10, '2024-01-01 00:00:00'),
('5c4ab90e-004a-58c5-3375-76a6dacf35ea', '85aea00a-0ee8-01fe-d278-0c5630fe14dd', 'handle', 'Handles request', 'GET', '/api/v1/resource1', 10, '2024-01-01 00:00:00'),
('4453e45c-7019-4d40-ca4c-e10f76546beb', '6a0ebc91-0036-5f76-102e-e1e6d5e1076f', 'handle', 'Handles request', 'GET', '/api/v1/resource2', 10, '2024-01-01 00:00:00'),
('cdd748f7-5165-9d1f-eb2f-fcac8333a187', 'ba58bf1f-d6f1-86aa-a91d-6c65fd4e51ca', 'handle', 'Handles request', 'GET', '/api/v1/resource3', 10, '2024-01-01 00:00:00'),
('da76d711-52b4-cc46-18c8-9568fbea1976', 'ca5e63fb-8c84-0e5e-8eac-28012dfdce36', 'handle', 'Handles request', 'GET', '/api/v1/resource4', 10, '2024-01-01 00:00:00'),
('9f3b03b9-fa95-e216-4cb0-c30c467ecc1d', '9d858c5e-30b3-fe92-1a90-bf0c5bd6a745', 'create', 'Business logic', NULL, NULL, 10, '2024-01-01 00:00:00'),
('6660a0f7-8983-8d35-4e95-cc9cc9868d19', '9d858c5e-30b3-fe92-1a90-bf0c5bd6a745', 'update', 'Business logic', NULL, NULL, 20, '2024-01-01 00:00:00'),
('54629734-eefd-1247-01ab-70990ae2f3e8', '9d858c5e-30b3-fe92-1a90-bf0c5bd6a745', 'delete', 'Business logic', NULL, NULL, 30, '2024-01-01 00:00:00'),
('639db2f5-caf5-378a-210c-ac81e9e64da4', '9d858c5e-30b3-fe92-1a90-bf0c5bd6a745', 'find', 'Business logic', NULL, NULL, 40, '2024-01-01 00:00:00'),
('8b922a4e-6b25-fb27-2d37-88b1f16ddd68', '9d858c5e-30b3-fe92-1a90-bf0c5bd6a745', 'process', 'Business logic', NULL, NULL, 50, '2024-01-01 00:00:00'),
('dcd3d5bc-316a-0b74-1a96-5565856d1f27', '3536f163-075f-c8ed-dda3-31f554daa826', 'create', 'Business logic', NULL, NULL, 10, '2024-01-01 00:00:00'),
('478abf81-82c1-9b63-c377-1f9aab9f7c01', '3536f163-075f-c8ed-dda3-31f554daa826', 'update', 'Business logic', NULL, NULL, 20, '2024-01-01 00:00:00'),
('6ce9eb68-dd1c-20d0-1a37-09d8f39796e0', '3536f163-075f-c8ed-dda3-31f554daa826', 'delete', 'Business logic', NULL, NULL, 30, '2024-01-01 00:00:00'),
('f9655588-d230-d3de-f395-01d3e1dd1ce6', '3536f163-075f-c8ed-dda3-31f554daa826', 'find', 'Business logic', NULL, NULL, 40, '2024-01-01 00:00:00'),
('b18f965e-f03f-d325-8838-cc7550511bed', '3536f163-075f-c8ed-dda3-31f554daa826', 'process', 'Business logic', NULL, NULL, 50, '2024-01-01 00:00:00'),
('b53e2cd1-aeb0-038d-bc38-3cd2c45697a0', 'f4b52b92-6099-a077-7a4d-5baa8e031049', 'getId', 'Entity method', NULL, NULL, 10, '2024-01-01 00:00:00'),
('026e759c-7aab-5cfc-7633-ecdaed164384', 'f4b52b92-6099-a077-7a4d-5baa8e031049', 'getName', 'Entity method', NULL, NULL, 20, '2024-01-01 00:00:00'),
('e990be54-6736-1cd7-bacd-261c4b1eb6c6', 'f4b52b92-6099-a077-7a4d-5baa8e031049', 'validate', 'Entity method', NULL, NULL, 30, '2024-01-01 00:00:00'),
('590f84e3-4d7c-b157-618f-8ea4caeac98b', '1f2f051a-6c49-c896-86d6-6fecfd3c6f55', 'getId', 'Entity method', NULL, NULL, 10, '2024-01-01 00:00:00'),
('3b9d9ea4-c2a7-891b-09a4-6ade82138e2b', '1f2f051a-6c49-c896-86d6-6fecfd3c6f55', 'getName', 'Entity method', NULL, NULL, 20, '2024-01-01 00:00:00'),
('656b3b00-e68c-28dc-b3cb-a9d9bde11d5a', '1f2f051a-6c49-c896-86d6-6fecfd3c6f55', 'validate', 'Entity method', NULL, NULL, 30, '2024-01-01 00:00:00'),
('780dd2a1-6528-5a6c-f247-01c22ea3efd3', '9862c886-42b7-720c-6fde-f2853c51e667', 'getId', 'Entity method', NULL, NULL, 10, '2024-01-01 00:00:00'),
('1f8f54a8-6f31-6104-af0c-c677504ee786', '9862c886-42b7-720c-6fde-f2853c51e667', 'getName', 'Entity method', NULL, NULL, 20, '2024-01-01 00:00:00'),
('39b1c90c-b3cb-77b3-3509-1ef40b166efe', '9862c886-42b7-720c-6fde-f2853c51e667', 'validate', 'Entity method', NULL, NULL, 30, '2024-01-01 00:00:00'),
('93f46069-e92f-7eea-ca0c-2c3cee470d62', 'b21d75f5-7759-21d5-b213-690aa7936ccc', 'getId', 'Entity method', NULL, NULL, 10, '2024-01-01 00:00:00'),
('d5ca0de3-15b7-1ae2-9693-6772b67893e7', 'b21d75f5-7759-21d5-b213-690aa7936ccc', 'getName', 'Entity method', NULL, NULL, 20, '2024-01-01 00:00:00'),
('9820d449-dae2-0fe0-8f74-86ca7fda55be', 'b21d75f5-7759-21d5-b213-690aa7936ccc', 'validate', 'Entity method', NULL, NULL, 30, '2024-01-01 00:00:00'),
('34fe0f9f-0d2f-0910-151f-d4a420e1a07b', 'e07bb8b0-ffaa-4362-e60b-51a5d33fbbbb', 'getId', 'Entity method', NULL, NULL, 10, '2024-01-01 00:00:00'),
('550f249a-c88b-76c0-981d-968b87c8db61', 'e07bb8b0-ffaa-4362-e60b-51a5d33fbbbb', 'getName', 'Entity method', NULL, NULL, 20, '2024-01-01 00:00:00'),
('8ea01c9b-bff1-e730-7f80-00cb00d60b59', 'e07bb8b0-ffaa-4362-e60b-51a5d33fbbbb', 'validate', 'Entity method', NULL, NULL, 30, '2024-01-01 00:00:00'),
('46b59e4c-ed07-9961-237f-9121f9bd3df9', '11d80f5d-f5ef-76a6-6398-8cbbffa4ce3f', 'getId', 'Entity method', NULL, NULL, 10, '2024-01-01 00:00:00'),
('95feffdf-f743-ec6a-4b89-11b6a9c09632', '11d80f5d-f5ef-76a6-6398-8cbbffa4ce3f', 'getName', 'Entity method', NULL, NULL, 20, '2024-01-01 00:00:00'),
('f016d577-eb59-a045-4afb-cc738781cb0b', '11d80f5d-f5ef-76a6-6398-8cbbffa4ce3f', 'validate', 'Entity method', NULL, NULL, 30, '2024-01-01 00:00:00'),
('91f20ecf-a1a3-b1d9-ba17-765c651d2b5d', 'a33b6e6e-82dc-f7a7-fc30-6eb5c6a37fd3', 'getId', 'Entity method', NULL, NULL, 10, '2024-01-01 00:00:00'),
('a29d6391-3c84-4636-3fe0-50fa66fa9bd9', 'a33b6e6e-82dc-f7a7-fc30-6eb5c6a37fd3', 'getName', 'Entity method', NULL, NULL, 20, '2024-01-01 00:00:00'),
('9ecf30d3-1963-045f-c17d-67830a507989', 'a33b6e6e-82dc-f7a7-fc30-6eb5c6a37fd3', 'validate', 'Entity method', NULL, NULL, 30, '2024-01-01 00:00:00'),
('bfb556db-8df3-2341-2748-d931787f1c91', 'f3219ed9-6112-0717-8a4d-634a8606bbb1', 'getId', 'Entity method', NULL, NULL, 10, '2024-01-01 00:00:00'),
('89084c75-9333-ecfb-3eb5-3c7d6d61c71d', 'f3219ed9-6112-0717-8a4d-634a8606bbb1', 'getName', 'Entity method', NULL, NULL, 20, '2024-01-01 00:00:00'),
('0e475c72-c4a1-5090-dbff-0dd068e26d29', 'f3219ed9-6112-0717-8a4d-634a8606bbb1', 'validate', 'Entity method', NULL, NULL, 30, '2024-01-01 00:00:00'),
('fee69027-4e1b-22a9-316f-705aa2f22c7b', '7fdc0e49-7ceb-71a2-83e5-913b540189d6', 'getId', 'Entity method', NULL, NULL, 10, '2024-01-01 00:00:00'),
('69282417-e6c2-8b76-6c77-5319213ec536', '7fdc0e49-7ceb-71a2-83e5-913b540189d6', 'getName', 'Entity method', NULL, NULL, 20, '2024-01-01 00:00:00'),
('6827c859-a233-3500-9167-a73d496c25de', '7fdc0e49-7ceb-71a2-83e5-913b540189d6', 'validate', 'Entity method', NULL, NULL, 30, '2024-01-01 00:00:00'),
('5f9a9817-eb23-1383-20fe-e8f0011a8fa9', '931147bc-d47d-e707-2502-657746b3316a', 'getId', 'Entity method', NULL, NULL, 10, '2024-01-01 00:00:00'),
('86a4a6a7-6273-960f-f2d8-5e73b208df25', '931147bc-d47d-e707-2502-657746b3316a', 'getName', 'Entity method', NULL, NULL, 20, '2024-01-01 00:00:00'),
('26cece0c-944f-81bc-77f2-38284b6ea9ca', '931147bc-d47d-e707-2502-657746b3316a', 'validate', 'Entity method', NULL, NULL, 30, '2024-01-01 00:00:00');

INSERT INTO source_classes (id, project_id, full_class_name, simple_name, package_name, class_type, description, source_file, created_at) VALUES
('9fe7ec7c-f47f-368e-b3b5-8c0925f217d9', '3e9388e1-cecf-66a9-0e57-c7d87fa2659d', 'co.fanki.project13.controller.Api0Controller', 'Api0Controller', 'co.fanki.project13.controller', 'CONTROLLER', 'REST controller', 'src/co/fanki/project13/controller/Api0Controller.java', '2024-01-01 00:00:00'),
('13a95baa-fa71-0ace-9c86-2e3529d6bcc8', '3e9388e1-cecf-66a9-0e57-c7d87fa2659d', 'co.fanki.project13.controller.Api1Controller', 'Api1Controller', 'co.fanki.project13.controller', 'CONTROLLER', 'REST controller', 'src/co/fanki/project13/controller/Api1Controller.java', '2024-01-01 00:00:00'),
('f0244829-99f3-5c3b-3add-e7e78456a018', '3e9388e1-cecf-66a9-0e57-c7d87fa2659d', 'co.fanki.project13.controller.Api2Controller', 'Api2Controller', 'co.fanki.project13.controller', 'CONTROLLER', 'REST controller', 'src/co/fanki/project13/controller/Api2Controller.java', '2024-01-01 00:00:00'),
('07d3bf98-a526-d958-a4c1-be1b54ea065a', '3e9388e1-cecf-66a9-0e57-c7d87fa2659d', 'co.fanki.project13.controller.Api3Controller', 'Api3Controller', 'co.fanki.project13.controller', 'CONTROLLER', 'REST controller', 'src/co/fanki/project13/controller/Api3Controller.java', '2024-01-01 00:00:00'),
('8d964d81-6299-1978-9e0c-300ba48448a1', '3e9388e1-cecf-66a9-0e57-c7d87fa2659d', 'co.fanki.project13.controller.Api4Controller', 'Api4Controller', 'co.fanki.project13.controller', 'CONTROLLER', 'REST controller', 'src/co/fanki/project13/controller/Api4Controller.java', '2024-01-01 00:00:00'),
('9ccc46cb-26dc-3e24-b886-b4d27049f3b7', '3e9388e1-cecf-66a9-0e57-c7d87fa2659d', 'co.fanki.project13.service.Business0Service', 'Business0Service', 'co.fanki.project13.service', 'SERVICE', 'Business service', 'src/co/fanki/project13/service/Business0Service.java', '2024-01-01 00:00:00'),
('d4001751-dbb3-a085-ec3f-455ab536b375', '3e9388e1-cecf-66a9-0e57-c7d87fa2659d', 'co.fanki.project13.service.Business1Service', 'Business1Service', 'co.fanki.project13.service', 'SERVICE', 'Business service', 'src/co/fanki/project13/service/Business1Service.java', '2024-01-01 00:00:00'),
('a7f71c9c-9a97-4986-c347-ba995930054f', '3e9388e1-cecf-66a9-0e57-c7d87fa2659d', 'co.fanki.project13.domain.Entity0', 'Entity0', 'co.fanki.project13.domain', 'ENTITY', 'Domain entity', 'src/co/fanki/project13/domain/Entity0.java', '2024-01-01 00:00:00'),
('857b37b2-8e89-9f2c-8086-f3257d33b440', '3e9388e1-cecf-66a9-0e57-c7d87fa2659d', 'co.fanki.project13.domain.Entity1', 'Entity1', 'co.fanki.project13.domain', 'ENTITY', 'Domain entity', 'src/co/fanki/project13/domain/Entity1.java', '2024-01-01 00:00:00'),
('69656ded-e1d9-030c-941a-9200c95931e0', '3e9388e1-cecf-66a9-0e57-c7d87fa2659d', 'co.fanki.project13.domain.Entity2', 'Entity2', 'co.fanki.project13.domain', 'ENTITY', 'Domain entity', 'src/co/fanki/project13/domain/Entity2.java', '2024-01-01 00:00:00'),
('945893ac-eb4d-cc98-8c0a-54ef1e4b36be', '3e9388e1-cecf-66a9-0e57-c7d87fa2659d', 'co.fanki.project13.domain.Entity3', 'Entity3', 'co.fanki.project13.domain', 'ENTITY', 'Domain entity', 'src/co/fanki/project13/domain/Entity3.java', '2024-01-01 00:00:00'),
('f6096162-5cd4-4e76-44d3-fdae89c29f6a', '3e9388e1-cecf-66a9-0e57-c7d87fa2659d', 'co.fanki.project13.domain.Entity4', 'Entity4', 'co.fanki.project13.domain', 'ENTITY', 'Domain entity', 'src/co/fanki/project13/domain/Entity4.java', '2024-01-01 00:00:00'),
('9005ffbe-eebf-1500-3788-5cc2ba221ec0', '3e9388e1-cecf-66a9-0e57-c7d87fa2659d', 'co.fanki.project13.domain.Entity5', 'Entity5', 'co.fanki.project13.domain', 'ENTITY', 'Domain entity', 'src/co/fanki/project13/domain/Entity5.java', '2024-01-01 00:00:00'),
('45fe38c4-8cdb-4cae-b973-e42e12c7fc5c', '3e9388e1-cecf-66a9-0e57-c7d87fa2659d', 'co.fanki.project13.domain.Entity6', 'Entity6', 'co.fanki.project13.domain', 'ENTITY', 'Domain entity', 'src/co/fanki/project13/domain/Entity6.java', '2024-01-01 00:00:00'),
('99afcdb7-d067-31ad-5f94-fe56c48daaca', '3e9388e1-cecf-66a9-0e57-c7d87fa2659d', 'co.fanki.project13.domain.Entity7', 'Entity7', 'co.fanki.project13.domain', 'ENTITY', 'Domain entity', 'src/co/fanki/project13/domain/Entity7.java', '2024-01-01 00:00:00'),
('53617572-ddde-34f9-d24e-9d241954c575', '3e9388e1-cecf-66a9-0e57-c7d87fa2659d', 'co.fanki.project13.domain.Entity8', 'Entity8', 'co.fanki.project13.domain', 'ENTITY', 'Domain entity', 'src/co/fanki/project13/domain/Entity8.java', '2024-01-01 00:00:00'),
('4e4a1ae5-ec97-ab74-1648-d44132e3f53d', '3e9388e1-cecf-66a9-0e57-c7d87fa2659d', 'co.fanki.project13.domain.Entity9', 'Entity9', 'co.fanki.project13.domain', 'ENTITY', 'Domain entity', 'src/co/fanki/project13/domain/Entity9.java', '2024-01-01 00:00:00');

INSERT INTO source_methods (id, class_id, method_name, description, http_method, http_path, line_number, created_at) VALUES
('4ae0a647-a031-51b1-9660-39fc94b6fc83', '9fe7ec7c-f47f-368e-b3b5-8c0925f217d9', 'handle', 'Handles request', 'GET', '/api/v1/resource0', 10, '2024-01-01 00:00:00'),
('13006384-25ef-2350-cf39-a24080ae7593', '13a95baa-fa71-0ace-9c86-2e3529d6bcc8', 'handle', 'Handles request', 'GET', '/api/v1/resource1', 10, '2024-01-01 00:00:00'),
('4fd74926-3861-4ad3-3c46-ba31ed18697c', 'f0244829-99f3-5c3b-3add-e7e78456a018', 'handle', 'Handles request', 'GET', '/api/v1/resource2', 10, '2024-01-01 00:00:00'),
('417fc317-03c4-61f0-2c03-db2cc5794495', '07d3bf98-a526-d958-a4c1-be1b54ea065a', 'handle', 'Handles request', 'GET', '/api/v1/resource3', 10, '2024-01-01 00:00:00'),
('4acebcb1-24ba-e3a6-649e-1b081588a981', '8d964d81-6299-1978-9e0c-300ba48448a1', 'handle', 'Handles request', 'GET', '/api/v1/resource4', 10, '2024-01-01 00:00:00'),
('db597a77-3141-5c3a-a2b0-d241db4637ab', '9ccc46cb-26dc-3e24-b886-b4d27049f3b7', 'create', 'Business logic', NULL, NULL, 10, '2024-01-01 00:00:00'),
('e74353c9-cbac-6626-25d2-6366026459ce', '9ccc46cb-26dc-3e24-b886-b4d27049f3b7', 'update', 'Business logic', NULL, NULL, 20, '2024-01-01 00:00:00'),
('f5ef2b47-07f9-80f0-43c0-b38c6ca04dba', '9ccc46cb-26dc-3e24-b886-b4d27049f3b7', 'delete', 'Business logic', NULL, NULL, 30, '2024-01-01 00:00:00'),
('5235773a-122e-f059-5742-022bd1938efe', '9ccc46cb-26dc-3e24-b886-b4d27049f3b7', 'find', 'Business logic', NULL, NULL, 40, '2024-01-01 00:00:00'),
('6044fe64-0824-d37f-1436-eddb8bddaa73', '9ccc46cb-26dc-3e24-b886-b4d27049f3b7', 'process', 'Business logic', NULL, NULL, 50, '2024-01-01 00:00:00'),
('8f972ce3-4b62-1595-067f-9efdea1de59d', 'd4001751-dbb3-a085-ec3f-455ab536b375', 'create', 'Business logic', NULL, NULL, 10, '2024-01-01 00:00:00'),
('cf29ab40-024d-6a46-bfa5-d41b6044a405', 'd4001751-dbb3-a085-ec3f-455ab536b375', 'update', 'Business logic', NULL, NULL, 20, '2024-01-01 00:00:00'),
('e233915f-9b42-c591-c84e-4856a5332c54', 'd4001751-dbb3-a085-ec3f-455ab536b375', 'delete', 'Business logic', NULL, NULL, 30, '2024-01-01 00:00:00'),
('4c83e25b-682d-5157-0f3c-f09137d3d5b1', 'd4001751-dbb3-a085-ec3f-455ab536b375', 'find', 'Business logic', NULL, NULL, 40, '2024-01-01 00:00:00'),
('1fdec5fb-1619-0ea7-347c-3bd6c6e8aeeb', 'd4001751-dbb3-a085-ec3f-455ab536b375', 'process', 'Business logic', NULL, NULL, 50, '2024-01-01 00:00:00'),
('6625ed12-cdf8-0003-bd83-8d46b186fabf', 'a7f71c9c-9a97-4986-c347-ba995930054f', 'getId', 'Entity method', NULL, NULL, 10, '2024-01-01 00:00:00'),
('8d658b03-8d87-07dc-c394-666f540121ec', 'a7f71c9c-9a97-4986-c347-ba995930054f', 'getName', 'Entity method', NULL, NULL, 20, '2024-01-01 00:00:00'),
('4d0ea82e-adcb-dd6e-82da-a3abf98971b3', 'a7f71c9c-9a97-4986-c347-ba995930054f', 'validate', 'Entity method', NULL, NULL, 30, '2024-01-01 00:00:00'),
('dc992b90-64ca-05b1-a04b-7e7f1a310047', '857b37b2-8e89-9f2c-8086-f3257d33b440', 'getId', 'Entity method', NULL, NULL, 10, '2024-01-01 00:00:00'),
('4b8cb38d-af4a-9245-9537-178a16649ffe', '857b37b2-8e89-9f2c-8086-f3257d33b440', 'getName', 'Entity method', NULL, NULL, 20, '2024-01-01 00:00:00'),
('87abecae-5067-7a8f-8096-0bc119a51cec', '857b37b2-8e89-9f2c-8086-f3257d33b440', 'validate', 'Entity method', NULL, NULL, 30, '2024-01-01 00:00:00'),
('25984a14-3685-1126-914c-6b4f23cb012a', '69656ded-e1d9-030c-941a-9200c95931e0', 'getId', 'Entity method', NULL, NULL, 10, '2024-01-01 00:00:00'),
('8369ba6b-ab6e-7749-4807-987c4fe9ac62', '69656ded-e1d9-030c-941a-9200c95931e0', 'getName', 'Entity method', NULL, NULL, 20, '2024-01-01 00:00:00'),
('46100159-69a8-9616-23f7-74599ee07ded', '69656ded-e1d9-030c-941a-9200c95931e0', 'validate', 'Entity method', NULL, NULL, 30, '2024-01-01 00:00:00'),
('4d5e188d-0739-b72a-1347-dfeeb727c763', '945893ac-eb4d-cc98-8c0a-54ef1e4b36be', 'getId', 'Entity method', NULL, NULL, 10, '2024-01-01 00:00:00'),
('17a8bb62-2769-eebe-03ac-a1295a229f4a', '945893ac-eb4d-cc98-8c0a-54ef1e4b36be', 'getName', 'Entity method', NULL, NULL, 20, '2024-01-01 00:00:00'),
('0ec77253-7163-4e73-9281-47006184d845', '945893ac-eb4d-cc98-8c0a-54ef1e4b36be', 'validate', 'Entity method', NULL, NULL, 30, '2024-01-01 00:00:00'),
('3e8c270a-ede2-e141-232f-de6bf29347a8', 'f6096162-5cd4-4e76-44d3-fdae89c29f6a', 'getId', 'Entity method', NULL, NULL, 10, '2024-01-01 00:00:00'),
('8c6bf714-40c6-3e80-d765-19975986996b', 'f6096162-5cd4-4e76-44d3-fdae89c29f6a', 'getName', 'Entity method', NULL, NULL, 20, '2024-01-01 00:00:00'),
('e4bb09d5-9b02-1f66-e718-ac3b582fb238', 'f6096162-5cd4-4e76-44d3-fdae89c29f6a', 'validate', 'Entity method', NULL, NULL, 30, '2024-01-01 00:00:00'),
('d13fa20b-06d9-13eb-07b2-aa7a6c6fe6c9', '9005ffbe-eebf-1500-3788-5cc2ba221ec0', 'getId', 'Entity method', NULL, NULL, 10, '2024-01-01 00:00:00'),
('4ac7eb76-4f1e-1fc5-bef5-71e32fea0f96', '9005ffbe-eebf-1500-3788-5cc2ba221ec0', 'getName', 'Entity method', NULL, NULL, 20, '2024-01-01 00:00:00'),
('b92dd8d2-f3a4-abfa-463c-657b446b2eb9', '9005ffbe-eebf-1500-3788-5cc2ba221ec0', 'validate', 'Entity method', NULL, NULL, 30, '2024-01-01 00:00:00'),
('d7570ea3-b94a-b2c7-6b0d-3e27c0e04950', '45fe38c4-8cdb-4cae-b973-e42e12c7fc5c', 'getId', 'Entity method', NULL, NULL, 10, '2024-01-01 00:00:00'),
('606a320a-5166-f0e4-488b-de14d59a2444', '45fe38c4-8cdb-4cae-b973-e42e12c7fc5c', 'getName', 'Entity method', NULL, NULL, 20, '2024-01-01 00:00:00'),
('6819be7d-e7f2-a7ec-f143-e776c4cfd8a4', '45fe38c4-8cdb-4cae-b973-e42e12c7fc5c', 'validate', 'Entity method', NULL, NULL, 30, '2024-01-01 00:00:00'),
('c9592f45-397e-2e6a-f206-48e0a7dd7d02', '99afcdb7-d067-31ad-5f94-fe56c48daaca', 'getId', 'Entity method', NULL, NULL, 10, '2024-01-01 00:00:00'),
('870f72b4-e726-7fe1-de12-f839b68dfb8a', '99afcdb7-d067-31ad-5f94-fe56c48daaca', 'getName', 'Entity method', NULL, NULL, 20, '2024-01-01 00:00:00'),
('65b1cd2b-8627-b46b-fef2-d39f8ab68d05', '99afcdb7-d067-31ad-5f94-fe56c48daaca', 'validate', 'Entity method', NULL, NULL, 30, '2024-01-01 00:00:00'),
('f1b6ecc4-6641-6d3c-802b-8c41b134a5d1', '53617572-ddde-34f9-d24e-9d241954c575', 'getId', 'Entity method', NULL, NULL, 10, '2024-01-01 00:00:00'),
('238ea7f7-7f7e-3dc9-956d-a4cef7d1ee31', '53617572-ddde-34f9-d24e-9d241954c575', 'getName', 'Entity method', NULL, NULL, 20, '2024-01-01 00:00:00'),
('551a9265-8760-63e7-c396-330d9d8dfb34', '53617572-ddde-34f9-d24e-9d241954c575', 'validate', 'Entity method', NULL, NULL, 30, '2024-01-01 00:00:00'),
('ee35556a-c52a-a7e2-e9b2-1fc60bc62676', '4e4a1ae5-ec97-ab74-1648-d44132e3f53d', 'getId', 'Entity method', NULL, NULL, 10, '2024-01-01 00:00:00'),
('09d47337-a4ef-fbd9-1d9e-4011003711d2', '4e4a1ae5-ec97-ab74-1648-d44132e3f53d', 'getName', 'Entity method', NULL, NULL, 20, '2024-01-01 00:00:00'),
('10eafc0c-6aa3-94a4-03c3-6f59221032f0', '4e4a1ae5-ec97-ab74-1648-d44132e3f53d', 'validate', 'Entity method', NULL, NULL, 30, '2024-01-01 00:00:00');

INSERT INTO source_classes (id, project_id, full_class_name, simple_name, package_name, class_type, description, source_file, created_at) VALUES
('a3fb274e-08fa-e31f-5fc9-ac2d59450412', 'e7d4da8c-5ee3-3884-2b00-cef4790f836f', 'co.fanki.project14.controller.Api0Controller', 'Api0Controller', 'co.fanki.project14.controller', 'CONTROLLER', 'REST controller', 'src/co/fanki/project14/controller/Api0Controller.java', '2024-01-01 00:00:00'),
('caf25dd7-87e6-b591-5278-654622b2ef76', 'e7d4da8c-5ee3-3884-2b00-cef4790f836f', 'co.fanki.project14.controller.Api1Controller', 'Api1Controller', 'co.fanki.project14.controller', 'CONTROLLER', 'REST controller', 'src/co/fanki/project14/controller/Api1Controller.java', '2024-01-01 00:00:00'),
('2a34e53e-5f7e-9bdf-1d50-ea05f7b2b80b', 'e7d4da8c-5ee3-3884-2b00-cef4790f836f', 'co.fanki.project14.controller.Api2Controller', 'Api2Controller', 'co.fanki.project14.controller', 'CONTROLLER', 'REST controller', 'src/co/fanki/project14/controller/Api2Controller.java', '2024-01-01 00:00:00'),
('88c0ebbb-9732-9e0a-9be6-3075da211869', 'e7d4da8c-5ee3-3884-2b00-cef4790f836f', 'co.fanki.project14.controller.Api3Controller', 'Api3Controller', 'co.fanki.project14.controller', 'CONTROLLER', 'REST controller', 'src/co/fanki/project14/controller/Api3Controller.java', '2024-01-01 00:00:00'),
('5de30e79-7f72-545b-6deb-9f02c16bb778', 'e7d4da8c-5ee3-3884-2b00-cef4790f836f', 'co.fanki.project14.controller.Api4Controller', 'Api4Controller', 'co.fanki.project14.controller', 'CONTROLLER', 'REST controller', 'src/co/fanki/project14/controller/Api4Controller.java', '2024-01-01 00:00:00'),
('e4b9d60a-8a4f-feef-b8de-b9008cb505aa', 'e7d4da8c-5ee3-3884-2b00-cef4790f836f', 'co.fanki.project14.service.Business0Service', 'Business0Service', 'co.fanki.project14.service', 'SERVICE', 'Business service', 'src/co/fanki/project14/service/Business0Service.java', '2024-01-01 00:00:00'),
('2c4ff965-b6c8-e210-5044-a63fecda2ee0', 'e7d4da8c-5ee3-3884-2b00-cef4790f836f', 'co.fanki.project14.service.Business1Service', 'Business1Service', 'co.fanki.project14.service', 'SERVICE', 'Business service', 'src/co/fanki/project14/service/Business1Service.java', '2024-01-01 00:00:00'),
('2088ddad-e144-bb86-923c-79c683675e0b', 'e7d4da8c-5ee3-3884-2b00-cef4790f836f', 'co.fanki.project14.domain.Entity0', 'Entity0', 'co.fanki.project14.domain', 'ENTITY', 'Domain entity', 'src/co/fanki/project14/domain/Entity0.java', '2024-01-01 00:00:00'),
('41a14345-f0e7-2d70-50b4-cc0d3e50a5a1', 'e7d4da8c-5ee3-3884-2b00-cef4790f836f', 'co.fanki.project14.domain.Entity1', 'Entity1', 'co.fanki.project14.domain', 'ENTITY', 'Domain entity', 'src/co/fanki/project14/domain/Entity1.java', '2024-01-01 00:00:00'),
('90bc592e-ccd5-68ac-bd40-ec82d8b6d9c4', 'e7d4da8c-5ee3-3884-2b00-cef4790f836f', 'co.fanki.project14.domain.Entity2', 'Entity2', 'co.fanki.project14.domain', 'ENTITY', 'Domain entity', 'src/co/fanki/project14/domain/Entity2.java', '2024-01-01 00:00:00'),
('426edfc7-e870-ec8b-00be-bc3040855ddc', 'e7d4da8c-5ee3-3884-2b00-cef4790f836f', 'co.fanki.project14.domain.Entity3', 'Entity3', 'co.fanki.project14.domain', 'ENTITY', 'Domain entity', 'src/co/fanki/project14/domain/Entity3.java', '2024-01-01 00:00:00'),
('44d7aac2-7ffd-43a4-1628-3715972f2670', 'e7d4da8c-5ee3-3884-2b00-cef4790f836f', 'co.fanki.project14.domain.Entity4', 'Entity4', 'co.fanki.project14.domain', 'ENTITY', 'Domain entity', 'src/co/fanki/project14/domain/Entity4.java', '2024-01-01 00:00:00'),
('0aa58e93-eb8c-d949-dff5-fa2d0fa035f4', 'e7d4da8c-5ee3-3884-2b00-cef4790f836f', 'co.fanki.project14.domain.Entity5', 'Entity5', 'co.fanki.project14.domain', 'ENTITY', 'Domain entity', 'src/co/fanki/project14/domain/Entity5.java', '2024-01-01 00:00:00'),
('8af03d36-0a23-7b6e-4674-989845e15157', 'e7d4da8c-5ee3-3884-2b00-cef4790f836f', 'co.fanki.project14.domain.Entity6', 'Entity6', 'co.fanki.project14.domain', 'ENTITY', 'Domain entity', 'src/co/fanki/project14/domain/Entity6.java', '2024-01-01 00:00:00'),
('759eb223-1af7-123a-e33b-43055b11b2da', 'e7d4da8c-5ee3-3884-2b00-cef4790f836f', 'co.fanki.project14.domain.Entity7', 'Entity7', 'co.fanki.project14.domain', 'ENTITY', 'Domain entity', 'src/co/fanki/project14/domain/Entity7.java', '2024-01-01 00:00:00'),
('8d8350f6-39d8-8d89-6fc0-a3022868caa4', 'e7d4da8c-5ee3-3884-2b00-cef4790f836f', 'co.fanki.project14.domain.Entity8', 'Entity8', 'co.fanki.project14.domain', 'ENTITY', 'Domain entity', 'src/co/fanki/project14/domain/Entity8.java', '2024-01-01 00:00:00'),
('7300683d-5952-1bbc-2517-65b19d4bd4f2', 'e7d4da8c-5ee3-3884-2b00-cef4790f836f', 'co.fanki.project14.domain.Entity9', 'Entity9', 'co.fanki.project14.domain', 'ENTITY', 'Domain entity', 'src/co/fanki/project14/domain/Entity9.java', '2024-01-01 00:00:00');

INSERT INTO source_methods (id, class_id, method_name, description, http_method, http_path, line_number, created_at) VALUES
('35793583-b912-2c75-2a3b-354913691b00', 'a3fb274e-08fa-e31f-5fc9-ac2d59450412', 'handle', 'Handles request', 'GET', '/api/v1/resource0', 10, '2024-01-01 00:00:00'),
('393ccefe-e209-3f09-b2a4-348c770e8028', 'caf25dd7-87e6-b591-5278-654622b2ef76', 'handle', 'Handles request', 'GET', '/api/v1/resource1', 10, '2024-01-01 00:00:00'),
('15ed0371-9113-424c-41cc-55ddda10f7ac', '2a34e53e-5f7e-9bdf-1d50-ea05f7b2b80b', 'handle', 'Handles request', 'GET', '/api/v1/resource2', 10, '2024-01-01 00:00:00'),
('3588fa1b-fa31-157e-7018-239c21bb1d36', '88c0ebbb-9732-9e0a-9be6-3075da211869', 'handle', 'Handles request', 'GET', '/api/v1/resource3', 10, '2024-01-01 00:00:00'),
('bac36038-72b4-99af-3510-689cae92cf2a', '5de30e79-7f72-545b-6deb-9f02c16bb778', 'handle', 'Handles request', 'GET', '/api/v1/resource4', 10, '2024-01-01 00:00:00'),
('6a88fa89-0c89-e91a-5e6a-40d259ea4510', 'e4b9d60a-8a4f-feef-b8de-b9008cb505aa', 'create', 'Business logic', NULL, NULL, 10, '2024-01-01 00:00:00'),
('3b71dd20-f616-e5d8-0ba5-cad222e7ea57', 'e4b9d60a-8a4f-feef-b8de-b9008cb505aa', 'update', 'Business logic', NULL, NULL, 20, '2024-01-01 00:00:00'),
('54326a09-496b-5f43-a7ff-6551e0007294', 'e4b9d60a-8a4f-feef-b8de-b9008cb505aa', 'delete', 'Business logic', NULL, NULL, 30, '2024-01-01 00:00:00'),
('a46385a0-9a2b-08a7-eae2-8ea82adf530f', 'e4b9d60a-8a4f-feef-b8de-b9008cb505aa', 'find', 'Business logic', NULL, NULL, 40, '2024-01-01 00:00:00'),
('4c83e517-0bef-d27d-45b5-1d9948def0fc', 'e4b9d60a-8a4f-feef-b8de-b9008cb505aa', 'process', 'Business logic', NULL, NULL, 50, '2024-01-01 00:00:00'),
('bf0d1a7c-fe5e-c46a-94f2-a4220607d526', '2c4ff965-b6c8-e210-5044-a63fecda2ee0', 'create', 'Business logic', NULL, NULL, 10, '2024-01-01 00:00:00'),
('a0a0b1ea-04b5-ef61-4648-0628f598e695', '2c4ff965-b6c8-e210-5044-a63fecda2ee0', 'update', 'Business logic', NULL, NULL, 20, '2024-01-01 00:00:00'),
('9fee32c8-5aa9-18cc-527f-a0a3bb11a90e', '2c4ff965-b6c8-e210-5044-a63fecda2ee0', 'delete', 'Business logic', NULL, NULL, 30, '2024-01-01 00:00:00'),
('322d3fa3-7f89-94dc-0154-c924985f66ee', '2c4ff965-b6c8-e210-5044-a63fecda2ee0', 'find', 'Business logic', NULL, NULL, 40, '2024-01-01 00:00:00'),
('fcf46b7e-dd55-fa40-2a5a-823e33384f22', '2c4ff965-b6c8-e210-5044-a63fecda2ee0', 'process', 'Business logic', NULL, NULL, 50, '2024-01-01 00:00:00'),
('11045d62-2449-2b2d-0f5c-bb6a3b75a0b9', '2088ddad-e144-bb86-923c-79c683675e0b', 'getId', 'Entity method', NULL, NULL, 10, '2024-01-01 00:00:00'),
('639ed679-c93d-3679-2224-636d81720302', '2088ddad-e144-bb86-923c-79c683675e0b', 'getName', 'Entity method', NULL, NULL, 20, '2024-01-01 00:00:00'),
('a95eed9e-54e1-439f-36e3-dbdb241c532d', '2088ddad-e144-bb86-923c-79c683675e0b', 'validate', 'Entity method', NULL, NULL, 30, '2024-01-01 00:00:00'),
('d1c2a756-588e-adec-5916-cf448a04106d', '41a14345-f0e7-2d70-50b4-cc0d3e50a5a1', 'getId', 'Entity method', NULL, NULL, 10, '2024-01-01 00:00:00'),
('35cc2f71-d96e-ffec-0b50-3985738e0f85', '41a14345-f0e7-2d70-50b4-cc0d3e50a5a1', 'getName', 'Entity method', NULL, NULL, 20, '2024-01-01 00:00:00'),
('a3cc79f1-2540-d8fa-1d4c-ed38856592e7', '41a14345-f0e7-2d70-50b4-cc0d3e50a5a1', 'validate', 'Entity method', NULL, NULL, 30, '2024-01-01 00:00:00'),
('a8d6ba5a-c957-2fbf-687d-1927c410d79e', '90bc592e-ccd5-68ac-bd40-ec82d8b6d9c4', 'getId', 'Entity method', NULL, NULL, 10, '2024-01-01 00:00:00'),
('772c3bfa-2681-2e00-8003-9b3585c57d16', '90bc592e-ccd5-68ac-bd40-ec82d8b6d9c4', 'getName', 'Entity method', NULL, NULL, 20, '2024-01-01 00:00:00'),
('069f7c71-c49c-c5ab-06ba-cc677c3d5b6f', '90bc592e-ccd5-68ac-bd40-ec82d8b6d9c4', 'validate', 'Entity method', NULL, NULL, 30, '2024-01-01 00:00:00'),
('2c4469ea-b9ba-781e-370a-3a423322d00b', '426edfc7-e870-ec8b-00be-bc3040855ddc', 'getId', 'Entity method', NULL, NULL, 10, '2024-01-01 00:00:00'),
('27f165f1-c696-3691-7178-4198d91fc3c9', '426edfc7-e870-ec8b-00be-bc3040855ddc', 'getName', 'Entity method', NULL, NULL, 20, '2024-01-01 00:00:00'),
('1c9e94c1-dd80-60bf-56d9-2610b5a11120', '426edfc7-e870-ec8b-00be-bc3040855ddc', 'validate', 'Entity method', NULL, NULL, 30, '2024-01-01 00:00:00'),
('eea9e4a0-5adc-0a77-0b52-0600b8ad20f5', '44d7aac2-7ffd-43a4-1628-3715972f2670', 'getId', 'Entity method', NULL, NULL, 10, '2024-01-01 00:00:00'),
('a0c406d3-243b-2c25-e244-c7e09e9727eb', '44d7aac2-7ffd-43a4-1628-3715972f2670', 'getName', 'Entity method', NULL, NULL, 20, '2024-01-01 00:00:00'),
('d355e790-cd13-1522-805b-2781c568fb56', '44d7aac2-7ffd-43a4-1628-3715972f2670', 'validate', 'Entity method', NULL, NULL, 30, '2024-01-01 00:00:00'),
('5ed8b2d7-8840-277a-a85c-16eeae732ac2', '0aa58e93-eb8c-d949-dff5-fa2d0fa035f4', 'getId', 'Entity method', NULL, NULL, 10, '2024-01-01 00:00:00'),
('88c4359d-acdb-77d2-20a4-45eb031fcaed', '0aa58e93-eb8c-d949-dff5-fa2d0fa035f4', 'getName', 'Entity method', NULL, NULL, 20, '2024-01-01 00:00:00'),
('0c9e0902-3cbf-cd3f-c6ef-933b1b4330d0', '0aa58e93-eb8c-d949-dff5-fa2d0fa035f4', 'validate', 'Entity method', NULL, NULL, 30, '2024-01-01 00:00:00'),
('aa5e06cc-9a61-ce35-01e0-01e5753808d6', '8af03d36-0a23-7b6e-4674-989845e15157', 'getId', 'Entity method', NULL, NULL, 10, '2024-01-01 00:00:00'),
('42ef506b-aac4-80d1-8ed7-f3e8bb4a4c8b', '8af03d36-0a23-7b6e-4674-989845e15157', 'getName', 'Entity method', NULL, NULL, 20, '2024-01-01 00:00:00'),
('35027bf2-406e-835c-fd5f-5f96654cb960', '8af03d36-0a23-7b6e-4674-989845e15157', 'validate', 'Entity method', NULL, NULL, 30, '2024-01-01 00:00:00'),
('58d4a696-4396-5e86-6346-6b2e55fc8327', '759eb223-1af7-123a-e33b-43055b11b2da', 'getId', 'Entity method', NULL, NULL, 10, '2024-01-01 00:00:00'),
('af8e8464-0352-30b8-b7af-e87863d7f1b2', '759eb223-1af7-123a-e33b-43055b11b2da', 'getName', 'Entity method', NULL, NULL, 20, '2024-01-01 00:00:00'),
('151da496-ce3d-5a46-8195-8dd3519e553f', '759eb223-1af7-123a-e33b-43055b11b2da', 'validate', 'Entity method', NULL, NULL, 30, '2024-01-01 00:00:00'),
('cba0832b-9f79-f625-321a-24e55535d426', '8d8350f6-39d8-8d89-6fc0-a3022868caa4', 'getId', 'Entity method', NULL, NULL, 10, '2024-01-01 00:00:00'),
('696a38d4-8319-b265-3dff-0071a3733c8c', '8d8350f6-39d8-8d89-6fc0-a3022868caa4', 'getName', 'Entity method', NULL, NULL, 20, '2024-01-01 00:00:00'),
('89eda414-3460-e2a1-db84-1ede1d1b0f74', '8d8350f6-39d8-8d89-6fc0-a3022868caa4', 'validate', 'Entity method', NULL, NULL, 30, '2024-01-01 00:00:00'),
('bf34027f-7995-12cb-73a5-ec371652fd52', '7300683d-5952-1bbc-2517-65b19d4bd4f2', 'getId', 'Entity method', NULL, NULL, 10, '2024-01-01 00:00:00'),
('ac6bf763-b1a7-2c99-35f0-433d90899f9f', '7300683d-5952-1bbc-2517-65b19d4bd4f2', 'getName', 'Entity method', NULL, NULL, 20, '2024-01-01 00:00:00'),
('7fa20cb6-9ead-5e00-6195-9a4101ae69e9', '7300683d-5952-1bbc-2517-65b19d4bd4f2', 'validate', 'Entity method', NULL, NULL, 30, '2024-01-01 00:00:00');

INSERT INTO source_classes (id, project_id, full_class_name, simple_name, package_name, class_type, description, source_file, created_at) VALUES
('c4e9ecfb-00ea-92bc-0d85-c587e6e48e06', '0d3c42aa-7a2d-5e93-4603-8de3f6112a00', 'co.fanki.project15.controller.Api0Controller', 'Api0Controller', 'co.fanki.project15.controller', 'CONTROLLER', 'REST controller', 'src/co/fanki/project15/controller/Api0Controller.java', '2024-01-01 00:00:00'),
('4e075da0-7f75-8878-827e-f0eb8298a2cd', '0d3c42aa-7a2d-5e93-4603-8de3f6112a00', 'co.fanki.project15.controller.Api1Controller', 'Api1Controller', 'co.fanki.project15.controller', 'CONTROLLER', 'REST controller', 'src/co/fanki/project15/controller/Api1Controller.java', '2024-01-01 00:00:00'),
('80d155ef-d20b-0133-1e82-cd7eda4f400f', '0d3c42aa-7a2d-5e93-4603-8de3f6112a00', 'co.fanki.project15.controller.Api2Controller', 'Api2Controller', 'co.fanki.project15.controller', 'CONTROLLER', 'REST controller', 'src/co/fanki/project15/controller/Api2Controller.java', '2024-01-01 00:00:00'),
('92bb1089-f9d4-bb18-e203-036d2ddd1deb', '0d3c42aa-7a2d-5e93-4603-8de3f6112a00', 'co.fanki.project15.controller.Api3Controller', 'Api3Controller', 'co.fanki.project15.controller', 'CONTROLLER', 'REST controller', 'src/co/fanki/project15/controller/Api3Controller.java', '2024-01-01 00:00:00'),
('b4636ed0-d3fd-1bd5-0903-4aebcdfbf216', '0d3c42aa-7a2d-5e93-4603-8de3f6112a00', 'co.fanki.project15.controller.Api4Controller', 'Api4Controller', 'co.fanki.project15.controller', 'CONTROLLER', 'REST controller', 'src/co/fanki/project15/controller/Api4Controller.java', '2024-01-01 00:00:00'),
('f31f878d-e5eb-c963-23b5-c0fb6d60405d', '0d3c42aa-7a2d-5e93-4603-8de3f6112a00', 'co.fanki.project15.service.Business0Service', 'Business0Service', 'co.fanki.project15.service', 'SERVICE', 'Business service', 'src/co/fanki/project15/service/Business0Service.java', '2024-01-01 00:00:00'),
('6defe6a6-fe94-06e0-8d63-28fbdff0dbaf', '0d3c42aa-7a2d-5e93-4603-8de3f6112a00', 'co.fanki.project15.service.Business1Service', 'Business1Service', 'co.fanki.project15.service', 'SERVICE', 'Business service', 'src/co/fanki/project15/service/Business1Service.java', '2024-01-01 00:00:00'),
('1ae5d183-885d-217b-dbe3-c3e5898eb0e4', '0d3c42aa-7a2d-5e93-4603-8de3f6112a00', 'co.fanki.project15.domain.Entity0', 'Entity0', 'co.fanki.project15.domain', 'ENTITY', 'Domain entity', 'src/co/fanki/project15/domain/Entity0.java', '2024-01-01 00:00:00'),
('4eef7fe2-d25e-f76d-125c-e608959690c3', '0d3c42aa-7a2d-5e93-4603-8de3f6112a00', 'co.fanki.project15.domain.Entity1', 'Entity1', 'co.fanki.project15.domain', 'ENTITY', 'Domain entity', 'src/co/fanki/project15/domain/Entity1.java', '2024-01-01 00:00:00'),
('9f3f3eba-9b08-5932-9475-23d5cad0bf90', '0d3c42aa-7a2d-5e93-4603-8de3f6112a00', 'co.fanki.project15.domain.Entity2', 'Entity2', 'co.fanki.project15.domain', 'ENTITY', 'Domain entity', 'src/co/fanki/project15/domain/Entity2.java', '2024-01-01 00:00:00'),
('88f30ff4-76a5-1dca-50bf-6df1018660e8', '0d3c42aa-7a2d-5e93-4603-8de3f6112a00', 'co.fanki.project15.domain.Entity3', 'Entity3', 'co.fanki.project15.domain', 'ENTITY', 'Domain entity', 'src/co/fanki/project15/domain/Entity3.java', '2024-01-01 00:00:00'),
('4d7974ba-3089-655c-b5c7-f12e27ee056c', '0d3c42aa-7a2d-5e93-4603-8de3f6112a00', 'co.fanki.project15.domain.Entity4', 'Entity4', 'co.fanki.project15.domain', 'ENTITY', 'Domain entity', 'src/co/fanki/project15/domain/Entity4.java', '2024-01-01 00:00:00'),
('67531084-c30e-b44f-fbc8-28615f2313b9', '0d3c42aa-7a2d-5e93-4603-8de3f6112a00', 'co.fanki.project15.domain.Entity5', 'Entity5', 'co.fanki.project15.domain', 'ENTITY', 'Domain entity', 'src/co/fanki/project15/domain/Entity5.java', '2024-01-01 00:00:00'),
('96aa4991-4471-0769-4d11-0734388ea50e', '0d3c42aa-7a2d-5e93-4603-8de3f6112a00', 'co.fanki.project15.domain.Entity6', 'Entity6', 'co.fanki.project15.domain', 'ENTITY', 'Domain entity', 'src/co/fanki/project15/domain/Entity6.java', '2024-01-01 00:00:00'),
('b65a2708-58c0-f6fb-9aaf-f316eec81f90', '0d3c42aa-7a2d-5e93-4603-8de3f6112a00', 'co.fanki.project15.domain.Entity7', 'Entity7', 'co.fanki.project15.domain', 'ENTITY', 'Domain entity', 'src/co/fanki/project15/domain/Entity7.java', '2024-01-01 00:00:00'),
('170738ab-ae08-9d28-a7d6-ef64c628737c', '0d3c42aa-7a2d-5e93-4603-8de3f6112a00', 'co.fanki.project15.domain.Entity8', 'Entity8', 'co.fanki.project15.domain', 'ENTITY', 'Domain entity', 'src/co/fanki/project15/domain/Entity8.java', '2024-01-01 00:00:00'),
('6ff36dc6-bb06-3732-4a56-5ac1495bab68', '0d3c42aa-7a2d-5e93-4603-8de3f6112a00', 'co.fanki.project15.domain.Entity9', 'Entity9', 'co.fanki.project15.domain', 'ENTITY', 'Domain entity', 'src/co/fanki/project15/domain/Entity9.java', '2024-01-01 00:00:00');

INSERT INTO source_methods (id, class_id, method_name, description, http_method, http_path, line_number, created_at) VALUES
('9fdf1598-2f8c-d520-516a-0a199949ec38', 'c4e9ecfb-00ea-92bc-0d85-c587e6e48e06', 'handle', 'Handles request', 'GET', '/api/v1/resource0', 10, '2024-01-01 00:00:00'),
('86632ad4-7c6c-3e60-88ed-c826dd24452c', '4e075da0-7f75-8878-827e-f0eb8298a2cd', 'handle', 'Handles request', 'GET', '/api/v1/resource1', 10, '2024-01-01 00:00:00'),
('1a81f086-4e8d-4437-82b2-73ffa47e1075', '80d155ef-d20b-0133-1e82-cd7eda4f400f', 'handle', 'Handles request', 'GET', '/api/v1/resource2', 10, '2024-01-01 00:00:00'),
('30a413f2-93fd-feff-d843-9ff660a00e6a', '92bb1089-f9d4-bb18-e203-036d2ddd1deb', 'handle', 'Handles request', 'GET', '/api/v1/resource3', 10, '2024-01-01 00:00:00'),
('08743011-203a-2b63-c3ae-37ae73adb5ab', 'b4636ed0-d3fd-1bd5-0903-4aebcdfbf216', 'handle', 'Handles request', 'GET', '/api/v1/resource4', 10, '2024-01-01 00:00:00'),
('2421c73d-5186-526d-10be-77f719e26ca9', 'f31f878d-e5eb-c963-23b5-c0fb6d60405d', 'create', 'Business logic', NULL, NULL, 10, '2024-01-01 00:00:00'),
('e1ae8383-6a59-e75b-74f4-f57ad15b34d1', 'f31f878d-e5eb-c963-23b5-c0fb6d60405d', 'update', 'Business logic', NULL, NULL, 20, '2024-01-01 00:00:00'),
('08ad2dc3-6c5c-a1c7-047d-8b2fca594b9d', 'f31f878d-e5eb-c963-23b5-c0fb6d60405d', 'delete', 'Business logic', NULL, NULL, 30, '2024-01-01 00:00:00'),
('3d7a0bef-726d-9166-94c3-39599aa007bf', 'f31f878d-e5eb-c963-23b5-c0fb6d60405d', 'find', 'Business logic', NULL, NULL, 40, '2024-01-01 00:00:00'),
('1a876edc-1e78-7fc3-44b4-6685e37dd82d', 'f31f878d-e5eb-c963-23b5-c0fb6d60405d', 'process', 'Business logic', NULL, NULL, 50, '2024-01-01 00:00:00'),
('4e742894-f9e7-5a6d-e2e0-a27537180bea', '6defe6a6-fe94-06e0-8d63-28fbdff0dbaf', 'create', 'Business logic', NULL, NULL, 10, '2024-01-01 00:00:00'),
('477058a2-95a7-f95e-8d15-cdea1895bb20', '6defe6a6-fe94-06e0-8d63-28fbdff0dbaf', 'update', 'Business logic', NULL, NULL, 20, '2024-01-01 00:00:00'),
('dbb647c1-62c6-6def-6cca-60eefbf48f7f', '6defe6a6-fe94-06e0-8d63-28fbdff0dbaf', 'delete', 'Business logic', NULL, NULL, 30, '2024-01-01 00:00:00'),
('cbff1d15-d357-6fa2-55d3-7e9543de14c7', '6defe6a6-fe94-06e0-8d63-28fbdff0dbaf', 'find', 'Business logic', NULL, NULL, 40, '2024-01-01 00:00:00'),
('e80e3659-9fa4-3862-7ad5-2c65335f9559', '6defe6a6-fe94-06e0-8d63-28fbdff0dbaf', 'process', 'Business logic', NULL, NULL, 50, '2024-01-01 00:00:00'),
('55a01d4e-3bf9-e636-b1be-8252beeabbdc', '1ae5d183-885d-217b-dbe3-c3e5898eb0e4', 'getId', 'Entity method', NULL, NULL, 10, '2024-01-01 00:00:00'),
('c0635e99-6598-9aa2-b746-6daad778bc72', '1ae5d183-885d-217b-dbe3-c3e5898eb0e4', 'getName', 'Entity method', NULL, NULL, 20, '2024-01-01 00:00:00'),
('59e01a83-95bf-36f7-7bec-7a36a9099407', '1ae5d183-885d-217b-dbe3-c3e5898eb0e4', 'validate', 'Entity method', NULL, NULL, 30, '2024-01-01 00:00:00'),
('938fe638-a9ea-fab5-5ec9-7a4b403ef6c8', '4eef7fe2-d25e-f76d-125c-e608959690c3', 'getId', 'Entity method', NULL, NULL, 10, '2024-01-01 00:00:00'),
('25cbb7f3-6d3e-edeb-7acb-a2a33f069ac0', '4eef7fe2-d25e-f76d-125c-e608959690c3', 'getName', 'Entity method', NULL, NULL, 20, '2024-01-01 00:00:00'),
('e4ec63ba-f56f-fa61-033f-ff87b2a70913', '4eef7fe2-d25e-f76d-125c-e608959690c3', 'validate', 'Entity method', NULL, NULL, 30, '2024-01-01 00:00:00'),
('9ce769a4-d67a-360e-d1af-1d6561c17576', '9f3f3eba-9b08-5932-9475-23d5cad0bf90', 'getId', 'Entity method', NULL, NULL, 10, '2024-01-01 00:00:00'),
('cc28e18d-8743-b349-d8e9-ef56da2ca991', '9f3f3eba-9b08-5932-9475-23d5cad0bf90', 'getName', 'Entity method', NULL, NULL, 20, '2024-01-01 00:00:00'),
('e389c9af-0f83-a45c-4d28-b53a77269b0b', '9f3f3eba-9b08-5932-9475-23d5cad0bf90', 'validate', 'Entity method', NULL, NULL, 30, '2024-01-01 00:00:00'),
('e06a4ad2-00eb-2388-a292-dd83586e8d15', '88f30ff4-76a5-1dca-50bf-6df1018660e8', 'getId', 'Entity method', NULL, NULL, 10, '2024-01-01 00:00:00'),
('b135d1c3-5fa6-3f23-92f2-5d49061c3931', '88f30ff4-76a5-1dca-50bf-6df1018660e8', 'getName', 'Entity method', NULL, NULL, 20, '2024-01-01 00:00:00'),
('f9d4314b-12db-fa00-8900-ce225c11b6c0', '88f30ff4-76a5-1dca-50bf-6df1018660e8', 'validate', 'Entity method', NULL, NULL, 30, '2024-01-01 00:00:00'),
('be5754d1-abae-a71e-5020-d3c082c18315', '4d7974ba-3089-655c-b5c7-f12e27ee056c', 'getId', 'Entity method', NULL, NULL, 10, '2024-01-01 00:00:00'),
('ac045aab-09f5-d332-aec5-d252f82737a9', '4d7974ba-3089-655c-b5c7-f12e27ee056c', 'getName', 'Entity method', NULL, NULL, 20, '2024-01-01 00:00:00'),
('168d5510-93b5-1b47-261f-be09c2297e5d', '4d7974ba-3089-655c-b5c7-f12e27ee056c', 'validate', 'Entity method', NULL, NULL, 30, '2024-01-01 00:00:00'),
('74cf29b8-fd87-19a0-b920-561354b14795', '67531084-c30e-b44f-fbc8-28615f2313b9', 'getId', 'Entity method', NULL, NULL, 10, '2024-01-01 00:00:00'),
('e11f330b-f293-d31a-7664-aa7d9f137077', '67531084-c30e-b44f-fbc8-28615f2313b9', 'getName', 'Entity method', NULL, NULL, 20, '2024-01-01 00:00:00'),
('574d9b99-62c3-10a5-d946-cc7ed522b72d', '67531084-c30e-b44f-fbc8-28615f2313b9', 'validate', 'Entity method', NULL, NULL, 30, '2024-01-01 00:00:00'),
('9e392934-a0a3-b129-f284-3ee8ef9d1bfa', '96aa4991-4471-0769-4d11-0734388ea50e', 'getId', 'Entity method', NULL, NULL, 10, '2024-01-01 00:00:00'),
('4d45a98c-6224-39e5-5a06-caedcbef3b3a', '96aa4991-4471-0769-4d11-0734388ea50e', 'getName', 'Entity method', NULL, NULL, 20, '2024-01-01 00:00:00'),
('bf8307db-9b28-101a-847e-50f9b1e2cd0c', '96aa4991-4471-0769-4d11-0734388ea50e', 'validate', 'Entity method', NULL, NULL, 30, '2024-01-01 00:00:00'),
('2ec20fb3-cf3a-3241-ab61-140e48e2cc9a', 'b65a2708-58c0-f6fb-9aaf-f316eec81f90', 'getId', 'Entity method', NULL, NULL, 10, '2024-01-01 00:00:00'),
('ffb356ee-9bb9-1c25-daa9-5a832c38e3e7', 'b65a2708-58c0-f6fb-9aaf-f316eec81f90', 'getName', 'Entity method', NULL, NULL, 20, '2024-01-01 00:00:00'),
('84eca9d6-f751-7d6c-f3a9-254b978fa8e3', 'b65a2708-58c0-f6fb-9aaf-f316eec81f90', 'validate', 'Entity method', NULL, NULL, 30, '2024-01-01 00:00:00'),
('11e8bc4e-ce60-c6fb-5532-e8d02ba594fb', '170738ab-ae08-9d28-a7d6-ef64c628737c', 'getId', 'Entity method', NULL, NULL, 10, '2024-01-01 00:00:00'),
('d5251eae-fb21-6b07-39a5-2ead11dafeb8', '170738ab-ae08-9d28-a7d6-ef64c628737c', 'getName', 'Entity method', NULL, NULL, 20, '2024-01-01 00:00:00'),
('5b89a6a6-418b-a750-20f2-ab1052f44f23', '170738ab-ae08-9d28-a7d6-ef64c628737c', 'validate', 'Entity method', NULL, NULL, 30, '2024-01-01 00:00:00'),
('a1b6e743-c8cc-d577-c33f-4ff5dacc95dd', '6ff36dc6-bb06-3732-4a56-5ac1495bab68', 'getId', 'Entity method', NULL, NULL, 10, '2024-01-01 00:00:00'),
('eecdaeed-a6a8-b12c-468d-9658533d5c24', '6ff36dc6-bb06-3732-4a56-5ac1495bab68', 'getName', 'Entity method', NULL, NULL, 20, '2024-01-01 00:00:00'),
('946ad3d0-8429-4f48-072d-2dec91fa6ebe', '6ff36dc6-bb06-3732-4a56-5ac1495bab68', 'validate', 'Entity method', NULL, NULL, 30, '2024-01-01 00:00:00');

INSERT INTO source_classes (id, project_id, full_class_name, simple_name, package_name, class_type, description, source_file, created_at) VALUES
('97290db8-f611-0888-6220-6ca1fdcc5761', 'cdcd7220-3760-0630-3f21-ec629485e564', 'co.fanki.project16.controller.Api0Controller', 'Api0Controller', 'co.fanki.project16.controller', 'CONTROLLER', 'REST controller', 'src/co/fanki/project16/controller/Api0Controller.java', '2024-01-01 00:00:00'),
('45da00a8-28ed-e600-9e4b-c3af40c4663d', 'cdcd7220-3760-0630-3f21-ec629485e564', 'co.fanki.project16.controller.Api1Controller', 'Api1Controller', 'co.fanki.project16.controller', 'CONTROLLER', 'REST controller', 'src/co/fanki/project16/controller/Api1Controller.java', '2024-01-01 00:00:00'),
('35028458-4b82-7f32-b23e-0689f6f3e11e', 'cdcd7220-3760-0630-3f21-ec629485e564', 'co.fanki.project16.controller.Api2Controller', 'Api2Controller', 'co.fanki.project16.controller', 'CONTROLLER', 'REST controller', 'src/co/fanki/project16/controller/Api2Controller.java', '2024-01-01 00:00:00'),
('cfd3dfa3-3fda-659f-da6d-a33446e83746', 'cdcd7220-3760-0630-3f21-ec629485e564', 'co.fanki.project16.controller.Api3Controller', 'Api3Controller', 'co.fanki.project16.controller', 'CONTROLLER', 'REST controller', 'src/co/fanki/project16/controller/Api3Controller.java', '2024-01-01 00:00:00'),
('5459d4c5-b2c2-cdcd-2ffb-90d18de61555', 'cdcd7220-3760-0630-3f21-ec629485e564', 'co.fanki.project16.controller.Api4Controller', 'Api4Controller', 'co.fanki.project16.controller', 'CONTROLLER', 'REST controller', 'src/co/fanki/project16/controller/Api4Controller.java', '2024-01-01 00:00:00'),
('b78e726f-3cfa-004f-aee3-f8204c698491', 'cdcd7220-3760-0630-3f21-ec629485e564', 'co.fanki.project16.service.Business0Service', 'Business0Service', 'co.fanki.project16.service', 'SERVICE', 'Business service', 'src/co/fanki/project16/service/Business0Service.java', '2024-01-01 00:00:00'),
('61ae2419-c400-1bbf-2999-93fc783d518d', 'cdcd7220-3760-0630-3f21-ec629485e564', 'co.fanki.project16.service.Business1Service', 'Business1Service', 'co.fanki.project16.service', 'SERVICE', 'Business service', 'src/co/fanki/project16/service/Business1Service.java', '2024-01-01 00:00:00'),
('a59f51a1-42f9-19a4-c70c-713d0a9cd1df', 'cdcd7220-3760-0630-3f21-ec629485e564', 'co.fanki.project16.domain.Entity0', 'Entity0', 'co.fanki.project16.domain', 'ENTITY', 'Domain entity', 'src/co/fanki/project16/domain/Entity0.java', '2024-01-01 00:00:00'),
('495aafe0-53bf-b8fb-cb48-22ea285a982f', 'cdcd7220-3760-0630-3f21-ec629485e564', 'co.fanki.project16.domain.Entity1', 'Entity1', 'co.fanki.project16.domain', 'ENTITY', 'Domain entity', 'src/co/fanki/project16/domain/Entity1.java', '2024-01-01 00:00:00'),
('22e24da8-1088-31b9-4983-1914b3ee58d5', 'cdcd7220-3760-0630-3f21-ec629485e564', 'co.fanki.project16.domain.Entity2', 'Entity2', 'co.fanki.project16.domain', 'ENTITY', 'Domain entity', 'src/co/fanki/project16/domain/Entity2.java', '2024-01-01 00:00:00'),
('1fd5adcf-68e4-2746-740f-ec9600dbc0a7', 'cdcd7220-3760-0630-3f21-ec629485e564', 'co.fanki.project16.domain.Entity3', 'Entity3', 'co.fanki.project16.domain', 'ENTITY', 'Domain entity', 'src/co/fanki/project16/domain/Entity3.java', '2024-01-01 00:00:00'),
('73498076-f91e-7b36-f836-afa96f7a0fca', 'cdcd7220-3760-0630-3f21-ec629485e564', 'co.fanki.project16.domain.Entity4', 'Entity4', 'co.fanki.project16.domain', 'ENTITY', 'Domain entity', 'src/co/fanki/project16/domain/Entity4.java', '2024-01-01 00:00:00'),
('c4537cf4-508e-f821-2652-75e08732792c', 'cdcd7220-3760-0630-3f21-ec629485e564', 'co.fanki.project16.domain.Entity5', 'Entity5', 'co.fanki.project16.domain', 'ENTITY', 'Domain entity', 'src/co/fanki/project16/domain/Entity5.java', '2024-01-01 00:00:00'),
('8b05b8e6-d34c-d650-94ad-8bfadd91956f', 'cdcd7220-3760-0630-3f21-ec629485e564', 'co.fanki.project16.domain.Entity6', 'Entity6', 'co.fanki.project16.domain', 'ENTITY', 'Domain entity', 'src/co/fanki/project16/domain/Entity6.java', '2024-01-01 00:00:00'),
('c5281c60-5f46-277d-38c4-c9b4934469c8', 'cdcd7220-3760-0630-3f21-ec629485e564', 'co.fanki.project16.domain.Entity7', 'Entity7', 'co.fanki.project16.domain', 'ENTITY', 'Domain entity', 'src/co/fanki/project16/domain/Entity7.java', '2024-01-01 00:00:00'),
('285f4f3c-7d32-a971-2eaf-49921c4f19f9', 'cdcd7220-3760-0630-3f21-ec629485e564', 'co.fanki.project16.domain.Entity8', 'Entity8', 'co.fanki.project16.domain', 'ENTITY', 'Domain entity', 'src/co/fanki/project16/domain/Entity8.java', '2024-01-01 00:00:00'),
('a2ced372-0b90-2e9f-c1da-b3a9be846905', 'cdcd7220-3760-0630-3f21-ec629485e564', 'co.fanki.project16.domain.Entity9', 'Entity9', 'co.fanki.project16.domain', 'ENTITY', 'Domain entity', 'src/co/fanki/project16/domain/Entity9.java', '2024-01-01 00:00:00');

INSERT INTO source_methods (id, class_id, method_name, description, http_method, http_path, line_number, created_at) VALUES
('731d34e2-c519-b2ea-79d4-fdeda96b5907', '97290db8-f611-0888-6220-6ca1fdcc5761', 'handle', 'Handles request', 'GET', '/api/v1/resource0', 10, '2024-01-01 00:00:00'),
('7d7a5419-8e8a-4706-bdec-d09361a88dcf', '45da00a8-28ed-e600-9e4b-c3af40c4663d', 'handle', 'Handles request', 'GET', '/api/v1/resource1', 10, '2024-01-01 00:00:00'),
('3d9f1669-0df8-ffda-9897-948ab94e8c65', '35028458-4b82-7f32-b23e-0689f6f3e11e', 'handle', 'Handles request', 'GET', '/api/v1/resource2', 10, '2024-01-01 00:00:00'),
('60614687-7815-c8a6-397c-09704f15ba7c', 'cfd3dfa3-3fda-659f-da6d-a33446e83746', 'handle', 'Handles request', 'GET', '/api/v1/resource3', 10, '2024-01-01 00:00:00'),
('d2492e52-db2b-012b-be64-87ca5e0db39a', '5459d4c5-b2c2-cdcd-2ffb-90d18de61555', 'handle', 'Handles request', 'GET', '/api/v1/resource4', 10, '2024-01-01 00:00:00'),
('c30f94ba-06d9-c6c2-8372-7953f6e0ad98', 'b78e726f-3cfa-004f-aee3-f8204c698491', 'create', 'Business logic', NULL, NULL, 10, '2024-01-01 00:00:00'),
('abc3ffd0-5605-aebf-9b76-896fc60f3674', 'b78e726f-3cfa-004f-aee3-f8204c698491', 'update', 'Business logic', NULL, NULL, 20, '2024-01-01 00:00:00'),
('33abf4f0-37ef-60c0-c7b6-48d6dd360611', 'b78e726f-3cfa-004f-aee3-f8204c698491', 'delete', 'Business logic', NULL, NULL, 30, '2024-01-01 00:00:00'),
('c5a013af-dad0-d2cc-fe84-006f7c473ebb', 'b78e726f-3cfa-004f-aee3-f8204c698491', 'find', 'Business logic', NULL, NULL, 40, '2024-01-01 00:00:00'),
('084ba71d-6248-1f06-ed2a-38b74fa5dc1b', 'b78e726f-3cfa-004f-aee3-f8204c698491', 'process', 'Business logic', NULL, NULL, 50, '2024-01-01 00:00:00'),
('fce0e30f-a3d3-2dc6-08d1-85d346f4e23e', '61ae2419-c400-1bbf-2999-93fc783d518d', 'create', 'Business logic', NULL, NULL, 10, '2024-01-01 00:00:00'),
('d06f0005-6541-7679-708e-0242f0446cd9', '61ae2419-c400-1bbf-2999-93fc783d518d', 'update', 'Business logic', NULL, NULL, 20, '2024-01-01 00:00:00'),
('71d6ee44-96a0-cbba-e5b3-28c289190a05', '61ae2419-c400-1bbf-2999-93fc783d518d', 'delete', 'Business logic', NULL, NULL, 30, '2024-01-01 00:00:00'),
('c7c2fade-84b6-6383-c28d-c238ddb41e7d', '61ae2419-c400-1bbf-2999-93fc783d518d', 'find', 'Business logic', NULL, NULL, 40, '2024-01-01 00:00:00'),
('9da5fed6-3c70-552e-30a5-5e8845bfeece', '61ae2419-c400-1bbf-2999-93fc783d518d', 'process', 'Business logic', NULL, NULL, 50, '2024-01-01 00:00:00'),
('4f70fc4c-db26-57fc-8d6d-85fb858da5b6', 'a59f51a1-42f9-19a4-c70c-713d0a9cd1df', 'getId', 'Entity method', NULL, NULL, 10, '2024-01-01 00:00:00'),
('aff34554-3c2c-1e05-9572-cca931eaf8b9', 'a59f51a1-42f9-19a4-c70c-713d0a9cd1df', 'getName', 'Entity method', NULL, NULL, 20, '2024-01-01 00:00:00'),
('6a5ebd68-aff1-9546-39e7-7404d9eabd5c', 'a59f51a1-42f9-19a4-c70c-713d0a9cd1df', 'validate', 'Entity method', NULL, NULL, 30, '2024-01-01 00:00:00'),
('2b4c144b-2501-e6ce-cf31-3e30f55176d8', '495aafe0-53bf-b8fb-cb48-22ea285a982f', 'getId', 'Entity method', NULL, NULL, 10, '2024-01-01 00:00:00'),
('2ba678c4-81de-9082-4f1a-067399c3c290', '495aafe0-53bf-b8fb-cb48-22ea285a982f', 'getName', 'Entity method', NULL, NULL, 20, '2024-01-01 00:00:00'),
('9a4b8eeb-8196-f5b1-fc1d-551a6a95ee4b', '495aafe0-53bf-b8fb-cb48-22ea285a982f', 'validate', 'Entity method', NULL, NULL, 30, '2024-01-01 00:00:00'),
('00916687-a90b-340b-84ef-65d5b82edb06', '22e24da8-1088-31b9-4983-1914b3ee58d5', 'getId', 'Entity method', NULL, NULL, 10, '2024-01-01 00:00:00'),
('58fcf478-5445-b7b8-cda9-7092815ce753', '22e24da8-1088-31b9-4983-1914b3ee58d5', 'getName', 'Entity method', NULL, NULL, 20, '2024-01-01 00:00:00'),
('a0db1f19-eb5a-ee5b-1bb3-290cf63a3c4a', '22e24da8-1088-31b9-4983-1914b3ee58d5', 'validate', 'Entity method', NULL, NULL, 30, '2024-01-01 00:00:00'),
('a9c926db-731f-e002-77a8-8c486da93f19', '1fd5adcf-68e4-2746-740f-ec9600dbc0a7', 'getId', 'Entity method', NULL, NULL, 10, '2024-01-01 00:00:00'),
('ba8d36b9-4189-e70b-8567-19475ef3f45a', '1fd5adcf-68e4-2746-740f-ec9600dbc0a7', 'getName', 'Entity method', NULL, NULL, 20, '2024-01-01 00:00:00'),
('5b2f1fbc-41a0-42d5-f7a1-77f91b611044', '1fd5adcf-68e4-2746-740f-ec9600dbc0a7', 'validate', 'Entity method', NULL, NULL, 30, '2024-01-01 00:00:00'),
('d9b4d1ae-7bcd-548c-fb47-364fa927459f', '73498076-f91e-7b36-f836-afa96f7a0fca', 'getId', 'Entity method', NULL, NULL, 10, '2024-01-01 00:00:00'),
('d9d3de3c-fce6-ecb2-416a-735768491bb8', '73498076-f91e-7b36-f836-afa96f7a0fca', 'getName', 'Entity method', NULL, NULL, 20, '2024-01-01 00:00:00'),
('0ced14c9-6f7f-a830-7fbb-498147b03067', '73498076-f91e-7b36-f836-afa96f7a0fca', 'validate', 'Entity method', NULL, NULL, 30, '2024-01-01 00:00:00'),
('945a1fd9-cf1a-d969-a791-180ca5884b0c', 'c4537cf4-508e-f821-2652-75e08732792c', 'getId', 'Entity method', NULL, NULL, 10, '2024-01-01 00:00:00'),
('7f1c0f1b-ace0-48f1-0fdc-31514576e47c', 'c4537cf4-508e-f821-2652-75e08732792c', 'getName', 'Entity method', NULL, NULL, 20, '2024-01-01 00:00:00'),
('9b050ff8-e05c-25c8-a015-971e87c1e624', 'c4537cf4-508e-f821-2652-75e08732792c', 'validate', 'Entity method', NULL, NULL, 30, '2024-01-01 00:00:00'),
('f2fdf130-ede7-8aeb-db17-df18926ce9ef', '8b05b8e6-d34c-d650-94ad-8bfadd91956f', 'getId', 'Entity method', NULL, NULL, 10, '2024-01-01 00:00:00'),
('e950eca2-a014-5483-7c5b-37e048b8d0e1', '8b05b8e6-d34c-d650-94ad-8bfadd91956f', 'getName', 'Entity method', NULL, NULL, 20, '2024-01-01 00:00:00'),
('28f87b5d-af3d-9dff-6809-7a76bb75bc9d', '8b05b8e6-d34c-d650-94ad-8bfadd91956f', 'validate', 'Entity method', NULL, NULL, 30, '2024-01-01 00:00:00'),
('1a896e35-cceb-0761-150b-9c1e9092d7fb', 'c5281c60-5f46-277d-38c4-c9b4934469c8', 'getId', 'Entity method', NULL, NULL, 10, '2024-01-01 00:00:00'),
('63c6bb99-420f-4244-678a-efcb4cd32316', 'c5281c60-5f46-277d-38c4-c9b4934469c8', 'getName', 'Entity method', NULL, NULL, 20, '2024-01-01 00:00:00'),
('752f44f7-61c2-b76f-d483-08242722e70f', 'c5281c60-5f46-277d-38c4-c9b4934469c8', 'validate', 'Entity method', NULL, NULL, 30, '2024-01-01 00:00:00'),
('7e2b64ce-fec4-eed4-abd7-161564de4fac', '285f4f3c-7d32-a971-2eaf-49921c4f19f9', 'getId', 'Entity method', NULL, NULL, 10, '2024-01-01 00:00:00'),
('c2bf7890-921e-7ab5-453f-5a74f8ad188b', '285f4f3c-7d32-a971-2eaf-49921c4f19f9', 'getName', 'Entity method', NULL, NULL, 20, '2024-01-01 00:00:00'),
('696662d4-9f39-8f3d-6578-6fa8f99bc004', '285f4f3c-7d32-a971-2eaf-49921c4f19f9', 'validate', 'Entity method', NULL, NULL, 30, '2024-01-01 00:00:00'),
('3f211d09-fde0-90b3-bff1-ee5cb39ef5e5', 'a2ced372-0b90-2e9f-c1da-b3a9be846905', 'getId', 'Entity method', NULL, NULL, 10, '2024-01-01 00:00:00'),
('4177450d-02e7-3516-c11e-48eca9bcc0de', 'a2ced372-0b90-2e9f-c1da-b3a9be846905', 'getName', 'Entity method', NULL, NULL, 20, '2024-01-01 00:00:00'),
('bd11e511-7c64-9ae7-3630-a0dd99ae3319', 'a2ced372-0b90-2e9f-c1da-b3a9be846905', 'validate', 'Entity method', NULL, NULL, 30, '2024-01-01 00:00:00');

INSERT INTO source_classes (id, project_id, full_class_name, simple_name, package_name, class_type, description, source_file, created_at) VALUES
('99f52bc6-901d-7856-dbcf-60c66e482153', '26a165c1-d9c9-4708-5616-7937e090daad', 'co.fanki.project17.controller.Api0Controller', 'Api0Controller', 'co.fanki.project17.controller', 'CONTROLLER', 'REST controller', 'src/co/fanki/project17/controller/Api0Controller.java', '2024-01-01 00:00:00'),
('4bdc84bc-98b0-9c1b-7a67-a4089abe8200', '26a165c1-d9c9-4708-5616-7937e090daad', 'co.fanki.project17.controller.Api1Controller', 'Api1Controller', 'co.fanki.project17.controller', 'CONTROLLER', 'REST controller', 'src/co/fanki/project17/controller/Api1Controller.java', '2024-01-01 00:00:00'),
('1d4baca7-33ed-c997-5d23-f3c70fcd0e1f', '26a165c1-d9c9-4708-5616-7937e090daad', 'co.fanki.project17.controller.Api2Controller', 'Api2Controller', 'co.fanki.project17.controller', 'CONTROLLER', 'REST controller', 'src/co/fanki/project17/controller/Api2Controller.java', '2024-01-01 00:00:00'),
('d0c3c5d5-f285-1a29-6ae7-e7ca76ab9ff1', '26a165c1-d9c9-4708-5616-7937e090daad', 'co.fanki.project17.controller.Api3Controller', 'Api3Controller', 'co.fanki.project17.controller', 'CONTROLLER', 'REST controller', 'src/co/fanki/project17/controller/Api3Controller.java', '2024-01-01 00:00:00'),
('c1136daf-0899-e289-b96a-da5613e9d69e', '26a165c1-d9c9-4708-5616-7937e090daad', 'co.fanki.project17.controller.Api4Controller', 'Api4Controller', 'co.fanki.project17.controller', 'CONTROLLER', 'REST controller', 'src/co/fanki/project17/controller/Api4Controller.java', '2024-01-01 00:00:00'),
('081e5460-f078-0d3b-242e-16f141fd710d', '26a165c1-d9c9-4708-5616-7937e090daad', 'co.fanki.project17.service.Business0Service', 'Business0Service', 'co.fanki.project17.service', 'SERVICE', 'Business service', 'src/co/fanki/project17/service/Business0Service.java', '2024-01-01 00:00:00'),
('35e36e11-81e8-0a34-bad2-29b2de45eaeb', '26a165c1-d9c9-4708-5616-7937e090daad', 'co.fanki.project17.service.Business1Service', 'Business1Service', 'co.fanki.project17.service', 'SERVICE', 'Business service', 'src/co/fanki/project17/service/Business1Service.java', '2024-01-01 00:00:00'),
('06520206-276b-5f78-d006-abf98506ffcb', '26a165c1-d9c9-4708-5616-7937e090daad', 'co.fanki.project17.domain.Entity0', 'Entity0', 'co.fanki.project17.domain', 'ENTITY', 'Domain entity', 'src/co/fanki/project17/domain/Entity0.java', '2024-01-01 00:00:00'),
('5f398081-0c1b-b7dd-cbc7-dbc03db8c390', '26a165c1-d9c9-4708-5616-7937e090daad', 'co.fanki.project17.domain.Entity1', 'Entity1', 'co.fanki.project17.domain', 'ENTITY', 'Domain entity', 'src/co/fanki/project17/domain/Entity1.java', '2024-01-01 00:00:00'),
('456225f2-64b1-c57c-d391-0cd6f59bb89b', '26a165c1-d9c9-4708-5616-7937e090daad', 'co.fanki.project17.domain.Entity2', 'Entity2', 'co.fanki.project17.domain', 'ENTITY', 'Domain entity', 'src/co/fanki/project17/domain/Entity2.java', '2024-01-01 00:00:00'),
('4f23bd2a-067b-56a0-cfd7-31d316c406c5', '26a165c1-d9c9-4708-5616-7937e090daad', 'co.fanki.project17.domain.Entity3', 'Entity3', 'co.fanki.project17.domain', 'ENTITY', 'Domain entity', 'src/co/fanki/project17/domain/Entity3.java', '2024-01-01 00:00:00'),
('d358f050-0aff-315a-aa06-775f57884ddd', '26a165c1-d9c9-4708-5616-7937e090daad', 'co.fanki.project17.domain.Entity4', 'Entity4', 'co.fanki.project17.domain', 'ENTITY', 'Domain entity', 'src/co/fanki/project17/domain/Entity4.java', '2024-01-01 00:00:00'),
('bc39c707-e771-c0d1-2eee-52dbcef13cf5', '26a165c1-d9c9-4708-5616-7937e090daad', 'co.fanki.project17.domain.Entity5', 'Entity5', 'co.fanki.project17.domain', 'ENTITY', 'Domain entity', 'src/co/fanki/project17/domain/Entity5.java', '2024-01-01 00:00:00'),
('dbc2af18-86ba-1b2f-1d35-6d59d47e1016', '26a165c1-d9c9-4708-5616-7937e090daad', 'co.fanki.project17.domain.Entity6', 'Entity6', 'co.fanki.project17.domain', 'ENTITY', 'Domain entity', 'src/co/fanki/project17/domain/Entity6.java', '2024-01-01 00:00:00'),
('e50e7993-226b-09e7-0836-3eea9e79dd4a', '26a165c1-d9c9-4708-5616-7937e090daad', 'co.fanki.project17.domain.Entity7', 'Entity7', 'co.fanki.project17.domain', 'ENTITY', 'Domain entity', 'src/co/fanki/project17/domain/Entity7.java', '2024-01-01 00:00:00'),
('8a6a4011-34c1-b242-009f-147fbbd4a3ca', '26a165c1-d9c9-4708-5616-7937e090daad', 'co.fanki.project17.domain.Entity8', 'Entity8', 'co.fanki.project17.domain', 'ENTITY', 'Domain entity', 'src/co/fanki/project17/domain/Entity8.java', '2024-01-01 00:00:00'),
('af43ea13-7be4-fe37-9199-00b6497de665', '26a165c1-d9c9-4708-5616-7937e090daad', 'co.fanki.project17.domain.Entity9', 'Entity9', 'co.fanki.project17.domain', 'ENTITY', 'Domain entity', 'src/co/fanki/project17/domain/Entity9.java', '2024-01-01 00:00:00');

INSERT INTO source_methods (id, class_id, method_name, description, http_method, http_path, line_number, created_at) VALUES
('e1b208c2-f519-423d-6e6b-53be16a5cbfd', '99f52bc6-901d-7856-dbcf-60c66e482153', 'handle', 'Handles request', 'GET', '/api/v1/resource0', 10, '2024-01-01 00:00:00'),
('e6945e13-a9ce-ad2f-e254-f098c0db5afb', '4bdc84bc-98b0-9c1b-7a67-a4089abe8200', 'handle', 'Handles request', 'GET', '/api/v1/resource1', 10, '2024-01-01 00:00:00'),
('32d56a07-ea57-16b1-c398-d85cba712330', '1d4baca7-33ed-c997-5d23-f3c70fcd0e1f', 'handle', 'Handles request', 'GET', '/api/v1/resource2', 10, '2024-01-01 00:00:00'),
('17a768da-8239-ed07-e130-15f9c45ccc57', 'd0c3c5d5-f285-1a29-6ae7-e7ca76ab9ff1', 'handle', 'Handles request', 'GET', '/api/v1/resource3', 10, '2024-01-01 00:00:00'),
('0015824f-8d44-8832-e954-f98fadfbcc90', 'c1136daf-0899-e289-b96a-da5613e9d69e', 'handle', 'Handles request', 'GET', '/api/v1/resource4', 10, '2024-01-01 00:00:00'),
('019699df-9633-e682-3021-39b140757055', '081e5460-f078-0d3b-242e-16f141fd710d', 'create', 'Business logic', NULL, NULL, 10, '2024-01-01 00:00:00'),
('31b7e16e-4c3a-f4b5-70b6-1a1b92c5d87a', '081e5460-f078-0d3b-242e-16f141fd710d', 'update', 'Business logic', NULL, NULL, 20, '2024-01-01 00:00:00'),
('79a0bf42-5f00-8301-aca5-8e0ca68f5631', '081e5460-f078-0d3b-242e-16f141fd710d', 'delete', 'Business logic', NULL, NULL, 30, '2024-01-01 00:00:00'),
('b438b1d0-d7c2-2552-9587-475d080aa6a8', '081e5460-f078-0d3b-242e-16f141fd710d', 'find', 'Business logic', NULL, NULL, 40, '2024-01-01 00:00:00'),
('3e5507bf-add0-9b27-ae4e-34858d4b0d49', '081e5460-f078-0d3b-242e-16f141fd710d', 'process', 'Business logic', NULL, NULL, 50, '2024-01-01 00:00:00'),
('1d68afe9-b7c6-686a-7ef6-78d4f8751dc1', '35e36e11-81e8-0a34-bad2-29b2de45eaeb', 'create', 'Business logic', NULL, NULL, 10, '2024-01-01 00:00:00'),
('a0de8ede-f740-6737-cb27-50373a7e3dbb', '35e36e11-81e8-0a34-bad2-29b2de45eaeb', 'update', 'Business logic', NULL, NULL, 20, '2024-01-01 00:00:00'),
('3e2f9bcd-cf9d-7d78-4640-cbc6ffc9f3c5', '35e36e11-81e8-0a34-bad2-29b2de45eaeb', 'delete', 'Business logic', NULL, NULL, 30, '2024-01-01 00:00:00'),
('00cc181e-ab3a-ef44-aebf-2908e828f9d9', '35e36e11-81e8-0a34-bad2-29b2de45eaeb', 'find', 'Business logic', NULL, NULL, 40, '2024-01-01 00:00:00'),
('85903ab1-4225-c519-090a-08cdd74553b8', '35e36e11-81e8-0a34-bad2-29b2de45eaeb', 'process', 'Business logic', NULL, NULL, 50, '2024-01-01 00:00:00'),
('ea47e0b8-14e3-4945-dcd1-ea5ee233dec1', '06520206-276b-5f78-d006-abf98506ffcb', 'getId', 'Entity method', NULL, NULL, 10, '2024-01-01 00:00:00'),
('689f3ea2-4745-188a-09b1-a5c5d8f418ab', '06520206-276b-5f78-d006-abf98506ffcb', 'getName', 'Entity method', NULL, NULL, 20, '2024-01-01 00:00:00'),
('e25f1763-fde8-cfc3-badd-be432bfab9d9', '06520206-276b-5f78-d006-abf98506ffcb', 'validate', 'Entity method', NULL, NULL, 30, '2024-01-01 00:00:00'),
('b811da23-4b24-1326-d9ad-aadb340616cd', '5f398081-0c1b-b7dd-cbc7-dbc03db8c390', 'getId', 'Entity method', NULL, NULL, 10, '2024-01-01 00:00:00'),
('8bb209fb-f89d-f426-07ae-4a3096c1fc98', '5f398081-0c1b-b7dd-cbc7-dbc03db8c390', 'getName', 'Entity method', NULL, NULL, 20, '2024-01-01 00:00:00'),
('ab9bd10b-cb80-1dad-a699-314ed226f8f8', '5f398081-0c1b-b7dd-cbc7-dbc03db8c390', 'validate', 'Entity method', NULL, NULL, 30, '2024-01-01 00:00:00'),
('cfaafbab-339e-c38d-b994-63d42881e3fe', '456225f2-64b1-c57c-d391-0cd6f59bb89b', 'getId', 'Entity method', NULL, NULL, 10, '2024-01-01 00:00:00'),
('38fc4e60-27ce-6ded-bf1d-9f57d25713c7', '456225f2-64b1-c57c-d391-0cd6f59bb89b', 'getName', 'Entity method', NULL, NULL, 20, '2024-01-01 00:00:00'),
('44e7c905-6edf-adf6-02b7-2a6c94144d77', '456225f2-64b1-c57c-d391-0cd6f59bb89b', 'validate', 'Entity method', NULL, NULL, 30, '2024-01-01 00:00:00'),
('535efd37-e05b-8334-8b90-e362481d4931', '4f23bd2a-067b-56a0-cfd7-31d316c406c5', 'getId', 'Entity method', NULL, NULL, 10, '2024-01-01 00:00:00'),
('7336d020-3b6e-1be4-1985-ffd05628b4d5', '4f23bd2a-067b-56a0-cfd7-31d316c406c5', 'getName', 'Entity method', NULL, NULL, 20, '2024-01-01 00:00:00'),
('39bab321-59df-a41d-8bc2-215302102009', '4f23bd2a-067b-56a0-cfd7-31d316c406c5', 'validate', 'Entity method', NULL, NULL, 30, '2024-01-01 00:00:00'),
('c48751bd-a5e4-c0bc-447a-cd983dec5a1b', 'd358f050-0aff-315a-aa06-775f57884ddd', 'getId', 'Entity method', NULL, NULL, 10, '2024-01-01 00:00:00'),
('62765361-e3d3-1587-857c-8e276b3de1c6', 'd358f050-0aff-315a-aa06-775f57884ddd', 'getName', 'Entity method', NULL, NULL, 20, '2024-01-01 00:00:00'),
('953fded9-5550-6210-e866-ac4714c34316', 'd358f050-0aff-315a-aa06-775f57884ddd', 'validate', 'Entity method', NULL, NULL, 30, '2024-01-01 00:00:00'),
('d37ff8c6-d367-f1d8-a744-4f68c680cf62', 'bc39c707-e771-c0d1-2eee-52dbcef13cf5', 'getId', 'Entity method', NULL, NULL, 10, '2024-01-01 00:00:00'),
('f25eb44a-d812-83d8-4bc1-a3f68509a920', 'bc39c707-e771-c0d1-2eee-52dbcef13cf5', 'getName', 'Entity method', NULL, NULL, 20, '2024-01-01 00:00:00'),
('b1255859-7f6c-0b39-3c5e-2fb3852a9df1', 'bc39c707-e771-c0d1-2eee-52dbcef13cf5', 'validate', 'Entity method', NULL, NULL, 30, '2024-01-01 00:00:00'),
('8ef88638-e4db-04d1-8643-910a89761c1d', 'dbc2af18-86ba-1b2f-1d35-6d59d47e1016', 'getId', 'Entity method', NULL, NULL, 10, '2024-01-01 00:00:00'),
('bd69b072-0f38-e256-c01d-6ee3d780cc73', 'dbc2af18-86ba-1b2f-1d35-6d59d47e1016', 'getName', 'Entity method', NULL, NULL, 20, '2024-01-01 00:00:00'),
('361cf56f-ecaf-96db-2c08-d94f24b09673', 'dbc2af18-86ba-1b2f-1d35-6d59d47e1016', 'validate', 'Entity method', NULL, NULL, 30, '2024-01-01 00:00:00'),
('04937782-aef4-68b6-b934-01a91d2dd7e1', 'e50e7993-226b-09e7-0836-3eea9e79dd4a', 'getId', 'Entity method', NULL, NULL, 10, '2024-01-01 00:00:00'),
('97825330-a0a1-61e1-c298-4c969ef9724a', 'e50e7993-226b-09e7-0836-3eea9e79dd4a', 'getName', 'Entity method', NULL, NULL, 20, '2024-01-01 00:00:00'),
('e267c27d-7e6d-e2db-3b26-10831767c8c8', 'e50e7993-226b-09e7-0836-3eea9e79dd4a', 'validate', 'Entity method', NULL, NULL, 30, '2024-01-01 00:00:00'),
('bc3d6bf6-28e9-b5cc-910e-e453ed84b7c6', '8a6a4011-34c1-b242-009f-147fbbd4a3ca', 'getId', 'Entity method', NULL, NULL, 10, '2024-01-01 00:00:00'),
('ced2fa32-5ded-5815-3146-c5a22e04a86b', '8a6a4011-34c1-b242-009f-147fbbd4a3ca', 'getName', 'Entity method', NULL, NULL, 20, '2024-01-01 00:00:00'),
('97762cda-bdbc-6f78-2982-4c505cc869b7', '8a6a4011-34c1-b242-009f-147fbbd4a3ca', 'validate', 'Entity method', NULL, NULL, 30, '2024-01-01 00:00:00'),
('dc868e26-4bcb-a43a-64ac-67d4ce64a5e0', 'af43ea13-7be4-fe37-9199-00b6497de665', 'getId', 'Entity method', NULL, NULL, 10, '2024-01-01 00:00:00'),
('e4e54e45-486c-ca8d-3452-e2df8117f660', 'af43ea13-7be4-fe37-9199-00b6497de665', 'getName', 'Entity method', NULL, NULL, 20, '2024-01-01 00:00:00'),
('bc62b781-5627-124d-dc00-5cb9c5f9ce02', 'af43ea13-7be4-fe37-9199-00b6497de665', 'validate', 'Entity method', NULL, NULL, 30, '2024-01-01 00:00:00');

INSERT INTO source_classes (id, project_id, full_class_name, simple_name, package_name, class_type, description, source_file, created_at) VALUES
('2b35f2fe-3903-1217-77c9-b730621fb4bc', '385b1c13-012e-a97d-c61d-72126724094b', 'co.fanki.project18.controller.Api0Controller', 'Api0Controller', 'co.fanki.project18.controller', 'CONTROLLER', 'REST controller', 'src/co/fanki/project18/controller/Api0Controller.java', '2024-01-01 00:00:00'),
('5ba6c217-04c5-5eaa-93cf-13d55b281d50', '385b1c13-012e-a97d-c61d-72126724094b', 'co.fanki.project18.controller.Api1Controller', 'Api1Controller', 'co.fanki.project18.controller', 'CONTROLLER', 'REST controller', 'src/co/fanki/project18/controller/Api1Controller.java', '2024-01-01 00:00:00'),
('b761a5e0-97ae-c1d4-8628-9b5836d49633', '385b1c13-012e-a97d-c61d-72126724094b', 'co.fanki.project18.controller.Api2Controller', 'Api2Controller', 'co.fanki.project18.controller', 'CONTROLLER', 'REST controller', 'src/co/fanki/project18/controller/Api2Controller.java', '2024-01-01 00:00:00'),
('55dec95a-6199-7e76-13c8-01a395a1a0b9', '385b1c13-012e-a97d-c61d-72126724094b', 'co.fanki.project18.controller.Api3Controller', 'Api3Controller', 'co.fanki.project18.controller', 'CONTROLLER', 'REST controller', 'src/co/fanki/project18/controller/Api3Controller.java', '2024-01-01 00:00:00'),
('2aca79bb-3d7e-4c7d-82d6-6f59c798e56b', '385b1c13-012e-a97d-c61d-72126724094b', 'co.fanki.project18.controller.Api4Controller', 'Api4Controller', 'co.fanki.project18.controller', 'CONTROLLER', 'REST controller', 'src/co/fanki/project18/controller/Api4Controller.java', '2024-01-01 00:00:00'),
('3828585c-c1cf-9fae-e6a6-6ab711f1e791', '385b1c13-012e-a97d-c61d-72126724094b', 'co.fanki.project18.service.Business0Service', 'Business0Service', 'co.fanki.project18.service', 'SERVICE', 'Business service', 'src/co/fanki/project18/service/Business0Service.java', '2024-01-01 00:00:00'),
('274e3228-7ce6-df25-d810-e61d5695bcd6', '385b1c13-012e-a97d-c61d-72126724094b', 'co.fanki.project18.service.Business1Service', 'Business1Service', 'co.fanki.project18.service', 'SERVICE', 'Business service', 'src/co/fanki/project18/service/Business1Service.java', '2024-01-01 00:00:00'),
('2f911d23-3e56-c485-b1a1-ae834545e640', '385b1c13-012e-a97d-c61d-72126724094b', 'co.fanki.project18.domain.Entity0', 'Entity0', 'co.fanki.project18.domain', 'ENTITY', 'Domain entity', 'src/co/fanki/project18/domain/Entity0.java', '2024-01-01 00:00:00'),
('d8439916-a95b-a51a-4347-34bc08f41bc1', '385b1c13-012e-a97d-c61d-72126724094b', 'co.fanki.project18.domain.Entity1', 'Entity1', 'co.fanki.project18.domain', 'ENTITY', 'Domain entity', 'src/co/fanki/project18/domain/Entity1.java', '2024-01-01 00:00:00'),
('9bd4bc53-1223-b354-52ce-fa9be8e3f465', '385b1c13-012e-a97d-c61d-72126724094b', 'co.fanki.project18.domain.Entity2', 'Entity2', 'co.fanki.project18.domain', 'ENTITY', 'Domain entity', 'src/co/fanki/project18/domain/Entity2.java', '2024-01-01 00:00:00'),
('8365fa0f-e2dd-8e3f-a1f3-db3592e98a26', '385b1c13-012e-a97d-c61d-72126724094b', 'co.fanki.project18.domain.Entity3', 'Entity3', 'co.fanki.project18.domain', 'ENTITY', 'Domain entity', 'src/co/fanki/project18/domain/Entity3.java', '2024-01-01 00:00:00'),
('0189f468-ca0f-f9cb-4a2f-ee3f469f936d', '385b1c13-012e-a97d-c61d-72126724094b', 'co.fanki.project18.domain.Entity4', 'Entity4', 'co.fanki.project18.domain', 'ENTITY', 'Domain entity', 'src/co/fanki/project18/domain/Entity4.java', '2024-01-01 00:00:00'),
('ea72776a-63db-4d7a-1014-d02616aa2e3e', '385b1c13-012e-a97d-c61d-72126724094b', 'co.fanki.project18.domain.Entity5', 'Entity5', 'co.fanki.project18.domain', 'ENTITY', 'Domain entity', 'src/co/fanki/project18/domain/Entity5.java', '2024-01-01 00:00:00'),
('a362e71c-78b0-3838-0940-f0388670ca96', '385b1c13-012e-a97d-c61d-72126724094b', 'co.fanki.project18.domain.Entity6', 'Entity6', 'co.fanki.project18.domain', 'ENTITY', 'Domain entity', 'src/co/fanki/project18/domain/Entity6.java', '2024-01-01 00:00:00'),
('71524eb6-7ed8-956c-e50e-31cdf365e62e', '385b1c13-012e-a97d-c61d-72126724094b', 'co.fanki.project18.domain.Entity7', 'Entity7', 'co.fanki.project18.domain', 'ENTITY', 'Domain entity', 'src/co/fanki/project18/domain/Entity7.java', '2024-01-01 00:00:00'),
('63821b63-2180-c608-0639-7b0927cc1bfd', '385b1c13-012e-a97d-c61d-72126724094b', 'co.fanki.project18.domain.Entity8', 'Entity8', 'co.fanki.project18.domain', 'ENTITY', 'Domain entity', 'src/co/fanki/project18/domain/Entity8.java', '2024-01-01 00:00:00'),
('5e5e7ffe-979e-9106-fb05-8c49a460495f', '385b1c13-012e-a97d-c61d-72126724094b', 'co.fanki.project18.domain.Entity9', 'Entity9', 'co.fanki.project18.domain', 'ENTITY', 'Domain entity', 'src/co/fanki/project18/domain/Entity9.java', '2024-01-01 00:00:00');

INSERT INTO source_methods (id, class_id, method_name, description, http_method, http_path, line_number, created_at) VALUES
('c79d2543-5695-70f1-4770-59bca537fa39', '2b35f2fe-3903-1217-77c9-b730621fb4bc', 'handle', 'Handles request', 'GET', '/api/v1/resource0', 10, '2024-01-01 00:00:00'),
('a489f704-70a8-be9c-22bb-834d40a0a047', '5ba6c217-04c5-5eaa-93cf-13d55b281d50', 'handle', 'Handles request', 'GET', '/api/v1/resource1', 10, '2024-01-01 00:00:00'),
('119c3736-7409-b785-d5a6-41ca14d3ddf6', 'b761a5e0-97ae-c1d4-8628-9b5836d49633', 'handle', 'Handles request', 'GET', '/api/v1/resource2', 10, '2024-01-01 00:00:00'),
('647344ed-cecf-83ee-505e-a939183429a7', '55dec95a-6199-7e76-13c8-01a395a1a0b9', 'handle', 'Handles request', 'GET', '/api/v1/resource3', 10, '2024-01-01 00:00:00'),
('d17bf3aa-0992-1d6b-5a2c-5ab788afba34', '2aca79bb-3d7e-4c7d-82d6-6f59c798e56b', 'handle', 'Handles request', 'GET', '/api/v1/resource4', 10, '2024-01-01 00:00:00'),
('135f80a8-4322-0573-3eb3-93605a5ccdf8', '3828585c-c1cf-9fae-e6a6-6ab711f1e791', 'create', 'Business logic', NULL, NULL, 10, '2024-01-01 00:00:00'),
('21deb42d-d33d-54f8-87ac-30b49ef299b2', '3828585c-c1cf-9fae-e6a6-6ab711f1e791', 'update', 'Business logic', NULL, NULL, 20, '2024-01-01 00:00:00'),
('b1c3a278-9574-9eb3-16bb-510795ffe29a', '3828585c-c1cf-9fae-e6a6-6ab711f1e791', 'delete', 'Business logic', NULL, NULL, 30, '2024-01-01 00:00:00'),
('d6346323-3ceb-8b1a-b7e9-1cb4be609987', '3828585c-c1cf-9fae-e6a6-6ab711f1e791', 'find', 'Business logic', NULL, NULL, 40, '2024-01-01 00:00:00'),
('dc9e3158-1401-1406-d692-304c9f70b89b', '3828585c-c1cf-9fae-e6a6-6ab711f1e791', 'process', 'Business logic', NULL, NULL, 50, '2024-01-01 00:00:00'),
('3c32f6b9-fa6b-2f5c-73a2-4575cea5cda9', '274e3228-7ce6-df25-d810-e61d5695bcd6', 'create', 'Business logic', NULL, NULL, 10, '2024-01-01 00:00:00'),
('bc4e9d98-ddf5-8a14-9021-63670fcb075b', '274e3228-7ce6-df25-d810-e61d5695bcd6', 'update', 'Business logic', NULL, NULL, 20, '2024-01-01 00:00:00'),
('9b7f318b-18ad-949c-887a-5d0a942b81e4', '274e3228-7ce6-df25-d810-e61d5695bcd6', 'delete', 'Business logic', NULL, NULL, 30, '2024-01-01 00:00:00'),
('19571d4b-7edb-18ee-6e50-c59015f46dcc', '274e3228-7ce6-df25-d810-e61d5695bcd6', 'find', 'Business logic', NULL, NULL, 40, '2024-01-01 00:00:00'),
('7a126b9e-1559-fb18-106d-c5963ea6b5b3', '274e3228-7ce6-df25-d810-e61d5695bcd6', 'process', 'Business logic', NULL, NULL, 50, '2024-01-01 00:00:00'),
('278a0a41-c380-f8e2-496d-c3c58cbca1a8', '2f911d23-3e56-c485-b1a1-ae834545e640', 'getId', 'Entity method', NULL, NULL, 10, '2024-01-01 00:00:00'),
('9ecd6185-bd9c-3879-6b5a-6f0c1869f12b', '2f911d23-3e56-c485-b1a1-ae834545e640', 'getName', 'Entity method', NULL, NULL, 20, '2024-01-01 00:00:00'),
('8e654ade-cd5e-6a58-77fb-44f79622e49e', '2f911d23-3e56-c485-b1a1-ae834545e640', 'validate', 'Entity method', NULL, NULL, 30, '2024-01-01 00:00:00'),
('73c6f9bf-9a44-a459-5369-2f25c25aea93', 'd8439916-a95b-a51a-4347-34bc08f41bc1', 'getId', 'Entity method', NULL, NULL, 10, '2024-01-01 00:00:00'),
('e2117e5c-75cb-7e47-cc88-d8904a4bf355', 'd8439916-a95b-a51a-4347-34bc08f41bc1', 'getName', 'Entity method', NULL, NULL, 20, '2024-01-01 00:00:00'),
('cd743240-422a-5047-4c77-28ff515fa7ad', 'd8439916-a95b-a51a-4347-34bc08f41bc1', 'validate', 'Entity method', NULL, NULL, 30, '2024-01-01 00:00:00'),
('2bebf23e-6157-5ce1-37f7-9fce37f1db81', '9bd4bc53-1223-b354-52ce-fa9be8e3f465', 'getId', 'Entity method', NULL, NULL, 10, '2024-01-01 00:00:00'),
('fb8f67a7-69f1-90b0-6b12-990ed6eb3f44', '9bd4bc53-1223-b354-52ce-fa9be8e3f465', 'getName', 'Entity method', NULL, NULL, 20, '2024-01-01 00:00:00'),
('11fc9d94-c3a2-08c3-f9b4-86f9199987f1', '9bd4bc53-1223-b354-52ce-fa9be8e3f465', 'validate', 'Entity method', NULL, NULL, 30, '2024-01-01 00:00:00'),
('6a46f023-35bf-e932-9879-0a140786ae38', '8365fa0f-e2dd-8e3f-a1f3-db3592e98a26', 'getId', 'Entity method', NULL, NULL, 10, '2024-01-01 00:00:00'),
('87c2756f-a2fa-296d-8ee6-3efffa2e090e', '8365fa0f-e2dd-8e3f-a1f3-db3592e98a26', 'getName', 'Entity method', NULL, NULL, 20, '2024-01-01 00:00:00'),
('ffe080d1-1a81-404e-2da6-013d9ef27a02', '8365fa0f-e2dd-8e3f-a1f3-db3592e98a26', 'validate', 'Entity method', NULL, NULL, 30, '2024-01-01 00:00:00'),
('29ae1bb9-a61d-a18c-f233-a709b875670d', '0189f468-ca0f-f9cb-4a2f-ee3f469f936d', 'getId', 'Entity method', NULL, NULL, 10, '2024-01-01 00:00:00'),
('1b7faff0-93a4-7b81-883e-d2faf2047e78', '0189f468-ca0f-f9cb-4a2f-ee3f469f936d', 'getName', 'Entity method', NULL, NULL, 20, '2024-01-01 00:00:00'),
('cd288c19-ec5c-7f79-5407-8bcb98bfedba', '0189f468-ca0f-f9cb-4a2f-ee3f469f936d', 'validate', 'Entity method', NULL, NULL, 30, '2024-01-01 00:00:00'),
('8cdb007a-5905-29d3-3276-77015f12c535', 'ea72776a-63db-4d7a-1014-d02616aa2e3e', 'getId', 'Entity method', NULL, NULL, 10, '2024-01-01 00:00:00'),
('6ce9569d-dfd9-5fbd-d59a-9f7b1aab306c', 'ea72776a-63db-4d7a-1014-d02616aa2e3e', 'getName', 'Entity method', NULL, NULL, 20, '2024-01-01 00:00:00'),
('372579a0-3183-1797-375c-0ab4b4a16ec7', 'ea72776a-63db-4d7a-1014-d02616aa2e3e', 'validate', 'Entity method', NULL, NULL, 30, '2024-01-01 00:00:00'),
('f65a265f-1e12-1f03-b86b-cc1fc5693cc5', 'a362e71c-78b0-3838-0940-f0388670ca96', 'getId', 'Entity method', NULL, NULL, 10, '2024-01-01 00:00:00'),
('38efb97a-220f-3f19-fcbe-aadbe64caa11', 'a362e71c-78b0-3838-0940-f0388670ca96', 'getName', 'Entity method', NULL, NULL, 20, '2024-01-01 00:00:00'),
('21bf06bf-52b8-661c-1b13-3ca0fee93f64', 'a362e71c-78b0-3838-0940-f0388670ca96', 'validate', 'Entity method', NULL, NULL, 30, '2024-01-01 00:00:00'),
('ba9432a3-262e-4ef4-2754-4b7cb87b055b', '71524eb6-7ed8-956c-e50e-31cdf365e62e', 'getId', 'Entity method', NULL, NULL, 10, '2024-01-01 00:00:00'),
('c4659928-1108-a69e-f9f4-068b8f53452b', '71524eb6-7ed8-956c-e50e-31cdf365e62e', 'getName', 'Entity method', NULL, NULL, 20, '2024-01-01 00:00:00'),
('0ee02c19-c22e-b303-82d8-aa2b639139f0', '71524eb6-7ed8-956c-e50e-31cdf365e62e', 'validate', 'Entity method', NULL, NULL, 30, '2024-01-01 00:00:00'),
('63a8eeed-9701-6088-00f5-52222f219aff', '63821b63-2180-c608-0639-7b0927cc1bfd', 'getId', 'Entity method', NULL, NULL, 10, '2024-01-01 00:00:00'),
('b6317d95-0ecc-f1ed-6da0-ccfcc76633d5', '63821b63-2180-c608-0639-7b0927cc1bfd', 'getName', 'Entity method', NULL, NULL, 20, '2024-01-01 00:00:00'),
('2f36b2d7-320f-0d6c-0629-5311e840faac', '63821b63-2180-c608-0639-7b0927cc1bfd', 'validate', 'Entity method', NULL, NULL, 30, '2024-01-01 00:00:00'),
('33453afb-2ffb-1c60-6aab-5dc309984bf5', '5e5e7ffe-979e-9106-fb05-8c49a460495f', 'getId', 'Entity method', NULL, NULL, 10, '2024-01-01 00:00:00'),
('e6fbe718-12aa-a4fc-176f-aaf2597efc22', '5e5e7ffe-979e-9106-fb05-8c49a460495f', 'getName', 'Entity method', NULL, NULL, 20, '2024-01-01 00:00:00'),
('71fcb17f-7b70-9a20-ab7d-5e43dee14a00', '5e5e7ffe-979e-9106-fb05-8c49a460495f', 'validate', 'Entity method', NULL, NULL, 30, '2024-01-01 00:00:00');

INSERT INTO source_classes (id, project_id, full_class_name, simple_name, package_name, class_type, description, source_file, created_at) VALUES
('950be94c-3999-8e67-261a-8e0e49987d62', '35fb1e91-4837-85bf-f092-8fab68513f23', 'co.fanki.project19.controller.Api0Controller', 'Api0Controller', 'co.fanki.project19.controller', 'CONTROLLER', 'REST controller', 'src/co/fanki/project19/controller/Api0Controller.java', '2024-01-01 00:00:00'),
('9d84b720-60a2-2cdd-8a98-f5231f5b6f27', '35fb1e91-4837-85bf-f092-8fab68513f23', 'co.fanki.project19.controller.Api1Controller', 'Api1Controller', 'co.fanki.project19.controller', 'CONTROLLER', 'REST controller', 'src/co/fanki/project19/controller/Api1Controller.java', '2024-01-01 00:00:00'),
('4d9e0e0f-620e-e010-24e9-0e09b4133c44', '35fb1e91-4837-85bf-f092-8fab68513f23', 'co.fanki.project19.controller.Api2Controller', 'Api2Controller', 'co.fanki.project19.controller', 'CONTROLLER', 'REST controller', 'src/co/fanki/project19/controller/Api2Controller.java', '2024-01-01 00:00:00'),
('000cae8a-ba36-b932-6f64-7b305a4657a4', '35fb1e91-4837-85bf-f092-8fab68513f23', 'co.fanki.project19.controller.Api3Controller', 'Api3Controller', 'co.fanki.project19.controller', 'CONTROLLER', 'REST controller', 'src/co/fanki/project19/controller/Api3Controller.java', '2024-01-01 00:00:00'),
('55319b21-dca8-e298-bb95-eef347bf5e59', '35fb1e91-4837-85bf-f092-8fab68513f23', 'co.fanki.project19.controller.Api4Controller', 'Api4Controller', 'co.fanki.project19.controller', 'CONTROLLER', 'REST controller', 'src/co/fanki/project19/controller/Api4Controller.java', '2024-01-01 00:00:00'),
('d40997fc-947e-1d39-6901-38911e918c30', '35fb1e91-4837-85bf-f092-8fab68513f23', 'co.fanki.project19.service.Business0Service', 'Business0Service', 'co.fanki.project19.service', 'SERVICE', 'Business service', 'src/co/fanki/project19/service/Business0Service.java', '2024-01-01 00:00:00'),
('c8f49794-a5aa-ed84-1f05-2de93bcfa2f8', '35fb1e91-4837-85bf-f092-8fab68513f23', 'co.fanki.project19.service.Business1Service', 'Business1Service', 'co.fanki.project19.service', 'SERVICE', 'Business service', 'src/co/fanki/project19/service/Business1Service.java', '2024-01-01 00:00:00'),
('d05cab05-483a-3963-7073-ff51b57220e3', '35fb1e91-4837-85bf-f092-8fab68513f23', 'co.fanki.project19.domain.Entity0', 'Entity0', 'co.fanki.project19.domain', 'ENTITY', 'Domain entity', 'src/co/fanki/project19/domain/Entity0.java', '2024-01-01 00:00:00'),
('414569eb-18d7-9af3-ecc6-cc1a0dea318c', '35fb1e91-4837-85bf-f092-8fab68513f23', 'co.fanki.project19.domain.Entity1', 'Entity1', 'co.fanki.project19.domain', 'ENTITY', 'Domain entity', 'src/co/fanki/project19/domain/Entity1.java', '2024-01-01 00:00:00'),
('20881733-d73b-4f35-cef2-83382a148652', '35fb1e91-4837-85bf-f092-8fab68513f23', 'co.fanki.project19.domain.Entity2', 'Entity2', 'co.fanki.project19.domain', 'ENTITY', 'Domain entity', 'src/co/fanki/project19/domain/Entity2.java', '2024-01-01 00:00:00'),
('0abbc3cc-6a17-5c09-cabf-496da7d39c5d', '35fb1e91-4837-85bf-f092-8fab68513f23', 'co.fanki.project19.domain.Entity3', 'Entity3', 'co.fanki.project19.domain', 'ENTITY', 'Domain entity', 'src/co/fanki/project19/domain/Entity3.java', '2024-01-01 00:00:00'),
('442e1f95-dff4-9349-0cd6-1fd85cc02416', '35fb1e91-4837-85bf-f092-8fab68513f23', 'co.fanki.project19.domain.Entity4', 'Entity4', 'co.fanki.project19.domain', 'ENTITY', 'Domain entity', 'src/co/fanki/project19/domain/Entity4.java', '2024-01-01 00:00:00'),
('7f1184da-4fd0-e3a9-cec2-e1951827da04', '35fb1e91-4837-85bf-f092-8fab68513f23', 'co.fanki.project19.domain.Entity5', 'Entity5', 'co.fanki.project19.domain', 'ENTITY', 'Domain entity', 'src/co/fanki/project19/domain/Entity5.java', '2024-01-01 00:00:00'),
('2c63513f-170e-07e3-2cf1-d9c7b214a20e', '35fb1e91-4837-85bf-f092-8fab68513f23', 'co.fanki.project19.domain.Entity6', 'Entity6', 'co.fanki.project19.domain', 'ENTITY', 'Domain entity', 'src/co/fanki/project19/domain/Entity6.java', '2024-01-01 00:00:00'),
('bc2c1aa4-aa15-bae6-7321-08a9f4dac384', '35fb1e91-4837-85bf-f092-8fab68513f23', 'co.fanki.project19.domain.Entity7', 'Entity7', 'co.fanki.project19.domain', 'ENTITY', 'Domain entity', 'src/co/fanki/project19/domain/Entity7.java', '2024-01-01 00:00:00'),
('caaf8626-0a36-cb09-dfe9-c9242c7c364e', '35fb1e91-4837-85bf-f092-8fab68513f23', 'co.fanki.project19.domain.Entity8', 'Entity8', 'co.fanki.project19.domain', 'ENTITY', 'Domain entity', 'src/co/fanki/project19/domain/Entity8.java', '2024-01-01 00:00:00'),
('6d880e82-2d80-5c45-4026-486ff17291ce', '35fb1e91-4837-85bf-f092-8fab68513f23', 'co.fanki.project19.domain.Entity9', 'Entity9', 'co.fanki.project19.domain', 'ENTITY', 'Domain entity', 'src/co/fanki/project19/domain/Entity9.java', '2024-01-01 00:00:00');

INSERT INTO source_methods (id, class_id, method_name, description, http_method, http_path, line_number, created_at) VALUES
('91f3552a-07c7-f2ef-f99e-4bcf826f8dfc', '950be94c-3999-8e67-261a-8e0e49987d62', 'handle', 'Handles request', 'GET', '/api/v1/resource0', 10, '2024-01-01 00:00:00'),
('03df16a6-e88e-31b7-63d9-8aa07ce4816c', '9d84b720-60a2-2cdd-8a98-f5231f5b6f27', 'handle', 'Handles request', 'GET', '/api/v1/resource1', 10, '2024-01-01 00:00:00'),
('5eab57d0-c359-e9cd-ad33-66a520837479', '4d9e0e0f-620e-e010-24e9-0e09b4133c44', 'handle', 'Handles request', 'GET', '/api/v1/resource2', 10, '2024-01-01 00:00:00'),
('9cfc49f4-abba-18fb-2d13-bef75fb95001', '000cae8a-ba36-b932-6f64-7b305a4657a4', 'handle', 'Handles request', 'GET', '/api/v1/resource3', 10, '2024-01-01 00:00:00'),
('78a8cf83-0318-004e-03e3-a90e6fcd7f5e', '55319b21-dca8-e298-bb95-eef347bf5e59', 'handle', 'Handles request', 'GET', '/api/v1/resource4', 10, '2024-01-01 00:00:00'),
('ea72463b-c045-1b31-63a5-9d305744ed87', 'd40997fc-947e-1d39-6901-38911e918c30', 'create', 'Business logic', NULL, NULL, 10, '2024-01-01 00:00:00'),
('4a0b3c93-fec5-5a22-19a6-01303c5aec02', 'd40997fc-947e-1d39-6901-38911e918c30', 'update', 'Business logic', NULL, NULL, 20, '2024-01-01 00:00:00'),
('db91e345-bbaf-5caa-4e6b-8c1aacf35513', 'd40997fc-947e-1d39-6901-38911e918c30', 'delete', 'Business logic', NULL, NULL, 30, '2024-01-01 00:00:00'),
('8db8b46b-40ec-b339-36c0-8710d54731cb', 'd40997fc-947e-1d39-6901-38911e918c30', 'find', 'Business logic', NULL, NULL, 40, '2024-01-01 00:00:00'),
('c248edbb-f781-996c-761e-aa627dc076c5', 'd40997fc-947e-1d39-6901-38911e918c30', 'process', 'Business logic', NULL, NULL, 50, '2024-01-01 00:00:00'),
('9abac78d-1190-ff89-0959-262bc06dbe84', 'c8f49794-a5aa-ed84-1f05-2de93bcfa2f8', 'create', 'Business logic', NULL, NULL, 10, '2024-01-01 00:00:00'),
('7762dfa5-e2fa-5058-2d55-945bedf912fb', 'c8f49794-a5aa-ed84-1f05-2de93bcfa2f8', 'update', 'Business logic', NULL, NULL, 20, '2024-01-01 00:00:00'),
('45661f17-7514-b3ac-19c6-eb6977bb369a', 'c8f49794-a5aa-ed84-1f05-2de93bcfa2f8', 'delete', 'Business logic', NULL, NULL, 30, '2024-01-01 00:00:00'),
('24673f4e-72eb-f521-6744-a021ae1dac77', 'c8f49794-a5aa-ed84-1f05-2de93bcfa2f8', 'find', 'Business logic', NULL, NULL, 40, '2024-01-01 00:00:00'),
('e13a9d07-33f3-e30a-7fd0-5cb715dc234a', 'c8f49794-a5aa-ed84-1f05-2de93bcfa2f8', 'process', 'Business logic', NULL, NULL, 50, '2024-01-01 00:00:00'),
('9a5ecd42-276b-6ae1-c668-b31a3815ade1', 'd05cab05-483a-3963-7073-ff51b57220e3', 'getId', 'Entity method', NULL, NULL, 10, '2024-01-01 00:00:00'),
('fda31766-6d35-4266-c9db-9b72888ff5a8', 'd05cab05-483a-3963-7073-ff51b57220e3', 'getName', 'Entity method', NULL, NULL, 20, '2024-01-01 00:00:00'),
('ce691079-e1ed-5861-9e41-9ad1466cf0a3', 'd05cab05-483a-3963-7073-ff51b57220e3', 'validate', 'Entity method', NULL, NULL, 30, '2024-01-01 00:00:00'),
('677b521b-c7cc-32e8-d348-4e57aa021556', '414569eb-18d7-9af3-ecc6-cc1a0dea318c', 'getId', 'Entity method', NULL, NULL, 10, '2024-01-01 00:00:00'),
('1314a1b1-0eb6-4306-addb-4e7682d20e80', '414569eb-18d7-9af3-ecc6-cc1a0dea318c', 'getName', 'Entity method', NULL, NULL, 20, '2024-01-01 00:00:00'),
('fa167681-d7f0-0632-1ed1-6df74c69250d', '414569eb-18d7-9af3-ecc6-cc1a0dea318c', 'validate', 'Entity method', NULL, NULL, 30, '2024-01-01 00:00:00'),
('53a39ba3-50af-75be-23a0-cad658a4beb5', '20881733-d73b-4f35-cef2-83382a148652', 'getId', 'Entity method', NULL, NULL, 10, '2024-01-01 00:00:00'),
('4ef59694-402c-c969-071e-884d2ff7597a', '20881733-d73b-4f35-cef2-83382a148652', 'getName', 'Entity method', NULL, NULL, 20, '2024-01-01 00:00:00'),
('353c9b88-3d4f-30f5-8f64-13c24e9ef8a8', '20881733-d73b-4f35-cef2-83382a148652', 'validate', 'Entity method', NULL, NULL, 30, '2024-01-01 00:00:00'),
('5fcabd49-4246-fa84-3a1c-67358a84ff5a', '0abbc3cc-6a17-5c09-cabf-496da7d39c5d', 'getId', 'Entity method', NULL, NULL, 10, '2024-01-01 00:00:00'),
('87ea0e22-9566-4c49-259c-ac554b3e5450', '0abbc3cc-6a17-5c09-cabf-496da7d39c5d', 'getName', 'Entity method', NULL, NULL, 20, '2024-01-01 00:00:00'),
('debaf6a2-34e0-6551-b29e-e71d883f2eec', '0abbc3cc-6a17-5c09-cabf-496da7d39c5d', 'validate', 'Entity method', NULL, NULL, 30, '2024-01-01 00:00:00'),
('4f9432f7-7aa7-99e8-e5c9-a16dfc2f7390', '442e1f95-dff4-9349-0cd6-1fd85cc02416', 'getId', 'Entity method', NULL, NULL, 10, '2024-01-01 00:00:00'),
('ad79c853-f3da-3617-423a-16b1eeb5edc9', '442e1f95-dff4-9349-0cd6-1fd85cc02416', 'getName', 'Entity method', NULL, NULL, 20, '2024-01-01 00:00:00'),
('dee9eff8-2717-a8fe-cd67-f370fcab17fa', '442e1f95-dff4-9349-0cd6-1fd85cc02416', 'validate', 'Entity method', NULL, NULL, 30, '2024-01-01 00:00:00'),
('9e912405-c9b0-a88d-d1e9-6835806b854f', '7f1184da-4fd0-e3a9-cec2-e1951827da04', 'getId', 'Entity method', NULL, NULL, 10, '2024-01-01 00:00:00'),
('a4235486-b39b-d843-ca7c-020934933162', '7f1184da-4fd0-e3a9-cec2-e1951827da04', 'getName', 'Entity method', NULL, NULL, 20, '2024-01-01 00:00:00'),
('0d789c2f-743d-e57d-b5d8-48f39bd123f5', '7f1184da-4fd0-e3a9-cec2-e1951827da04', 'validate', 'Entity method', NULL, NULL, 30, '2024-01-01 00:00:00'),
('49246ca7-b048-0ec2-88b5-89dc9acea517', '2c63513f-170e-07e3-2cf1-d9c7b214a20e', 'getId', 'Entity method', NULL, NULL, 10, '2024-01-01 00:00:00'),
('2af91297-5423-e8de-49cb-e5a425491610', '2c63513f-170e-07e3-2cf1-d9c7b214a20e', 'getName', 'Entity method', NULL, NULL, 20, '2024-01-01 00:00:00'),
('a73401d5-eced-b888-cef8-f7ae149c8aa0', '2c63513f-170e-07e3-2cf1-d9c7b214a20e', 'validate', 'Entity method', NULL, NULL, 30, '2024-01-01 00:00:00'),
('ee3a0119-3129-4808-ae58-6d5ec9f736ba', 'bc2c1aa4-aa15-bae6-7321-08a9f4dac384', 'getId', 'Entity method', NULL, NULL, 10, '2024-01-01 00:00:00'),
('c05e55da-e73f-d36c-d0b6-9677dfbb99ec', 'bc2c1aa4-aa15-bae6-7321-08a9f4dac384', 'getName', 'Entity method', NULL, NULL, 20, '2024-01-01 00:00:00'),
('606ffa05-d5fd-8a98-94be-452d7071529e', 'bc2c1aa4-aa15-bae6-7321-08a9f4dac384', 'validate', 'Entity method', NULL, NULL, 30, '2024-01-01 00:00:00'),
('9ce238ff-2898-28cb-eac6-e49f3a9cec95', 'caaf8626-0a36-cb09-dfe9-c9242c7c364e', 'getId', 'Entity method', NULL, NULL, 10, '2024-01-01 00:00:00'),
('ea78a29e-106e-fccf-9f28-66b56410ae1f', 'caaf8626-0a36-cb09-dfe9-c9242c7c364e', 'getName', 'Entity method', NULL, NULL, 20, '2024-01-01 00:00:00'),
('cacf7735-25d9-56cf-9fe6-cc51c428e0ee', 'caaf8626-0a36-cb09-dfe9-c9242c7c364e', 'validate', 'Entity method', NULL, NULL, 30, '2024-01-01 00:00:00'),
('c5772d9f-ce8d-45ed-785c-a59b9f19e14e', '6d880e82-2d80-5c45-4026-486ff17291ce', 'getId', 'Entity method', NULL, NULL, 10, '2024-01-01 00:00:00'),
('f7488679-7507-0d73-dbb1-f38ada51a1bb', '6d880e82-2d80-5c45-4026-486ff17291ce', 'getName', 'Entity method', NULL, NULL, 20, '2024-01-01 00:00:00'),
('ca34e9c6-cade-de54-1de6-035411922357', '6d880e82-2d80-5c45-4026-486ff17291ce', 'validate', 'Entity method', NULL, NULL, 30, '2024-01-01 00:00:00');

INSERT INTO source_classes (id, project_id, full_class_name, simple_name, package_name, class_type, description, source_file, created_at) VALUES
('50b709fd-32d5-da83-6ef2-bab4ab23907b', 'b055e889-d233-777a-3edb-e1799ef58c00', 'co.fanki.project20.controller.Api0Controller', 'Api0Controller', 'co.fanki.project20.controller', 'CONTROLLER', 'REST controller', 'src/co/fanki/project20/controller/Api0Controller.java', '2024-01-01 00:00:00'),
('2775040e-ac02-bf4e-30b5-4205c2f368ef', 'b055e889-d233-777a-3edb-e1799ef58c00', 'co.fanki.project20.controller.Api1Controller', 'Api1Controller', 'co.fanki.project20.controller', 'CONTROLLER', 'REST controller', 'src/co/fanki/project20/controller/Api1Controller.java', '2024-01-01 00:00:00'),
('50cf33a5-1379-850f-c598-b53f543166cd', 'b055e889-d233-777a-3edb-e1799ef58c00', 'co.fanki.project20.controller.Api2Controller', 'Api2Controller', 'co.fanki.project20.controller', 'CONTROLLER', 'REST controller', 'src/co/fanki/project20/controller/Api2Controller.java', '2024-01-01 00:00:00'),
('1dc14780-24d5-6e71-dc56-946e0592f08c', 'b055e889-d233-777a-3edb-e1799ef58c00', 'co.fanki.project20.controller.Api3Controller', 'Api3Controller', 'co.fanki.project20.controller', 'CONTROLLER', 'REST controller', 'src/co/fanki/project20/controller/Api3Controller.java', '2024-01-01 00:00:00'),
('c944c143-1c72-d536-af10-d5169595742c', 'b055e889-d233-777a-3edb-e1799ef58c00', 'co.fanki.project20.controller.Api4Controller', 'Api4Controller', 'co.fanki.project20.controller', 'CONTROLLER', 'REST controller', 'src/co/fanki/project20/controller/Api4Controller.java', '2024-01-01 00:00:00'),
('c2b742fa-91e8-3460-7c78-f1f3f613177e', 'b055e889-d233-777a-3edb-e1799ef58c00', 'co.fanki.project20.service.Business0Service', 'Business0Service', 'co.fanki.project20.service', 'SERVICE', 'Business service', 'src/co/fanki/project20/service/Business0Service.java', '2024-01-01 00:00:00'),
('d61892f5-4b52-bbe1-b965-935973624070', 'b055e889-d233-777a-3edb-e1799ef58c00', 'co.fanki.project20.service.Business1Service', 'Business1Service', 'co.fanki.project20.service', 'SERVICE', 'Business service', 'src/co/fanki/project20/service/Business1Service.java', '2024-01-01 00:00:00'),
('072757d1-d47e-3163-a467-7683a57ba113', 'b055e889-d233-777a-3edb-e1799ef58c00', 'co.fanki.project20.domain.Entity0', 'Entity0', 'co.fanki.project20.domain', 'ENTITY', 'Domain entity', 'src/co/fanki/project20/domain/Entity0.java', '2024-01-01 00:00:00'),
('6bb0bf0c-b9d7-38b9-79df-4844eb53e55b', 'b055e889-d233-777a-3edb-e1799ef58c00', 'co.fanki.project20.domain.Entity1', 'Entity1', 'co.fanki.project20.domain', 'ENTITY', 'Domain entity', 'src/co/fanki/project20/domain/Entity1.java', '2024-01-01 00:00:00'),
('8c38d066-accf-7680-046b-090d4e6ca4cd', 'b055e889-d233-777a-3edb-e1799ef58c00', 'co.fanki.project20.domain.Entity2', 'Entity2', 'co.fanki.project20.domain', 'ENTITY', 'Domain entity', 'src/co/fanki/project20/domain/Entity2.java', '2024-01-01 00:00:00'),
('d8bed698-69f7-8450-a0c5-1ca53d154f96', 'b055e889-d233-777a-3edb-e1799ef58c00', 'co.fanki.project20.domain.Entity3', 'Entity3', 'co.fanki.project20.domain', 'ENTITY', 'Domain entity', 'src/co/fanki/project20/domain/Entity3.java', '2024-01-01 00:00:00'),
('a1ea2c00-1a42-ce90-0eab-83140a455dc9', 'b055e889-d233-777a-3edb-e1799ef58c00', 'co.fanki.project20.domain.Entity4', 'Entity4', 'co.fanki.project20.domain', 'ENTITY', 'Domain entity', 'src/co/fanki/project20/domain/Entity4.java', '2024-01-01 00:00:00'),
('62f45b66-3fd2-f15f-1fae-f6ddc685ab5e', 'b055e889-d233-777a-3edb-e1799ef58c00', 'co.fanki.project20.domain.Entity5', 'Entity5', 'co.fanki.project20.domain', 'ENTITY', 'Domain entity', 'src/co/fanki/project20/domain/Entity5.java', '2024-01-01 00:00:00'),
('b2a91bfc-8edd-fcce-f738-ce6bde3c1d73', 'b055e889-d233-777a-3edb-e1799ef58c00', 'co.fanki.project20.domain.Entity6', 'Entity6', 'co.fanki.project20.domain', 'ENTITY', 'Domain entity', 'src/co/fanki/project20/domain/Entity6.java', '2024-01-01 00:00:00'),
('1b2f027e-a27d-12c8-05c0-adf568884c45', 'b055e889-d233-777a-3edb-e1799ef58c00', 'co.fanki.project20.domain.Entity7', 'Entity7', 'co.fanki.project20.domain', 'ENTITY', 'Domain entity', 'src/co/fanki/project20/domain/Entity7.java', '2024-01-01 00:00:00'),
('2f27abbe-0a33-0c2e-a99d-0abeffd25999', 'b055e889-d233-777a-3edb-e1799ef58c00', 'co.fanki.project20.domain.Entity8', 'Entity8', 'co.fanki.project20.domain', 'ENTITY', 'Domain entity', 'src/co/fanki/project20/domain/Entity8.java', '2024-01-01 00:00:00'),
('3bed51e0-8c63-deeb-b1d6-c160a6cc2775', 'b055e889-d233-777a-3edb-e1799ef58c00', 'co.fanki.project20.domain.Entity9', 'Entity9', 'co.fanki.project20.domain', 'ENTITY', 'Domain entity', 'src/co/fanki/project20/domain/Entity9.java', '2024-01-01 00:00:00');

INSERT INTO source_methods (id, class_id, method_name, description, http_method, http_path, line_number, created_at) VALUES
('141e781f-1e00-cd2c-4257-9241beaba074', '50b709fd-32d5-da83-6ef2-bab4ab23907b', 'handle', 'Handles request', 'GET', '/api/v1/resource0', 10, '2024-01-01 00:00:00'),
('dd01f972-c8d6-d574-748d-c60c4b6a1f50', '2775040e-ac02-bf4e-30b5-4205c2f368ef', 'handle', 'Handles request', 'GET', '/api/v1/resource1', 10, '2024-01-01 00:00:00'),
('474f230d-7e76-9d10-4e64-ee2ca646dcdd', '50cf33a5-1379-850f-c598-b53f543166cd', 'handle', 'Handles request', 'GET', '/api/v1/resource2', 10, '2024-01-01 00:00:00'),
('1f6e43f7-7f79-0f22-74a0-7bf1414f8e04', '1dc14780-24d5-6e71-dc56-946e0592f08c', 'handle', 'Handles request', 'GET', '/api/v1/resource3', 10, '2024-01-01 00:00:00'),
('f1c4f92e-b599-7bdb-2745-c7dc279d9293', 'c944c143-1c72-d536-af10-d5169595742c', 'handle', 'Handles request', 'GET', '/api/v1/resource4', 10, '2024-01-01 00:00:00'),
('b4647b7f-045f-42cf-ab36-a5c7ef878a6c', 'c2b742fa-91e8-3460-7c78-f1f3f613177e', 'create', 'Business logic', NULL, NULL, 10, '2024-01-01 00:00:00'),
('3a24fbb2-f096-0d37-3894-9d6e0ba3558a', 'c2b742fa-91e8-3460-7c78-f1f3f613177e', 'update', 'Business logic', NULL, NULL, 20, '2024-01-01 00:00:00'),
('e5b11efb-43d5-7fec-00f7-d71c80be3af2', 'c2b742fa-91e8-3460-7c78-f1f3f613177e', 'delete', 'Business logic', NULL, NULL, 30, '2024-01-01 00:00:00'),
('d6437b14-27d7-4655-fc23-7f9ee74d96a8', 'c2b742fa-91e8-3460-7c78-f1f3f613177e', 'find', 'Business logic', NULL, NULL, 40, '2024-01-01 00:00:00'),
('e40974dc-a006-18b8-316a-21ed3ed887b1', 'c2b742fa-91e8-3460-7c78-f1f3f613177e', 'process', 'Business logic', NULL, NULL, 50, '2024-01-01 00:00:00'),
('5d1cde0d-4798-8bec-0531-6b9121d1bc22', 'd61892f5-4b52-bbe1-b965-935973624070', 'create', 'Business logic', NULL, NULL, 10, '2024-01-01 00:00:00'),
('40ce3f87-be41-e2bb-dea8-4d30d18e4d0d', 'd61892f5-4b52-bbe1-b965-935973624070', 'update', 'Business logic', NULL, NULL, 20, '2024-01-01 00:00:00'),
('703c522e-77b5-293c-4bf8-ec5118f7a995', 'd61892f5-4b52-bbe1-b965-935973624070', 'delete', 'Business logic', NULL, NULL, 30, '2024-01-01 00:00:00'),
('ff3bddb0-dbae-38d7-7e15-f366925a1514', 'd61892f5-4b52-bbe1-b965-935973624070', 'find', 'Business logic', NULL, NULL, 40, '2024-01-01 00:00:00'),
('3ac87d55-4475-e758-9e92-496242db5b8c', 'd61892f5-4b52-bbe1-b965-935973624070', 'process', 'Business logic', NULL, NULL, 50, '2024-01-01 00:00:00'),
('81a7049e-3c64-3807-5720-32b499703aa4', '072757d1-d47e-3163-a467-7683a57ba113', 'getId', 'Entity method', NULL, NULL, 10, '2024-01-01 00:00:00'),
('9ab51b48-5da7-10ff-3d31-cee7aae99767', '072757d1-d47e-3163-a467-7683a57ba113', 'getName', 'Entity method', NULL, NULL, 20, '2024-01-01 00:00:00'),
('85e593e4-f449-3f00-0b0b-c1407f4aa227', '072757d1-d47e-3163-a467-7683a57ba113', 'validate', 'Entity method', NULL, NULL, 30, '2024-01-01 00:00:00'),
('12269aec-3f36-d5fd-7c40-3d1e90251791', '6bb0bf0c-b9d7-38b9-79df-4844eb53e55b', 'getId', 'Entity method', NULL, NULL, 10, '2024-01-01 00:00:00'),
('41ec5b23-f8d5-2fba-fef5-894076eb5b92', '6bb0bf0c-b9d7-38b9-79df-4844eb53e55b', 'getName', 'Entity method', NULL, NULL, 20, '2024-01-01 00:00:00'),
('2427ca9e-e37a-af87-fade-abe8395e57f7', '6bb0bf0c-b9d7-38b9-79df-4844eb53e55b', 'validate', 'Entity method', NULL, NULL, 30, '2024-01-01 00:00:00'),
('f2fa9fe1-efb0-99e4-c6d7-78fb0dc0e3d7', '8c38d066-accf-7680-046b-090d4e6ca4cd', 'getId', 'Entity method', NULL, NULL, 10, '2024-01-01 00:00:00'),
('ebe894ee-8a30-1098-4e63-c9da05585627', '8c38d066-accf-7680-046b-090d4e6ca4cd', 'getName', 'Entity method', NULL, NULL, 20, '2024-01-01 00:00:00'),
('4e868857-2ca9-8f4c-9738-6e7e939c5524', '8c38d066-accf-7680-046b-090d4e6ca4cd', 'validate', 'Entity method', NULL, NULL, 30, '2024-01-01 00:00:00'),
('c49cb92b-0f18-1e98-44a9-2342e3bfeec5', 'd8bed698-69f7-8450-a0c5-1ca53d154f96', 'getId', 'Entity method', NULL, NULL, 10, '2024-01-01 00:00:00'),
('e98a5c18-63a4-5ad4-bca6-36bcd9dad02c', 'd8bed698-69f7-8450-a0c5-1ca53d154f96', 'getName', 'Entity method', NULL, NULL, 20, '2024-01-01 00:00:00'),
('7327ae08-0bde-0635-b6a6-106fc2df8bc1', 'd8bed698-69f7-8450-a0c5-1ca53d154f96', 'validate', 'Entity method', NULL, NULL, 30, '2024-01-01 00:00:00'),
('319e120a-005f-a21b-b195-d2764de3b442', 'a1ea2c00-1a42-ce90-0eab-83140a455dc9', 'getId', 'Entity method', NULL, NULL, 10, '2024-01-01 00:00:00'),
('3395042a-f0fd-0592-bea5-af5b3613945b', 'a1ea2c00-1a42-ce90-0eab-83140a455dc9', 'getName', 'Entity method', NULL, NULL, 20, '2024-01-01 00:00:00'),
('5444f9d5-a27f-a089-42b7-2e9fc32d77f6', 'a1ea2c00-1a42-ce90-0eab-83140a455dc9', 'validate', 'Entity method', NULL, NULL, 30, '2024-01-01 00:00:00'),
('cea5b251-707c-646c-9f6e-741d369d9717', '62f45b66-3fd2-f15f-1fae-f6ddc685ab5e', 'getId', 'Entity method', NULL, NULL, 10, '2024-01-01 00:00:00'),
('dde3d3b6-39c4-5f79-7bf7-4fb1cf4a3fcd', '62f45b66-3fd2-f15f-1fae-f6ddc685ab5e', 'getName', 'Entity method', NULL, NULL, 20, '2024-01-01 00:00:00'),
('1579364e-2da0-ec58-2b18-c06e5e8a808a', '62f45b66-3fd2-f15f-1fae-f6ddc685ab5e', 'validate', 'Entity method', NULL, NULL, 30, '2024-01-01 00:00:00'),
('0b3008f5-567b-c947-c4ee-80728f9aa554', 'b2a91bfc-8edd-fcce-f738-ce6bde3c1d73', 'getId', 'Entity method', NULL, NULL, 10, '2024-01-01 00:00:00'),
('4f8bcb05-0a60-d5a8-c9eb-5a137f31fcea', 'b2a91bfc-8edd-fcce-f738-ce6bde3c1d73', 'getName', 'Entity method', NULL, NULL, 20, '2024-01-01 00:00:00'),
('32269125-34b6-4810-b4a5-8e9f5eec620d', 'b2a91bfc-8edd-fcce-f738-ce6bde3c1d73', 'validate', 'Entity method', NULL, NULL, 30, '2024-01-01 00:00:00'),
('daf94638-d33e-6ed7-790b-72042d6e3121', '1b2f027e-a27d-12c8-05c0-adf568884c45', 'getId', 'Entity method', NULL, NULL, 10, '2024-01-01 00:00:00'),
('e0c06ed1-508d-7442-41ea-bc8a030486dd', '1b2f027e-a27d-12c8-05c0-adf568884c45', 'getName', 'Entity method', NULL, NULL, 20, '2024-01-01 00:00:00'),
('b43144bf-3d38-37f9-d758-2379d92b7071', '1b2f027e-a27d-12c8-05c0-adf568884c45', 'validate', 'Entity method', NULL, NULL, 30, '2024-01-01 00:00:00'),
('d406ea47-c4bd-7ae0-1f2f-7794d3186f46', '2f27abbe-0a33-0c2e-a99d-0abeffd25999', 'getId', 'Entity method', NULL, NULL, 10, '2024-01-01 00:00:00'),
('0df1bb64-26f9-8b72-d563-b3c26e2463cc', '2f27abbe-0a33-0c2e-a99d-0abeffd25999', 'getName', 'Entity method', NULL, NULL, 20, '2024-01-01 00:00:00'),
('a3c60095-b13f-0d47-d49f-5672bc1c4763', '2f27abbe-0a33-0c2e-a99d-0abeffd25999', 'validate', 'Entity method', NULL, NULL, 30, '2024-01-01 00:00:00'),
('f969f391-e91b-bb13-13ed-dc3faa3ebe4b', '3bed51e0-8c63-deeb-b1d6-c160a6cc2775', 'getId', 'Entity method', NULL, NULL, 10, '2024-01-01 00:00:00'),
('0d6249c5-ef97-e72c-b6fe-b77f33ed8d52', '3bed51e0-8c63-deeb-b1d6-c160a6cc2775', 'getName', 'Entity method', NULL, NULL, 20, '2024-01-01 00:00:00'),
('e1edccd3-0978-2706-95a5-205a33a1602f', '3bed51e0-8c63-deeb-b1d6-c160a6cc2775', 'validate', 'Entity method', NULL, NULL, 30, '2024-01-01 00:00:00');

INSERT INTO source_classes (id, project_id, full_class_name, simple_name, package_name, class_type, description, source_file, created_at) VALUES
('0ca81de6-9ab9-5254-6c3f-c91e28d1d408', '3a1e2a26-4b71-53e6-22d9-cb706c1ce721', 'co.fanki.project21.controller.Api0Controller', 'Api0Controller', 'co.fanki.project21.controller', 'CONTROLLER', 'REST controller', 'src/co/fanki/project21/controller/Api0Controller.java', '2024-01-01 00:00:00'),
('d0bdaeaa-2d65-bae0-0272-71fba0fcd737', '3a1e2a26-4b71-53e6-22d9-cb706c1ce721', 'co.fanki.project21.controller.Api1Controller', 'Api1Controller', 'co.fanki.project21.controller', 'CONTROLLER', 'REST controller', 'src/co/fanki/project21/controller/Api1Controller.java', '2024-01-01 00:00:00'),
('0dc24aa9-4575-e33f-8ce6-81848dc5cc9a', '3a1e2a26-4b71-53e6-22d9-cb706c1ce721', 'co.fanki.project21.controller.Api2Controller', 'Api2Controller', 'co.fanki.project21.controller', 'CONTROLLER', 'REST controller', 'src/co/fanki/project21/controller/Api2Controller.java', '2024-01-01 00:00:00'),
('76a47f8f-5b29-5556-f65c-6f1c504fb54c', '3a1e2a26-4b71-53e6-22d9-cb706c1ce721', 'co.fanki.project21.controller.Api3Controller', 'Api3Controller', 'co.fanki.project21.controller', 'CONTROLLER', 'REST controller', 'src/co/fanki/project21/controller/Api3Controller.java', '2024-01-01 00:00:00'),
('88a4f8b1-7cb7-2002-a900-fed8e0c4464a', '3a1e2a26-4b71-53e6-22d9-cb706c1ce721', 'co.fanki.project21.controller.Api4Controller', 'Api4Controller', 'co.fanki.project21.controller', 'CONTROLLER', 'REST controller', 'src/co/fanki/project21/controller/Api4Controller.java', '2024-01-01 00:00:00'),
('5aeec4c6-f26c-89f5-99d4-6cfc66cb7628', '3a1e2a26-4b71-53e6-22d9-cb706c1ce721', 'co.fanki.project21.service.Business0Service', 'Business0Service', 'co.fanki.project21.service', 'SERVICE', 'Business service', 'src/co/fanki/project21/service/Business0Service.java', '2024-01-01 00:00:00'),
('8f1bab8d-567a-41c7-910b-b11ef8fa22a8', '3a1e2a26-4b71-53e6-22d9-cb706c1ce721', 'co.fanki.project21.service.Business1Service', 'Business1Service', 'co.fanki.project21.service', 'SERVICE', 'Business service', 'src/co/fanki/project21/service/Business1Service.java', '2024-01-01 00:00:00'),
('0d78038b-d5ca-1c3b-bad7-984e951714a4', '3a1e2a26-4b71-53e6-22d9-cb706c1ce721', 'co.fanki.project21.domain.Entity0', 'Entity0', 'co.fanki.project21.domain', 'ENTITY', 'Domain entity', 'src/co/fanki/project21/domain/Entity0.java', '2024-01-01 00:00:00'),
('ebefb631-628f-5428-affe-e9667966e928', '3a1e2a26-4b71-53e6-22d9-cb706c1ce721', 'co.fanki.project21.domain.Entity1', 'Entity1', 'co.fanki.project21.domain', 'ENTITY', 'Domain entity', 'src/co/fanki/project21/domain/Entity1.java', '2024-01-01 00:00:00'),
('a1112472-1e3b-6fc6-6b34-7d6123d5bde8', '3a1e2a26-4b71-53e6-22d9-cb706c1ce721', 'co.fanki.project21.domain.Entity2', 'Entity2', 'co.fanki.project21.domain', 'ENTITY', 'Domain entity', 'src/co/fanki/project21/domain/Entity2.java', '2024-01-01 00:00:00'),
('5f2c11e6-712c-4d81-f5a0-ecaa576c56ce', '3a1e2a26-4b71-53e6-22d9-cb706c1ce721', 'co.fanki.project21.domain.Entity3', 'Entity3', 'co.fanki.project21.domain', 'ENTITY', 'Domain entity', 'src/co/fanki/project21/domain/Entity3.java', '2024-01-01 00:00:00'),
('cd41c01c-d107-09b1-9063-dad9884471cf', '3a1e2a26-4b71-53e6-22d9-cb706c1ce721', 'co.fanki.project21.domain.Entity4', 'Entity4', 'co.fanki.project21.domain', 'ENTITY', 'Domain entity', 'src/co/fanki/project21/domain/Entity4.java', '2024-01-01 00:00:00'),
('6ebba313-7480-578b-d2b7-06c4c6716d49', '3a1e2a26-4b71-53e6-22d9-cb706c1ce721', 'co.fanki.project21.domain.Entity5', 'Entity5', 'co.fanki.project21.domain', 'ENTITY', 'Domain entity', 'src/co/fanki/project21/domain/Entity5.java', '2024-01-01 00:00:00'),
('2592271f-212d-5715-f7d0-214894ee539c', '3a1e2a26-4b71-53e6-22d9-cb706c1ce721', 'co.fanki.project21.domain.Entity6', 'Entity6', 'co.fanki.project21.domain', 'ENTITY', 'Domain entity', 'src/co/fanki/project21/domain/Entity6.java', '2024-01-01 00:00:00'),
('30095873-3344-e9a1-56ab-76ed745c537d', '3a1e2a26-4b71-53e6-22d9-cb706c1ce721', 'co.fanki.project21.domain.Entity7', 'Entity7', 'co.fanki.project21.domain', 'ENTITY', 'Domain entity', 'src/co/fanki/project21/domain/Entity7.java', '2024-01-01 00:00:00'),
('4738931a-e1e3-677a-8316-4bb992c0d14e', '3a1e2a26-4b71-53e6-22d9-cb706c1ce721', 'co.fanki.project21.domain.Entity8', 'Entity8', 'co.fanki.project21.domain', 'ENTITY', 'Domain entity', 'src/co/fanki/project21/domain/Entity8.java', '2024-01-01 00:00:00'),
('2036ead8-942c-cd17-8528-0f736a709871', '3a1e2a26-4b71-53e6-22d9-cb706c1ce721', 'co.fanki.project21.domain.Entity9', 'Entity9', 'co.fanki.project21.domain', 'ENTITY', 'Domain entity', 'src/co/fanki/project21/domain/Entity9.java', '2024-01-01 00:00:00');

INSERT INTO source_methods (id, class_id, method_name, description, http_method, http_path, line_number, created_at) VALUES
('908cc0f2-36df-3f0e-3e00-3547b644da4b', '0ca81de6-9ab9-5254-6c3f-c91e28d1d408', 'handle', 'Handles request', 'GET', '/api/v1/resource0', 10, '2024-01-01 00:00:00'),
('28d1fcf3-7eee-7b07-82a0-6819ec49b7bc', 'd0bdaeaa-2d65-bae0-0272-71fba0fcd737', 'handle', 'Handles request', 'GET', '/api/v1/resource1', 10, '2024-01-01 00:00:00'),
('46c9724a-a3c7-8f15-e970-ef8b55ce05d7', '0dc24aa9-4575-e33f-8ce6-81848dc5cc9a', 'handle', 'Handles request', 'GET', '/api/v1/resource2', 10, '2024-01-01 00:00:00'),
('28d97780-c168-603c-20c7-5aa9e64b9202', '76a47f8f-5b29-5556-f65c-6f1c504fb54c', 'handle', 'Handles request', 'GET', '/api/v1/resource3', 10, '2024-01-01 00:00:00'),
('68bfaa79-b2ca-658f-2b88-b78ad4503505', '88a4f8b1-7cb7-2002-a900-fed8e0c4464a', 'handle', 'Handles request', 'GET', '/api/v1/resource4', 10, '2024-01-01 00:00:00'),
('253bdb27-6034-2d31-e05c-e20a02e337b9', '5aeec4c6-f26c-89f5-99d4-6cfc66cb7628', 'create', 'Business logic', NULL, NULL, 10, '2024-01-01 00:00:00'),
('53c27708-dd26-8a68-0860-542ff5debbd6', '5aeec4c6-f26c-89f5-99d4-6cfc66cb7628', 'update', 'Business logic', NULL, NULL, 20, '2024-01-01 00:00:00'),
('fe9a6622-7e32-9b5a-a03b-62710981bebe', '5aeec4c6-f26c-89f5-99d4-6cfc66cb7628', 'delete', 'Business logic', NULL, NULL, 30, '2024-01-01 00:00:00'),
('6e1ce27d-f57c-e3ba-bf74-47403f8020dc', '5aeec4c6-f26c-89f5-99d4-6cfc66cb7628', 'find', 'Business logic', NULL, NULL, 40, '2024-01-01 00:00:00'),
('a5d3b64a-2e88-a655-d4b8-f0342505b9b5', '5aeec4c6-f26c-89f5-99d4-6cfc66cb7628', 'process', 'Business logic', NULL, NULL, 50, '2024-01-01 00:00:00'),
('35a433af-c5b4-d005-1fbd-25f7fa75b8db', '8f1bab8d-567a-41c7-910b-b11ef8fa22a8', 'create', 'Business logic', NULL, NULL, 10, '2024-01-01 00:00:00'),
('763e4bf1-9930-ee9c-4580-2036e1b234d9', '8f1bab8d-567a-41c7-910b-b11ef8fa22a8', 'update', 'Business logic', NULL, NULL, 20, '2024-01-01 00:00:00'),
('b17351da-8d27-fceb-f03c-8b7e5d4c44f9', '8f1bab8d-567a-41c7-910b-b11ef8fa22a8', 'delete', 'Business logic', NULL, NULL, 30, '2024-01-01 00:00:00'),
('becb1578-4dbb-1536-4c2b-f36d0037b430', '8f1bab8d-567a-41c7-910b-b11ef8fa22a8', 'find', 'Business logic', NULL, NULL, 40, '2024-01-01 00:00:00'),
('bdee5103-b72b-2213-4f0a-cf121bc09e8c', '8f1bab8d-567a-41c7-910b-b11ef8fa22a8', 'process', 'Business logic', NULL, NULL, 50, '2024-01-01 00:00:00'),
('d0f00bb3-f5dd-740b-0e45-63241f4a2e68', '0d78038b-d5ca-1c3b-bad7-984e951714a4', 'getId', 'Entity method', NULL, NULL, 10, '2024-01-01 00:00:00'),
('1ac73d8c-9e90-705c-ed0a-0df2cd6d3213', '0d78038b-d5ca-1c3b-bad7-984e951714a4', 'getName', 'Entity method', NULL, NULL, 20, '2024-01-01 00:00:00'),
('e7aea2e9-c905-f719-683e-1b611e5e616c', '0d78038b-d5ca-1c3b-bad7-984e951714a4', 'validate', 'Entity method', NULL, NULL, 30, '2024-01-01 00:00:00'),
('8cda7d06-c129-ce86-4a48-f85ced0d0ee8', 'ebefb631-628f-5428-affe-e9667966e928', 'getId', 'Entity method', NULL, NULL, 10, '2024-01-01 00:00:00'),
('b1e39285-39e9-b7a7-75b3-b11b5f1ef651', 'ebefb631-628f-5428-affe-e9667966e928', 'getName', 'Entity method', NULL, NULL, 20, '2024-01-01 00:00:00'),
('793bcbc9-3d5a-ac0c-4837-88a901915be0', 'ebefb631-628f-5428-affe-e9667966e928', 'validate', 'Entity method', NULL, NULL, 30, '2024-01-01 00:00:00'),
('2fa4c6c2-416e-59f1-9f0a-d8a2387620e3', 'a1112472-1e3b-6fc6-6b34-7d6123d5bde8', 'getId', 'Entity method', NULL, NULL, 10, '2024-01-01 00:00:00'),
('543a88c8-c479-f5e4-b81b-6e8d3bc78052', 'a1112472-1e3b-6fc6-6b34-7d6123d5bde8', 'getName', 'Entity method', NULL, NULL, 20, '2024-01-01 00:00:00'),
('f4b6fb56-89fd-917b-87ac-a0ffb8060de1', 'a1112472-1e3b-6fc6-6b34-7d6123d5bde8', 'validate', 'Entity method', NULL, NULL, 30, '2024-01-01 00:00:00'),
('18eb94ad-f0e0-59c7-58bd-544dcd54beea', '5f2c11e6-712c-4d81-f5a0-ecaa576c56ce', 'getId', 'Entity method', NULL, NULL, 10, '2024-01-01 00:00:00'),
('4ac180e1-b1d0-c143-51d4-483ce8d8889c', '5f2c11e6-712c-4d81-f5a0-ecaa576c56ce', 'getName', 'Entity method', NULL, NULL, 20, '2024-01-01 00:00:00'),
('8fcd9069-2541-ec72-d999-eee3b56171c2', '5f2c11e6-712c-4d81-f5a0-ecaa576c56ce', 'validate', 'Entity method', NULL, NULL, 30, '2024-01-01 00:00:00'),
('aaef1bf3-2397-7a39-a378-f0d232f3bba7', 'cd41c01c-d107-09b1-9063-dad9884471cf', 'getId', 'Entity method', NULL, NULL, 10, '2024-01-01 00:00:00'),
('2aa250bd-a2fe-30dc-b4ba-7ba0ec565eb7', 'cd41c01c-d107-09b1-9063-dad9884471cf', 'getName', 'Entity method', NULL, NULL, 20, '2024-01-01 00:00:00'),
('71ff105a-917c-7401-78dc-fe1f042a3262', 'cd41c01c-d107-09b1-9063-dad9884471cf', 'validate', 'Entity method', NULL, NULL, 30, '2024-01-01 00:00:00'),
('bd9fc204-bce4-bac3-b53d-eb0edb1ab3b1', '6ebba313-7480-578b-d2b7-06c4c6716d49', 'getId', 'Entity method', NULL, NULL, 10, '2024-01-01 00:00:00'),
('fe67cb5a-dcb4-5a9d-e5ae-6b3079ada72e', '6ebba313-7480-578b-d2b7-06c4c6716d49', 'getName', 'Entity method', NULL, NULL, 20, '2024-01-01 00:00:00'),
('f45690be-53ce-d40b-5277-6087a105e7dd', '6ebba313-7480-578b-d2b7-06c4c6716d49', 'validate', 'Entity method', NULL, NULL, 30, '2024-01-01 00:00:00'),
('d9867c9f-4686-3842-f2b2-996207288e92', '2592271f-212d-5715-f7d0-214894ee539c', 'getId', 'Entity method', NULL, NULL, 10, '2024-01-01 00:00:00'),
('2e0ff6b9-432d-76e0-316a-5b7c1c071a0b', '2592271f-212d-5715-f7d0-214894ee539c', 'getName', 'Entity method', NULL, NULL, 20, '2024-01-01 00:00:00'),
('7f6984ae-024b-fdcc-6e7e-d3ca54bac94d', '2592271f-212d-5715-f7d0-214894ee539c', 'validate', 'Entity method', NULL, NULL, 30, '2024-01-01 00:00:00'),
('77a22d19-5674-b170-8551-c4f19bead086', '30095873-3344-e9a1-56ab-76ed745c537d', 'getId', 'Entity method', NULL, NULL, 10, '2024-01-01 00:00:00'),
('17e2e62d-8713-f4cc-f903-518d4266183d', '30095873-3344-e9a1-56ab-76ed745c537d', 'getName', 'Entity method', NULL, NULL, 20, '2024-01-01 00:00:00'),
('420b9d60-8eab-4258-b766-3826f9bdbcda', '30095873-3344-e9a1-56ab-76ed745c537d', 'validate', 'Entity method', NULL, NULL, 30, '2024-01-01 00:00:00'),
('85c92996-bcd8-30f1-0b75-2187543f0ff6', '4738931a-e1e3-677a-8316-4bb992c0d14e', 'getId', 'Entity method', NULL, NULL, 10, '2024-01-01 00:00:00'),
('acb92492-ad5c-70c3-db90-a4a75f797fcc', '4738931a-e1e3-677a-8316-4bb992c0d14e', 'getName', 'Entity method', NULL, NULL, 20, '2024-01-01 00:00:00'),
('ce57f82b-e713-a0c8-53a7-f5ff8af8b2e5', '4738931a-e1e3-677a-8316-4bb992c0d14e', 'validate', 'Entity method', NULL, NULL, 30, '2024-01-01 00:00:00'),
('871cfdf5-99ea-c7f1-244d-b98318b8ac49', '2036ead8-942c-cd17-8528-0f736a709871', 'getId', 'Entity method', NULL, NULL, 10, '2024-01-01 00:00:00'),
('df2b7305-c241-2faf-99e9-69d1447f969a', '2036ead8-942c-cd17-8528-0f736a709871', 'getName', 'Entity method', NULL, NULL, 20, '2024-01-01 00:00:00'),
('be074f39-e6d5-a3ad-3b5b-b80c8a96a35c', '2036ead8-942c-cd17-8528-0f736a709871', 'validate', 'Entity method', NULL, NULL, 30, '2024-01-01 00:00:00');

INSERT INTO source_classes (id, project_id, full_class_name, simple_name, package_name, class_type, description, source_file, created_at) VALUES
('1d0076af-3579-4505-a63b-48740ecaa067', '64615db9-2280-db9b-a7ad-f0cb06091c57', 'co.fanki.project22.controller.Api0Controller', 'Api0Controller', 'co.fanki.project22.controller', 'CONTROLLER', 'REST controller', 'src/co/fanki/project22/controller/Api0Controller.java', '2024-01-01 00:00:00'),
('8d16ef83-6a9c-f91d-441e-f8f95c3da99a', '64615db9-2280-db9b-a7ad-f0cb06091c57', 'co.fanki.project22.controller.Api1Controller', 'Api1Controller', 'co.fanki.project22.controller', 'CONTROLLER', 'REST controller', 'src/co/fanki/project22/controller/Api1Controller.java', '2024-01-01 00:00:00'),
('a6665063-8183-d67c-76a9-83e233079989', '64615db9-2280-db9b-a7ad-f0cb06091c57', 'co.fanki.project22.controller.Api2Controller', 'Api2Controller', 'co.fanki.project22.controller', 'CONTROLLER', 'REST controller', 'src/co/fanki/project22/controller/Api2Controller.java', '2024-01-01 00:00:00'),
('2c2f2188-f810-f73e-6620-55280124e36e', '64615db9-2280-db9b-a7ad-f0cb06091c57', 'co.fanki.project22.controller.Api3Controller', 'Api3Controller', 'co.fanki.project22.controller', 'CONTROLLER', 'REST controller', 'src/co/fanki/project22/controller/Api3Controller.java', '2024-01-01 00:00:00'),
('1ec60bd9-1410-e5be-868e-27218109b30b', '64615db9-2280-db9b-a7ad-f0cb06091c57', 'co.fanki.project22.controller.Api4Controller', 'Api4Controller', 'co.fanki.project22.controller', 'CONTROLLER', 'REST controller', 'src/co/fanki/project22/controller/Api4Controller.java', '2024-01-01 00:00:00'),
('2a7f8e8c-1114-7469-245d-d9c0c1382b6b', '64615db9-2280-db9b-a7ad-f0cb06091c57', 'co.fanki.project22.service.Business0Service', 'Business0Service', 'co.fanki.project22.service', 'SERVICE', 'Business service', 'src/co/fanki/project22/service/Business0Service.java', '2024-01-01 00:00:00'),
('1f6bf568-c6d1-c8b3-7873-b99c93ef36e1', '64615db9-2280-db9b-a7ad-f0cb06091c57', 'co.fanki.project22.service.Business1Service', 'Business1Service', 'co.fanki.project22.service', 'SERVICE', 'Business service', 'src/co/fanki/project22/service/Business1Service.java', '2024-01-01 00:00:00'),
('0bcc1b9c-01c3-25e4-9439-6dff6bb1a61c', '64615db9-2280-db9b-a7ad-f0cb06091c57', 'co.fanki.project22.domain.Entity0', 'Entity0', 'co.fanki.project22.domain', 'ENTITY', 'Domain entity', 'src/co/fanki/project22/domain/Entity0.java', '2024-01-01 00:00:00'),
('3d326604-d2d4-0f8b-cddb-7e9cdaffc30a', '64615db9-2280-db9b-a7ad-f0cb06091c57', 'co.fanki.project22.domain.Entity1', 'Entity1', 'co.fanki.project22.domain', 'ENTITY', 'Domain entity', 'src/co/fanki/project22/domain/Entity1.java', '2024-01-01 00:00:00'),
('0aa1de2f-e5f5-9f00-777d-a654a656875b', '64615db9-2280-db9b-a7ad-f0cb06091c57', 'co.fanki.project22.domain.Entity2', 'Entity2', 'co.fanki.project22.domain', 'ENTITY', 'Domain entity', 'src/co/fanki/project22/domain/Entity2.java', '2024-01-01 00:00:00'),
('3cfc4639-3cbe-600e-f157-84c3097d2200', '64615db9-2280-db9b-a7ad-f0cb06091c57', 'co.fanki.project22.domain.Entity3', 'Entity3', 'co.fanki.project22.domain', 'ENTITY', 'Domain entity', 'src/co/fanki/project22/domain/Entity3.java', '2024-01-01 00:00:00'),
('3a60b97c-85ee-4eeb-791d-22578d51687f', '64615db9-2280-db9b-a7ad-f0cb06091c57', 'co.fanki.project22.domain.Entity4', 'Entity4', 'co.fanki.project22.domain', 'ENTITY', 'Domain entity', 'src/co/fanki/project22/domain/Entity4.java', '2024-01-01 00:00:00'),
('7e6901fc-077f-f89b-e55c-fbbd2c5eefab', '64615db9-2280-db9b-a7ad-f0cb06091c57', 'co.fanki.project22.domain.Entity5', 'Entity5', 'co.fanki.project22.domain', 'ENTITY', 'Domain entity', 'src/co/fanki/project22/domain/Entity5.java', '2024-01-01 00:00:00'),
('31a193b6-4733-3217-b7ee-f5dee56ec5ed', '64615db9-2280-db9b-a7ad-f0cb06091c57', 'co.fanki.project22.domain.Entity6', 'Entity6', 'co.fanki.project22.domain', 'ENTITY', 'Domain entity', 'src/co/fanki/project22/domain/Entity6.java', '2024-01-01 00:00:00'),
('6577bfe8-9b42-c7e3-3c64-d76dd8b36ebf', '64615db9-2280-db9b-a7ad-f0cb06091c57', 'co.fanki.project22.domain.Entity7', 'Entity7', 'co.fanki.project22.domain', 'ENTITY', 'Domain entity', 'src/co/fanki/project22/domain/Entity7.java', '2024-01-01 00:00:00'),
('40337e1e-2111-cfeb-7ed6-9356250e54be', '64615db9-2280-db9b-a7ad-f0cb06091c57', 'co.fanki.project22.domain.Entity8', 'Entity8', 'co.fanki.project22.domain', 'ENTITY', 'Domain entity', 'src/co/fanki/project22/domain/Entity8.java', '2024-01-01 00:00:00'),
('fa09e010-4fc5-6500-8ff9-5b11ea39bf83', '64615db9-2280-db9b-a7ad-f0cb06091c57', 'co.fanki.project22.domain.Entity9', 'Entity9', 'co.fanki.project22.domain', 'ENTITY', 'Domain entity', 'src/co/fanki/project22/domain/Entity9.java', '2024-01-01 00:00:00');

INSERT INTO source_methods (id, class_id, method_name, description, http_method, http_path, line_number, created_at) VALUES
('56ade43a-3e43-f83e-6475-0491045dcae4', '1d0076af-3579-4505-a63b-48740ecaa067', 'handle', 'Handles request', 'GET', '/api/v1/resource0', 10, '2024-01-01 00:00:00'),
('bd4886a3-9e31-f850-4e70-c769903f634c', '8d16ef83-6a9c-f91d-441e-f8f95c3da99a', 'handle', 'Handles request', 'GET', '/api/v1/resource1', 10, '2024-01-01 00:00:00'),
('efc87d1f-33de-9b54-a187-0cf71ed805bf', 'a6665063-8183-d67c-76a9-83e233079989', 'handle', 'Handles request', 'GET', '/api/v1/resource2', 10, '2024-01-01 00:00:00'),
('8d58fa11-c9fc-6d28-c927-14b7e9c1c1cc', '2c2f2188-f810-f73e-6620-55280124e36e', 'handle', 'Handles request', 'GET', '/api/v1/resource3', 10, '2024-01-01 00:00:00'),
('2ba8dd13-03e0-5c09-d57e-a5ec73980bbd', '1ec60bd9-1410-e5be-868e-27218109b30b', 'handle', 'Handles request', 'GET', '/api/v1/resource4', 10, '2024-01-01 00:00:00'),
('9382d163-bea2-9df6-f8a4-511926ad6ad6', '2a7f8e8c-1114-7469-245d-d9c0c1382b6b', 'create', 'Business logic', NULL, NULL, 10, '2024-01-01 00:00:00'),
('16a35d40-e6c5-0197-9196-212ff4f90956', '2a7f8e8c-1114-7469-245d-d9c0c1382b6b', 'update', 'Business logic', NULL, NULL, 20, '2024-01-01 00:00:00'),
('a6c4012c-2f3c-feaf-8997-f8f08743d651', '2a7f8e8c-1114-7469-245d-d9c0c1382b6b', 'delete', 'Business logic', NULL, NULL, 30, '2024-01-01 00:00:00'),
('e1314a50-8a44-b37a-bdb8-6eafeb526449', '2a7f8e8c-1114-7469-245d-d9c0c1382b6b', 'find', 'Business logic', NULL, NULL, 40, '2024-01-01 00:00:00'),
('9e97d32d-d5a3-8aba-9b1b-c0b1e4b554ba', '2a7f8e8c-1114-7469-245d-d9c0c1382b6b', 'process', 'Business logic', NULL, NULL, 50, '2024-01-01 00:00:00'),
('1716d4d9-b041-1d98-0eca-f5e7021e2e76', '1f6bf568-c6d1-c8b3-7873-b99c93ef36e1', 'create', 'Business logic', NULL, NULL, 10, '2024-01-01 00:00:00'),
('94c2919b-505a-18ca-ad44-3d610fbbf407', '1f6bf568-c6d1-c8b3-7873-b99c93ef36e1', 'update', 'Business logic', NULL, NULL, 20, '2024-01-01 00:00:00'),
('065ba74f-2e6a-084d-f4fa-ca29a7c9cf4e', '1f6bf568-c6d1-c8b3-7873-b99c93ef36e1', 'delete', 'Business logic', NULL, NULL, 30, '2024-01-01 00:00:00'),
('0b7fcfa1-ad7a-0d3d-ee2c-2f456d5e1afd', '1f6bf568-c6d1-c8b3-7873-b99c93ef36e1', 'find', 'Business logic', NULL, NULL, 40, '2024-01-01 00:00:00'),
('8daef8b7-faa1-0243-b283-36e308682252', '1f6bf568-c6d1-c8b3-7873-b99c93ef36e1', 'process', 'Business logic', NULL, NULL, 50, '2024-01-01 00:00:00'),
('c3d9636e-ed8f-eaf4-8b43-f312d09cc4cd', '0bcc1b9c-01c3-25e4-9439-6dff6bb1a61c', 'getId', 'Entity method', NULL, NULL, 10, '2024-01-01 00:00:00'),
('6b408e0f-1529-65df-2cca-a963cafd158e', '0bcc1b9c-01c3-25e4-9439-6dff6bb1a61c', 'getName', 'Entity method', NULL, NULL, 20, '2024-01-01 00:00:00'),
('70da8dd0-b652-88ab-2033-4ddea149d034', '0bcc1b9c-01c3-25e4-9439-6dff6bb1a61c', 'validate', 'Entity method', NULL, NULL, 30, '2024-01-01 00:00:00'),
('83d9f90c-02ea-bf4f-a913-b0b17a56474e', '3d326604-d2d4-0f8b-cddb-7e9cdaffc30a', 'getId', 'Entity method', NULL, NULL, 10, '2024-01-01 00:00:00'),
('d15bacd5-260b-5096-ac95-20427b3b9c53', '3d326604-d2d4-0f8b-cddb-7e9cdaffc30a', 'getName', 'Entity method', NULL, NULL, 20, '2024-01-01 00:00:00'),
('7f97a656-4cd0-ea56-f245-be16fdf2b954', '3d326604-d2d4-0f8b-cddb-7e9cdaffc30a', 'validate', 'Entity method', NULL, NULL, 30, '2024-01-01 00:00:00'),
('a43e643c-7887-58f5-fef6-6cf15bcec6b0', '0aa1de2f-e5f5-9f00-777d-a654a656875b', 'getId', 'Entity method', NULL, NULL, 10, '2024-01-01 00:00:00'),
('7e4725c8-2422-e78b-e8f0-2f7c8b91418c', '0aa1de2f-e5f5-9f00-777d-a654a656875b', 'getName', 'Entity method', NULL, NULL, 20, '2024-01-01 00:00:00'),
('c9e60bae-9b74-945a-ea8c-060138118fe2', '0aa1de2f-e5f5-9f00-777d-a654a656875b', 'validate', 'Entity method', NULL, NULL, 30, '2024-01-01 00:00:00'),
('a826dd16-def4-e1be-5383-dac810c7cf97', '3cfc4639-3cbe-600e-f157-84c3097d2200', 'getId', 'Entity method', NULL, NULL, 10, '2024-01-01 00:00:00'),
('f7aea260-f58a-43f5-fe53-514d52b7476a', '3cfc4639-3cbe-600e-f157-84c3097d2200', 'getName', 'Entity method', NULL, NULL, 20, '2024-01-01 00:00:00'),
('80211a73-d1cb-2967-aa8d-21a5e2a23ff4', '3cfc4639-3cbe-600e-f157-84c3097d2200', 'validate', 'Entity method', NULL, NULL, 30, '2024-01-01 00:00:00'),
('fa0251cf-0c29-813d-e724-1b88d54449d3', '3a60b97c-85ee-4eeb-791d-22578d51687f', 'getId', 'Entity method', NULL, NULL, 10, '2024-01-01 00:00:00'),
('2bd59fe8-8b7a-bf33-8359-1f20eaf5ea84', '3a60b97c-85ee-4eeb-791d-22578d51687f', 'getName', 'Entity method', NULL, NULL, 20, '2024-01-01 00:00:00'),
('6bbc12fb-ca24-67a8-84d4-353923cb0d5d', '3a60b97c-85ee-4eeb-791d-22578d51687f', 'validate', 'Entity method', NULL, NULL, 30, '2024-01-01 00:00:00'),
('b3583dd9-5f97-a8dc-f5ed-a804b88946de', '7e6901fc-077f-f89b-e55c-fbbd2c5eefab', 'getId', 'Entity method', NULL, NULL, 10, '2024-01-01 00:00:00'),
('6682b900-8de7-547d-c3fa-7552b769c7b0', '7e6901fc-077f-f89b-e55c-fbbd2c5eefab', 'getName', 'Entity method', NULL, NULL, 20, '2024-01-01 00:00:00'),
('cba5098d-c3ed-58ee-676c-e271e6765188', '7e6901fc-077f-f89b-e55c-fbbd2c5eefab', 'validate', 'Entity method', NULL, NULL, 30, '2024-01-01 00:00:00'),
('ebf256f1-011a-ac7b-a931-a48f41ac2274', '31a193b6-4733-3217-b7ee-f5dee56ec5ed', 'getId', 'Entity method', NULL, NULL, 10, '2024-01-01 00:00:00'),
('da72c57c-6665-0cd0-8a3d-4db48cada049', '31a193b6-4733-3217-b7ee-f5dee56ec5ed', 'getName', 'Entity method', NULL, NULL, 20, '2024-01-01 00:00:00'),
('90632b6f-5699-d146-c137-c47fc2b6cbe2', '31a193b6-4733-3217-b7ee-f5dee56ec5ed', 'validate', 'Entity method', NULL, NULL, 30, '2024-01-01 00:00:00'),
('e4150882-0617-72a7-d448-f513fe8f80cb', '6577bfe8-9b42-c7e3-3c64-d76dd8b36ebf', 'getId', 'Entity method', NULL, NULL, 10, '2024-01-01 00:00:00'),
('3b90b086-ac00-e2a2-4f32-705733f11590', '6577bfe8-9b42-c7e3-3c64-d76dd8b36ebf', 'getName', 'Entity method', NULL, NULL, 20, '2024-01-01 00:00:00'),
('e3690df8-dc53-a09e-04d9-3ca0a3773be5', '6577bfe8-9b42-c7e3-3c64-d76dd8b36ebf', 'validate', 'Entity method', NULL, NULL, 30, '2024-01-01 00:00:00'),
('5859ce26-ff4a-750b-4011-f5a4c49362f1', '40337e1e-2111-cfeb-7ed6-9356250e54be', 'getId', 'Entity method', NULL, NULL, 10, '2024-01-01 00:00:00'),
('bc1888b0-d310-bc05-7d47-98ee03db1b39', '40337e1e-2111-cfeb-7ed6-9356250e54be', 'getName', 'Entity method', NULL, NULL, 20, '2024-01-01 00:00:00'),
('8a01d806-9e58-af9b-1b3e-445d372bfa32', '40337e1e-2111-cfeb-7ed6-9356250e54be', 'validate', 'Entity method', NULL, NULL, 30, '2024-01-01 00:00:00'),
('79386206-6568-dc24-6fee-7f22925b6cd4', 'fa09e010-4fc5-6500-8ff9-5b11ea39bf83', 'getId', 'Entity method', NULL, NULL, 10, '2024-01-01 00:00:00'),
('e589ceed-3a01-05c9-ac05-65124e19b07b', 'fa09e010-4fc5-6500-8ff9-5b11ea39bf83', 'getName', 'Entity method', NULL, NULL, 20, '2024-01-01 00:00:00'),
('28309d01-6334-b039-fa50-5c9f3cc8dc90', 'fa09e010-4fc5-6500-8ff9-5b11ea39bf83', 'validate', 'Entity method', NULL, NULL, 30, '2024-01-01 00:00:00');

INSERT INTO source_classes (id, project_id, full_class_name, simple_name, package_name, class_type, description, source_file, created_at) VALUES
('f615ca32-19d6-8116-f532-0ea4f0158f10', '0cac1226-b2c3-6e85-6b85-f0221b6c247a', 'co.fanki.project23.controller.Api0Controller', 'Api0Controller', 'co.fanki.project23.controller', 'CONTROLLER', 'REST controller', 'src/co/fanki/project23/controller/Api0Controller.java', '2024-01-01 00:00:00'),
('da1bd227-60c4-ac23-84a8-3e4c6728ec86', '0cac1226-b2c3-6e85-6b85-f0221b6c247a', 'co.fanki.project23.controller.Api1Controller', 'Api1Controller', 'co.fanki.project23.controller', 'CONTROLLER', 'REST controller', 'src/co/fanki/project23/controller/Api1Controller.java', '2024-01-01 00:00:00'),
('1c90a8fb-4c2f-b7f1-229d-fc0023984ad9', '0cac1226-b2c3-6e85-6b85-f0221b6c247a', 'co.fanki.project23.controller.Api2Controller', 'Api2Controller', 'co.fanki.project23.controller', 'CONTROLLER', 'REST controller', 'src/co/fanki/project23/controller/Api2Controller.java', '2024-01-01 00:00:00'),
('854e487d-c332-ab80-ac41-8470e73e3e1d', '0cac1226-b2c3-6e85-6b85-f0221b6c247a', 'co.fanki.project23.controller.Api3Controller', 'Api3Controller', 'co.fanki.project23.controller', 'CONTROLLER', 'REST controller', 'src/co/fanki/project23/controller/Api3Controller.java', '2024-01-01 00:00:00'),
('e2269135-9153-d9df-fed2-82a12f983563', '0cac1226-b2c3-6e85-6b85-f0221b6c247a', 'co.fanki.project23.controller.Api4Controller', 'Api4Controller', 'co.fanki.project23.controller', 'CONTROLLER', 'REST controller', 'src/co/fanki/project23/controller/Api4Controller.java', '2024-01-01 00:00:00'),
('c5f5aba4-a8ca-8350-3e48-2417cd71cec3', '0cac1226-b2c3-6e85-6b85-f0221b6c247a', 'co.fanki.project23.service.Business0Service', 'Business0Service', 'co.fanki.project23.service', 'SERVICE', 'Business service', 'src/co/fanki/project23/service/Business0Service.java', '2024-01-01 00:00:00'),
('ccb73aaf-38cd-f81a-2faf-a34acf3e6e2e', '0cac1226-b2c3-6e85-6b85-f0221b6c247a', 'co.fanki.project23.service.Business1Service', 'Business1Service', 'co.fanki.project23.service', 'SERVICE', 'Business service', 'src/co/fanki/project23/service/Business1Service.java', '2024-01-01 00:00:00'),
('5387ab09-99fe-4b8f-061b-58d1aa031aff', '0cac1226-b2c3-6e85-6b85-f0221b6c247a', 'co.fanki.project23.domain.Entity0', 'Entity0', 'co.fanki.project23.domain', 'ENTITY', 'Domain entity', 'src/co/fanki/project23/domain/Entity0.java', '2024-01-01 00:00:00'),
('50087ece-85b1-4a8b-a68d-57d672cdab0e', '0cac1226-b2c3-6e85-6b85-f0221b6c247a', 'co.fanki.project23.domain.Entity1', 'Entity1', 'co.fanki.project23.domain', 'ENTITY', 'Domain entity', 'src/co/fanki/project23/domain/Entity1.java', '2024-01-01 00:00:00'),
('9e37a552-e433-66f1-c1ab-b09e574e8d2a', '0cac1226-b2c3-6e85-6b85-f0221b6c247a', 'co.fanki.project23.domain.Entity2', 'Entity2', 'co.fanki.project23.domain', 'ENTITY', 'Domain entity', 'src/co/fanki/project23/domain/Entity2.java', '2024-01-01 00:00:00'),
('8b670b87-7e4b-ec49-c8c6-71746fe8322f', '0cac1226-b2c3-6e85-6b85-f0221b6c247a', 'co.fanki.project23.domain.Entity3', 'Entity3', 'co.fanki.project23.domain', 'ENTITY', 'Domain entity', 'src/co/fanki/project23/domain/Entity3.java', '2024-01-01 00:00:00'),
('dab0ef83-5260-b2ea-8dff-9a385bd34dfb', '0cac1226-b2c3-6e85-6b85-f0221b6c247a', 'co.fanki.project23.domain.Entity4', 'Entity4', 'co.fanki.project23.domain', 'ENTITY', 'Domain entity', 'src/co/fanki/project23/domain/Entity4.java', '2024-01-01 00:00:00'),
('a4f3fd1f-49f9-8767-8a1d-a1815ee6abc0', '0cac1226-b2c3-6e85-6b85-f0221b6c247a', 'co.fanki.project23.domain.Entity5', 'Entity5', 'co.fanki.project23.domain', 'ENTITY', 'Domain entity', 'src/co/fanki/project23/domain/Entity5.java', '2024-01-01 00:00:00'),
('c8352d90-d5e5-13b2-0bfe-105e7f508acc', '0cac1226-b2c3-6e85-6b85-f0221b6c247a', 'co.fanki.project23.domain.Entity6', 'Entity6', 'co.fanki.project23.domain', 'ENTITY', 'Domain entity', 'src/co/fanki/project23/domain/Entity6.java', '2024-01-01 00:00:00'),
('b10797f5-768f-b636-6bb6-84c47d7fa776', '0cac1226-b2c3-6e85-6b85-f0221b6c247a', 'co.fanki.project23.domain.Entity7', 'Entity7', 'co.fanki.project23.domain', 'ENTITY', 'Domain entity', 'src/co/fanki/project23/domain/Entity7.java', '2024-01-01 00:00:00'),
('13c1c1c5-c43b-b05b-c437-9a26769e6aa6', '0cac1226-b2c3-6e85-6b85-f0221b6c247a', 'co.fanki.project23.domain.Entity8', 'Entity8', 'co.fanki.project23.domain', 'ENTITY', 'Domain entity', 'src/co/fanki/project23/domain/Entity8.java', '2024-01-01 00:00:00'),
('eed7797c-f74f-4175-62bd-32ec75d256fb', '0cac1226-b2c3-6e85-6b85-f0221b6c247a', 'co.fanki.project23.domain.Entity9', 'Entity9', 'co.fanki.project23.domain', 'ENTITY', 'Domain entity', 'src/co/fanki/project23/domain/Entity9.java', '2024-01-01 00:00:00');

INSERT INTO source_methods (id, class_id, method_name, description, http_method, http_path, line_number, created_at) VALUES
('eddb8bfe-9595-e648-05b2-ccd9fd547836', 'f615ca32-19d6-8116-f532-0ea4f0158f10', 'handle', 'Handles request', 'GET', '/api/v1/resource0', 10, '2024-01-01 00:00:00'),
('b5acf2f0-1ae4-bef9-94ea-5ca9342cb36f', 'da1bd227-60c4-ac23-84a8-3e4c6728ec86', 'handle', 'Handles request', 'GET', '/api/v1/resource1', 10, '2024-01-01 00:00:00'),
('75ffef41-9d73-f688-036d-6c70db3620d4', '1c90a8fb-4c2f-b7f1-229d-fc0023984ad9', 'handle', 'Handles request', 'GET', '/api/v1/resource2', 10, '2024-01-01 00:00:00'),
('1b15d367-a591-764f-908e-734ece5507a1', '854e487d-c332-ab80-ac41-8470e73e3e1d', 'handle', 'Handles request', 'GET', '/api/v1/resource3', 10, '2024-01-01 00:00:00'),
('0975e4cd-7328-a1ef-5ef3-bba715b646c1', 'e2269135-9153-d9df-fed2-82a12f983563', 'handle', 'Handles request', 'GET', '/api/v1/resource4', 10, '2024-01-01 00:00:00'),
('2883cf81-2ab3-02af-4785-16dd098532a8', 'c5f5aba4-a8ca-8350-3e48-2417cd71cec3', 'create', 'Business logic', NULL, NULL, 10, '2024-01-01 00:00:00'),
('7e1980ca-294e-55ab-d3c8-c80529585472', 'c5f5aba4-a8ca-8350-3e48-2417cd71cec3', 'update', 'Business logic', NULL, NULL, 20, '2024-01-01 00:00:00'),
('ffe1cacf-25c5-e744-bba8-e90666f81c7b', 'c5f5aba4-a8ca-8350-3e48-2417cd71cec3', 'delete', 'Business logic', NULL, NULL, 30, '2024-01-01 00:00:00'),
('7ace6141-cf74-aa11-bfe8-150f44e5ff88', 'c5f5aba4-a8ca-8350-3e48-2417cd71cec3', 'find', 'Business logic', NULL, NULL, 40, '2024-01-01 00:00:00'),
('fd4a1e99-8b95-2acd-5681-81930e4ebf9e', 'c5f5aba4-a8ca-8350-3e48-2417cd71cec3', 'process', 'Business logic', NULL, NULL, 50, '2024-01-01 00:00:00'),
('42c26fae-3096-326b-5322-406737809e50', 'ccb73aaf-38cd-f81a-2faf-a34acf3e6e2e', 'create', 'Business logic', NULL, NULL, 10, '2024-01-01 00:00:00'),
('ed8c39cf-8f19-4ab5-e496-d843f63049f9', 'ccb73aaf-38cd-f81a-2faf-a34acf3e6e2e', 'update', 'Business logic', NULL, NULL, 20, '2024-01-01 00:00:00'),
('d8d4381b-9e00-43c9-b676-a98b75b4e04d', 'ccb73aaf-38cd-f81a-2faf-a34acf3e6e2e', 'delete', 'Business logic', NULL, NULL, 30, '2024-01-01 00:00:00'),
('dfb0705a-6e2f-5c81-86c5-67c79f1d4460', 'ccb73aaf-38cd-f81a-2faf-a34acf3e6e2e', 'find', 'Business logic', NULL, NULL, 40, '2024-01-01 00:00:00'),
('04822092-910b-64d3-6d4e-5dd452bb34e9', 'ccb73aaf-38cd-f81a-2faf-a34acf3e6e2e', 'process', 'Business logic', NULL, NULL, 50, '2024-01-01 00:00:00'),
('e1709fd6-9eb1-ad7b-c05a-a3292f2c141a', '5387ab09-99fe-4b8f-061b-58d1aa031aff', 'getId', 'Entity method', NULL, NULL, 10, '2024-01-01 00:00:00'),
('739ce50c-a5d7-f264-2935-9de0fbe1686e', '5387ab09-99fe-4b8f-061b-58d1aa031aff', 'getName', 'Entity method', NULL, NULL, 20, '2024-01-01 00:00:00'),
('7c9befb1-cd52-2a20-4706-f8e3b5639fa2', '5387ab09-99fe-4b8f-061b-58d1aa031aff', 'validate', 'Entity method', NULL, NULL, 30, '2024-01-01 00:00:00'),
('0e15d806-a9fc-937f-db5f-c92e63f035b1', '50087ece-85b1-4a8b-a68d-57d672cdab0e', 'getId', 'Entity method', NULL, NULL, 10, '2024-01-01 00:00:00'),
('226db38d-f026-f0d6-dcc1-a63379901012', '50087ece-85b1-4a8b-a68d-57d672cdab0e', 'getName', 'Entity method', NULL, NULL, 20, '2024-01-01 00:00:00'),
('618cba58-782e-c82f-dd54-439e60d8c4f0', '50087ece-85b1-4a8b-a68d-57d672cdab0e', 'validate', 'Entity method', NULL, NULL, 30, '2024-01-01 00:00:00'),
('229db4d6-1105-dcae-debf-59c2c589ab0c', '9e37a552-e433-66f1-c1ab-b09e574e8d2a', 'getId', 'Entity method', NULL, NULL, 10, '2024-01-01 00:00:00'),
('86dd16ad-7cf1-c471-d291-ba3c1a93470d', '9e37a552-e433-66f1-c1ab-b09e574e8d2a', 'getName', 'Entity method', NULL, NULL, 20, '2024-01-01 00:00:00'),
('728bb22a-2478-8e03-bad4-096a6c637204', '9e37a552-e433-66f1-c1ab-b09e574e8d2a', 'validate', 'Entity method', NULL, NULL, 30, '2024-01-01 00:00:00'),
('47136491-120e-398f-069c-e1cb30f46f0c', '8b670b87-7e4b-ec49-c8c6-71746fe8322f', 'getId', 'Entity method', NULL, NULL, 10, '2024-01-01 00:00:00'),
('d9c26041-e26f-ee60-40f0-ba35fd90580c', '8b670b87-7e4b-ec49-c8c6-71746fe8322f', 'getName', 'Entity method', NULL, NULL, 20, '2024-01-01 00:00:00'),
('8e119b71-5dbc-890b-4447-4748e83734a2', '8b670b87-7e4b-ec49-c8c6-71746fe8322f', 'validate', 'Entity method', NULL, NULL, 30, '2024-01-01 00:00:00'),
('a0fabb3c-2d8b-789f-3f68-220c09595ee0', 'dab0ef83-5260-b2ea-8dff-9a385bd34dfb', 'getId', 'Entity method', NULL, NULL, 10, '2024-01-01 00:00:00'),
('5964e5c9-160f-e921-f8b8-28b988ac8d78', 'dab0ef83-5260-b2ea-8dff-9a385bd34dfb', 'getName', 'Entity method', NULL, NULL, 20, '2024-01-01 00:00:00'),
('f1f744d5-aaa6-ffbe-7018-9c9ef1f341cb', 'dab0ef83-5260-b2ea-8dff-9a385bd34dfb', 'validate', 'Entity method', NULL, NULL, 30, '2024-01-01 00:00:00'),
('ff87671e-3365-b293-46e9-aad566a67ad2', 'a4f3fd1f-49f9-8767-8a1d-a1815ee6abc0', 'getId', 'Entity method', NULL, NULL, 10, '2024-01-01 00:00:00'),
('c745f62a-0af8-485d-a590-64e61da1cc13', 'a4f3fd1f-49f9-8767-8a1d-a1815ee6abc0', 'getName', 'Entity method', NULL, NULL, 20, '2024-01-01 00:00:00'),
('663ae919-373d-0d59-8eb8-6074c4c1b967', 'a4f3fd1f-49f9-8767-8a1d-a1815ee6abc0', 'validate', 'Entity method', NULL, NULL, 30, '2024-01-01 00:00:00'),
('ba9174df-7815-0aa1-178f-8f7fd68b51b3', 'c8352d90-d5e5-13b2-0bfe-105e7f508acc', 'getId', 'Entity method', NULL, NULL, 10, '2024-01-01 00:00:00'),
('a639452f-b1e1-ed70-44a6-254fe8d78d50', 'c8352d90-d5e5-13b2-0bfe-105e7f508acc', 'getName', 'Entity method', NULL, NULL, 20, '2024-01-01 00:00:00'),
('82338dc6-dcb0-2d78-3104-b1d374e87b07', 'c8352d90-d5e5-13b2-0bfe-105e7f508acc', 'validate', 'Entity method', NULL, NULL, 30, '2024-01-01 00:00:00'),
('a4cb1ff7-afee-66eb-8dae-c3fb3b1848d9', 'b10797f5-768f-b636-6bb6-84c47d7fa776', 'getId', 'Entity method', NULL, NULL, 10, '2024-01-01 00:00:00'),
('e7d19d45-6924-9248-7c9d-8c63e28a6ee9', 'b10797f5-768f-b636-6bb6-84c47d7fa776', 'getName', 'Entity method', NULL, NULL, 20, '2024-01-01 00:00:00'),
('d33c4fbb-acf7-64b9-47d5-7b15ddcbf2e8', 'b10797f5-768f-b636-6bb6-84c47d7fa776', 'validate', 'Entity method', NULL, NULL, 30, '2024-01-01 00:00:00'),
('9043a4e4-47d5-425b-1d73-6930a8f93971', '13c1c1c5-c43b-b05b-c437-9a26769e6aa6', 'getId', 'Entity method', NULL, NULL, 10, '2024-01-01 00:00:00'),
('23847e9a-c771-75b0-2a9b-0985537493f0', '13c1c1c5-c43b-b05b-c437-9a26769e6aa6', 'getName', 'Entity method', NULL, NULL, 20, '2024-01-01 00:00:00'),
('f4fc52de-f0c1-5dd4-a0e0-dc50ff8b4d04', '13c1c1c5-c43b-b05b-c437-9a26769e6aa6', 'validate', 'Entity method', NULL, NULL, 30, '2024-01-01 00:00:00'),
('c786883d-983e-da5d-8a9a-fb5fd04e5f63', 'eed7797c-f74f-4175-62bd-32ec75d256fb', 'getId', 'Entity method', NULL, NULL, 10, '2024-01-01 00:00:00'),
('159a3bc8-c0f3-70eb-2792-769ca2f2e94c', 'eed7797c-f74f-4175-62bd-32ec75d256fb', 'getName', 'Entity method', NULL, NULL, 20, '2024-01-01 00:00:00'),
('32f05cb2-5b82-b597-bc95-9e617a5c42be', 'eed7797c-f74f-4175-62bd-32ec75d256fb', 'validate', 'Entity method', NULL, NULL, 30, '2024-01-01 00:00:00');

INSERT INTO source_classes (id, project_id, full_class_name, simple_name, package_name, class_type, description, source_file, created_at) VALUES
('8ac29042-9b45-8151-8e93-b2f9020d25cb', '0afaba01-258f-3b58-4e2e-f378335d39dc', 'co.fanki.project24.controller.Api0Controller', 'Api0Controller', 'co.fanki.project24.controller', 'CONTROLLER', 'REST controller', 'src/co/fanki/project24/controller/Api0Controller.java', '2024-01-01 00:00:00'),
('e9283d1d-3dc6-aa02-60fc-7d18e6f6328b', '0afaba01-258f-3b58-4e2e-f378335d39dc', 'co.fanki.project24.controller.Api1Controller', 'Api1Controller', 'co.fanki.project24.controller', 'CONTROLLER', 'REST controller', 'src/co/fanki/project24/controller/Api1Controller.java', '2024-01-01 00:00:00'),
('32c48922-c12a-ca0e-8abd-253cf0a6aa4c', '0afaba01-258f-3b58-4e2e-f378335d39dc', 'co.fanki.project24.controller.Api2Controller', 'Api2Controller', 'co.fanki.project24.controller', 'CONTROLLER', 'REST controller', 'src/co/fanki/project24/controller/Api2Controller.java', '2024-01-01 00:00:00'),
('719c99d3-611b-027b-b5c9-89800e09b2c2', '0afaba01-258f-3b58-4e2e-f378335d39dc', 'co.fanki.project24.controller.Api3Controller', 'Api3Controller', 'co.fanki.project24.controller', 'CONTROLLER', 'REST controller', 'src/co/fanki/project24/controller/Api3Controller.java', '2024-01-01 00:00:00'),
('79a99bba-7d75-1ecc-ad6a-8f94a7c34408', '0afaba01-258f-3b58-4e2e-f378335d39dc', 'co.fanki.project24.controller.Api4Controller', 'Api4Controller', 'co.fanki.project24.controller', 'CONTROLLER', 'REST controller', 'src/co/fanki/project24/controller/Api4Controller.java', '2024-01-01 00:00:00'),
('c9e28ddf-9e62-6f5b-ca32-67850b166939', '0afaba01-258f-3b58-4e2e-f378335d39dc', 'co.fanki.project24.service.Business0Service', 'Business0Service', 'co.fanki.project24.service', 'SERVICE', 'Business service', 'src/co/fanki/project24/service/Business0Service.java', '2024-01-01 00:00:00'),
('58d70ace-921e-bc7e-ecb8-6587ce00bd66', '0afaba01-258f-3b58-4e2e-f378335d39dc', 'co.fanki.project24.service.Business1Service', 'Business1Service', 'co.fanki.project24.service', 'SERVICE', 'Business service', 'src/co/fanki/project24/service/Business1Service.java', '2024-01-01 00:00:00'),
('2fbde04d-ff4b-3b74-74e0-d5cf7af0b758', '0afaba01-258f-3b58-4e2e-f378335d39dc', 'co.fanki.project24.domain.Entity0', 'Entity0', 'co.fanki.project24.domain', 'ENTITY', 'Domain entity', 'src/co/fanki/project24/domain/Entity0.java', '2024-01-01 00:00:00'),
('bd71bd3a-b623-419f-fce6-e363a7239888', '0afaba01-258f-3b58-4e2e-f378335d39dc', 'co.fanki.project24.domain.Entity1', 'Entity1', 'co.fanki.project24.domain', 'ENTITY', 'Domain entity', 'src/co/fanki/project24/domain/Entity1.java', '2024-01-01 00:00:00'),
('93ee7a64-90e0-67c4-aaff-09288893717e', '0afaba01-258f-3b58-4e2e-f378335d39dc', 'co.fanki.project24.domain.Entity2', 'Entity2', 'co.fanki.project24.domain', 'ENTITY', 'Domain entity', 'src/co/fanki/project24/domain/Entity2.java', '2024-01-01 00:00:00'),
('4a178164-9020-f5d1-776c-fd60eb7c85ad', '0afaba01-258f-3b58-4e2e-f378335d39dc', 'co.fanki.project24.domain.Entity3', 'Entity3', 'co.fanki.project24.domain', 'ENTITY', 'Domain entity', 'src/co/fanki/project24/domain/Entity3.java', '2024-01-01 00:00:00'),
('31ea0275-ffde-997e-2ebc-75e1b6dd56b7', '0afaba01-258f-3b58-4e2e-f378335d39dc', 'co.fanki.project24.domain.Entity4', 'Entity4', 'co.fanki.project24.domain', 'ENTITY', 'Domain entity', 'src/co/fanki/project24/domain/Entity4.java', '2024-01-01 00:00:00'),
('4c6891ee-6ab8-4fea-4c85-d1c3405d75a0', '0afaba01-258f-3b58-4e2e-f378335d39dc', 'co.fanki.project24.domain.Entity5', 'Entity5', 'co.fanki.project24.domain', 'ENTITY', 'Domain entity', 'src/co/fanki/project24/domain/Entity5.java', '2024-01-01 00:00:00'),
('5b513161-3e1c-64ba-b64f-bbd876dfae0a', '0afaba01-258f-3b58-4e2e-f378335d39dc', 'co.fanki.project24.domain.Entity6', 'Entity6', 'co.fanki.project24.domain', 'ENTITY', 'Domain entity', 'src/co/fanki/project24/domain/Entity6.java', '2024-01-01 00:00:00'),
('09f48dd2-5728-13fa-6e19-03236d25ac0d', '0afaba01-258f-3b58-4e2e-f378335d39dc', 'co.fanki.project24.domain.Entity7', 'Entity7', 'co.fanki.project24.domain', 'ENTITY', 'Domain entity', 'src/co/fanki/project24/domain/Entity7.java', '2024-01-01 00:00:00'),
('83de2e1e-64e8-3153-8566-2cd348d52cc3', '0afaba01-258f-3b58-4e2e-f378335d39dc', 'co.fanki.project24.domain.Entity8', 'Entity8', 'co.fanki.project24.domain', 'ENTITY', 'Domain entity', 'src/co/fanki/project24/domain/Entity8.java', '2024-01-01 00:00:00'),
('050ea670-4d7e-6241-8b70-9a3a73b6631f', '0afaba01-258f-3b58-4e2e-f378335d39dc', 'co.fanki.project24.domain.Entity9', 'Entity9', 'co.fanki.project24.domain', 'ENTITY', 'Domain entity', 'src/co/fanki/project24/domain/Entity9.java', '2024-01-01 00:00:00');

INSERT INTO source_methods (id, class_id, method_name, description, http_method, http_path, line_number, created_at) VALUES
('4adcdef4-c4e6-0757-a2c1-a33cf403bcf4', '8ac29042-9b45-8151-8e93-b2f9020d25cb', 'handle', 'Handles request', 'GET', '/api/v1/resource0', 10, '2024-01-01 00:00:00'),
('1e7628c1-804d-ed15-483e-a6323092622c', 'e9283d1d-3dc6-aa02-60fc-7d18e6f6328b', 'handle', 'Handles request', 'GET', '/api/v1/resource1', 10, '2024-01-01 00:00:00'),
('5f5e7236-cf6e-4068-63fb-6cc72e294d6f', '32c48922-c12a-ca0e-8abd-253cf0a6aa4c', 'handle', 'Handles request', 'GET', '/api/v1/resource2', 10, '2024-01-01 00:00:00'),
('a38169e8-8be0-5728-3ac8-8b53de39084b', '719c99d3-611b-027b-b5c9-89800e09b2c2', 'handle', 'Handles request', 'GET', '/api/v1/resource3', 10, '2024-01-01 00:00:00'),
('aac447cf-7d37-c090-182d-283e9da959a1', '79a99bba-7d75-1ecc-ad6a-8f94a7c34408', 'handle', 'Handles request', 'GET', '/api/v1/resource4', 10, '2024-01-01 00:00:00'),
('248d623c-db22-629f-4d37-e597a67b1b72', 'c9e28ddf-9e62-6f5b-ca32-67850b166939', 'create', 'Business logic', NULL, NULL, 10, '2024-01-01 00:00:00'),
('367eb6a9-7dac-febb-5766-2cccbef381b5', 'c9e28ddf-9e62-6f5b-ca32-67850b166939', 'update', 'Business logic', NULL, NULL, 20, '2024-01-01 00:00:00'),
('0843b7ff-50a2-ead8-98e2-22836e1d5078', 'c9e28ddf-9e62-6f5b-ca32-67850b166939', 'delete', 'Business logic', NULL, NULL, 30, '2024-01-01 00:00:00'),
('70c96d33-bdcf-4675-df38-1a6815e77154', 'c9e28ddf-9e62-6f5b-ca32-67850b166939', 'find', 'Business logic', NULL, NULL, 40, '2024-01-01 00:00:00'),
('0abc95d8-30bb-2a5b-184e-b7e653c33e87', 'c9e28ddf-9e62-6f5b-ca32-67850b166939', 'process', 'Business logic', NULL, NULL, 50, '2024-01-01 00:00:00'),
('d3f3d828-e719-d80f-9f46-755c27450507', '58d70ace-921e-bc7e-ecb8-6587ce00bd66', 'create', 'Business logic', NULL, NULL, 10, '2024-01-01 00:00:00'),
('aebc6db9-6134-85de-cf93-e60a6f3316a3', '58d70ace-921e-bc7e-ecb8-6587ce00bd66', 'update', 'Business logic', NULL, NULL, 20, '2024-01-01 00:00:00'),
('453b8fa0-647c-67be-cdf6-3359c642e91a', '58d70ace-921e-bc7e-ecb8-6587ce00bd66', 'delete', 'Business logic', NULL, NULL, 30, '2024-01-01 00:00:00'),
('23c768cc-bd8d-59f5-8bb2-9cdcb69476aa', '58d70ace-921e-bc7e-ecb8-6587ce00bd66', 'find', 'Business logic', NULL, NULL, 40, '2024-01-01 00:00:00'),
('92560a9d-6b40-74ad-11e3-105e9b4e5f70', '58d70ace-921e-bc7e-ecb8-6587ce00bd66', 'process', 'Business logic', NULL, NULL, 50, '2024-01-01 00:00:00'),
('a320723f-eff5-e2d5-25bb-cac6ed3cafb1', '2fbde04d-ff4b-3b74-74e0-d5cf7af0b758', 'getId', 'Entity method', NULL, NULL, 10, '2024-01-01 00:00:00'),
('23f1c19f-9e23-4fc0-750d-0f905e744f1c', '2fbde04d-ff4b-3b74-74e0-d5cf7af0b758', 'getName', 'Entity method', NULL, NULL, 20, '2024-01-01 00:00:00'),
('9066803b-71df-cb44-b646-0005a4cfa373', '2fbde04d-ff4b-3b74-74e0-d5cf7af0b758', 'validate', 'Entity method', NULL, NULL, 30, '2024-01-01 00:00:00'),
('1fd051f6-5554-6db5-7050-559da09d70ec', 'bd71bd3a-b623-419f-fce6-e363a7239888', 'getId', 'Entity method', NULL, NULL, 10, '2024-01-01 00:00:00'),
('45690f33-96b9-8173-9a0a-8ea633e4b3c8', 'bd71bd3a-b623-419f-fce6-e363a7239888', 'getName', 'Entity method', NULL, NULL, 20, '2024-01-01 00:00:00'),
('926137be-b11d-2c90-433a-7cab355e2eff', 'bd71bd3a-b623-419f-fce6-e363a7239888', 'validate', 'Entity method', NULL, NULL, 30, '2024-01-01 00:00:00'),
('d0bbfae0-93c1-f1e6-c01a-1dd16b1fd752', '93ee7a64-90e0-67c4-aaff-09288893717e', 'getId', 'Entity method', NULL, NULL, 10, '2024-01-01 00:00:00'),
('2c7a3a6d-df3c-2218-e511-930b35f4a1a5', '93ee7a64-90e0-67c4-aaff-09288893717e', 'getName', 'Entity method', NULL, NULL, 20, '2024-01-01 00:00:00'),
('beee4d21-a93e-41b6-a0a8-436d23c09347', '93ee7a64-90e0-67c4-aaff-09288893717e', 'validate', 'Entity method', NULL, NULL, 30, '2024-01-01 00:00:00'),
('c675e6a1-344d-d4e7-8e22-cb67f78bb8c8', '4a178164-9020-f5d1-776c-fd60eb7c85ad', 'getId', 'Entity method', NULL, NULL, 10, '2024-01-01 00:00:00'),
('40929d27-87f9-7ccb-d0c2-e19eb838cd6b', '4a178164-9020-f5d1-776c-fd60eb7c85ad', 'getName', 'Entity method', NULL, NULL, 20, '2024-01-01 00:00:00'),
('abc9f37d-2d22-f796-f47f-c19d349312df', '4a178164-9020-f5d1-776c-fd60eb7c85ad', 'validate', 'Entity method', NULL, NULL, 30, '2024-01-01 00:00:00'),
('3b094776-52fe-efb8-6fac-72a929156ac1', '31ea0275-ffde-997e-2ebc-75e1b6dd56b7', 'getId', 'Entity method', NULL, NULL, 10, '2024-01-01 00:00:00'),
('0f86c283-6b75-4f81-2435-6860e1acfb56', '31ea0275-ffde-997e-2ebc-75e1b6dd56b7', 'getName', 'Entity method', NULL, NULL, 20, '2024-01-01 00:00:00'),
('06870066-3a18-48a9-e309-a9bb51d65470', '31ea0275-ffde-997e-2ebc-75e1b6dd56b7', 'validate', 'Entity method', NULL, NULL, 30, '2024-01-01 00:00:00'),
('b62c5764-4063-0bb8-969b-7bee1aa181e2', '4c6891ee-6ab8-4fea-4c85-d1c3405d75a0', 'getId', 'Entity method', NULL, NULL, 10, '2024-01-01 00:00:00'),
('c790de07-eda3-f0b1-029b-e226179aee81', '4c6891ee-6ab8-4fea-4c85-d1c3405d75a0', 'getName', 'Entity method', NULL, NULL, 20, '2024-01-01 00:00:00'),
('8a0e0b2d-cab8-b838-f0b1-65dc6a3c6508', '4c6891ee-6ab8-4fea-4c85-d1c3405d75a0', 'validate', 'Entity method', NULL, NULL, 30, '2024-01-01 00:00:00'),
('a7997751-534f-8b38-d2e4-c578ad068971', '5b513161-3e1c-64ba-b64f-bbd876dfae0a', 'getId', 'Entity method', NULL, NULL, 10, '2024-01-01 00:00:00'),
('aae33641-b6ed-e0a2-ca9e-19d6dbcf1268', '5b513161-3e1c-64ba-b64f-bbd876dfae0a', 'getName', 'Entity method', NULL, NULL, 20, '2024-01-01 00:00:00'),
('71cc1e52-e411-9c82-c27e-926b6100fcc0', '5b513161-3e1c-64ba-b64f-bbd876dfae0a', 'validate', 'Entity method', NULL, NULL, 30, '2024-01-01 00:00:00'),
('9745b3c2-7a99-bcb4-874e-41ef2642a0fe', '09f48dd2-5728-13fa-6e19-03236d25ac0d', 'getId', 'Entity method', NULL, NULL, 10, '2024-01-01 00:00:00'),
('9aaa9114-2c83-25cd-f0e5-4c7a64eae9c9', '09f48dd2-5728-13fa-6e19-03236d25ac0d', 'getName', 'Entity method', NULL, NULL, 20, '2024-01-01 00:00:00'),
('77468381-968e-ae31-c99c-41dc75eb4dcf', '09f48dd2-5728-13fa-6e19-03236d25ac0d', 'validate', 'Entity method', NULL, NULL, 30, '2024-01-01 00:00:00'),
('bb03e9ee-1dca-66ff-7ee2-a5b44ab4c3a1', '83de2e1e-64e8-3153-8566-2cd348d52cc3', 'getId', 'Entity method', NULL, NULL, 10, '2024-01-01 00:00:00'),
('17f824d9-e744-8ccb-b6ba-dcd31b726bc2', '83de2e1e-64e8-3153-8566-2cd348d52cc3', 'getName', 'Entity method', NULL, NULL, 20, '2024-01-01 00:00:00'),
('dbc79e6e-4024-707b-a29e-639e4128c27b', '83de2e1e-64e8-3153-8566-2cd348d52cc3', 'validate', 'Entity method', NULL, NULL, 30, '2024-01-01 00:00:00'),
('46b49025-1367-be55-84f6-2619d08ee2e5', '050ea670-4d7e-6241-8b70-9a3a73b6631f', 'getId', 'Entity method', NULL, NULL, 10, '2024-01-01 00:00:00'),
('a06e2c5e-ad39-9151-4970-d1e4a81ab069', '050ea670-4d7e-6241-8b70-9a3a73b6631f', 'getName', 'Entity method', NULL, NULL, 20, '2024-01-01 00:00:00'),
('1e8c5411-155f-66ab-c4ee-9795efc4ab87', '050ea670-4d7e-6241-8b70-9a3a73b6631f', 'validate', 'Entity method', NULL, NULL, 30, '2024-01-01 00:00:00');

INSERT INTO source_classes (id, project_id, full_class_name, simple_name, package_name, class_type, description, source_file, created_at) VALUES
('0c943a49-8e27-22ba-24f3-30a1cdb05bd5', 'f9cbd812-eabd-674e-9743-cd5c8486deb4', 'co.fanki.project25.controller.Api0Controller', 'Api0Controller', 'co.fanki.project25.controller', 'CONTROLLER', 'REST controller', 'src/co/fanki/project25/controller/Api0Controller.java', '2024-01-01 00:00:00'),
('468beffe-bfb8-b192-dcca-b1edd138cceb', 'f9cbd812-eabd-674e-9743-cd5c8486deb4', 'co.fanki.project25.controller.Api1Controller', 'Api1Controller', 'co.fanki.project25.controller', 'CONTROLLER', 'REST controller', 'src/co/fanki/project25/controller/Api1Controller.java', '2024-01-01 00:00:00'),
('40d57b21-8197-5550-6ab8-f0efa7eab93f', 'f9cbd812-eabd-674e-9743-cd5c8486deb4', 'co.fanki.project25.controller.Api2Controller', 'Api2Controller', 'co.fanki.project25.controller', 'CONTROLLER', 'REST controller', 'src/co/fanki/project25/controller/Api2Controller.java', '2024-01-01 00:00:00'),
('62883690-6c3e-c059-09e2-27ff89008e5b', 'f9cbd812-eabd-674e-9743-cd5c8486deb4', 'co.fanki.project25.controller.Api3Controller', 'Api3Controller', 'co.fanki.project25.controller', 'CONTROLLER', 'REST controller', 'src/co/fanki/project25/controller/Api3Controller.java', '2024-01-01 00:00:00'),
('7c821c34-d6b3-4976-a1be-78996713bd71', 'f9cbd812-eabd-674e-9743-cd5c8486deb4', 'co.fanki.project25.controller.Api4Controller', 'Api4Controller', 'co.fanki.project25.controller', 'CONTROLLER', 'REST controller', 'src/co/fanki/project25/controller/Api4Controller.java', '2024-01-01 00:00:00'),
('5d875c0a-412e-5666-4297-385bb7693bd7', 'f9cbd812-eabd-674e-9743-cd5c8486deb4', 'co.fanki.project25.service.Business0Service', 'Business0Service', 'co.fanki.project25.service', 'SERVICE', 'Business service', 'src/co/fanki/project25/service/Business0Service.java', '2024-01-01 00:00:00'),
('b11520f2-f7c4-4b8c-04a2-0b1f87653646', 'f9cbd812-eabd-674e-9743-cd5c8486deb4', 'co.fanki.project25.service.Business1Service', 'Business1Service', 'co.fanki.project25.service', 'SERVICE', 'Business service', 'src/co/fanki/project25/service/Business1Service.java', '2024-01-01 00:00:00'),
('957862c2-8af7-8893-218a-299b732b4d80', 'f9cbd812-eabd-674e-9743-cd5c8486deb4', 'co.fanki.project25.domain.Entity0', 'Entity0', 'co.fanki.project25.domain', 'ENTITY', 'Domain entity', 'src/co/fanki/project25/domain/Entity0.java', '2024-01-01 00:00:00'),
('5b9501d2-1335-8d4c-7e99-1d120d453a61', 'f9cbd812-eabd-674e-9743-cd5c8486deb4', 'co.fanki.project25.domain.Entity1', 'Entity1', 'co.fanki.project25.domain', 'ENTITY', 'Domain entity', 'src/co/fanki/project25/domain/Entity1.java', '2024-01-01 00:00:00'),
('8fcd597f-bd5b-5cc0-b81a-e713096d5bac', 'f9cbd812-eabd-674e-9743-cd5c8486deb4', 'co.fanki.project25.domain.Entity2', 'Entity2', 'co.fanki.project25.domain', 'ENTITY', 'Domain entity', 'src/co/fanki/project25/domain/Entity2.java', '2024-01-01 00:00:00'),
('a51e1812-37b6-050f-b013-f05a7c99baa9', 'f9cbd812-eabd-674e-9743-cd5c8486deb4', 'co.fanki.project25.domain.Entity3', 'Entity3', 'co.fanki.project25.domain', 'ENTITY', 'Domain entity', 'src/co/fanki/project25/domain/Entity3.java', '2024-01-01 00:00:00'),
('cca4831f-84ea-9346-14e1-89180c13b7f0', 'f9cbd812-eabd-674e-9743-cd5c8486deb4', 'co.fanki.project25.domain.Entity4', 'Entity4', 'co.fanki.project25.domain', 'ENTITY', 'Domain entity', 'src/co/fanki/project25/domain/Entity4.java', '2024-01-01 00:00:00'),
('86da68fd-135c-d28c-261c-a08a3e936c20', 'f9cbd812-eabd-674e-9743-cd5c8486deb4', 'co.fanki.project25.domain.Entity5', 'Entity5', 'co.fanki.project25.domain', 'ENTITY', 'Domain entity', 'src/co/fanki/project25/domain/Entity5.java', '2024-01-01 00:00:00'),
('9e4457a2-2b58-0f53-256b-8296c68aa8c4', 'f9cbd812-eabd-674e-9743-cd5c8486deb4', 'co.fanki.project25.domain.Entity6', 'Entity6', 'co.fanki.project25.domain', 'ENTITY', 'Domain entity', 'src/co/fanki/project25/domain/Entity6.java', '2024-01-01 00:00:00'),
('4e6e72cf-cd9b-653d-e8a5-072d886234f3', 'f9cbd812-eabd-674e-9743-cd5c8486deb4', 'co.fanki.project25.domain.Entity7', 'Entity7', 'co.fanki.project25.domain', 'ENTITY', 'Domain entity', 'src/co/fanki/project25/domain/Entity7.java', '2024-01-01 00:00:00'),
('67af9297-5466-3ef5-9b44-c8bd536d5e26', 'f9cbd812-eabd-674e-9743-cd5c8486deb4', 'co.fanki.project25.domain.Entity8', 'Entity8', 'co.fanki.project25.domain', 'ENTITY', 'Domain entity', 'src/co/fanki/project25/domain/Entity8.java', '2024-01-01 00:00:00'),
('3288b853-44aa-64c4-1172-3dbac80f756a', 'f9cbd812-eabd-674e-9743-cd5c8486deb4', 'co.fanki.project25.domain.Entity9', 'Entity9', 'co.fanki.project25.domain', 'ENTITY', 'Domain entity', 'src/co/fanki/project25/domain/Entity9.java', '2024-01-01 00:00:00');

INSERT INTO source_methods (id, class_id, method_name, description, http_method, http_path, line_number, created_at) VALUES
('fc9df005-31ce-6fca-f681-8d177afbb97c', '0c943a49-8e27-22ba-24f3-30a1cdb05bd5', 'handle', 'Handles request', 'GET', '/api/v1/resource0', 10, '2024-01-01 00:00:00'),
('f74d0cdd-8cf8-6fd4-c443-5651a9a6c703', '468beffe-bfb8-b192-dcca-b1edd138cceb', 'handle', 'Handles request', 'GET', '/api/v1/resource1', 10, '2024-01-01 00:00:00'),
('2ce378bc-c850-6a26-51ef-e5e77d9e0928', '40d57b21-8197-5550-6ab8-f0efa7eab93f', 'handle', 'Handles request', 'GET', '/api/v1/resource2', 10, '2024-01-01 00:00:00'),
('a4c66177-d1fc-ea36-1acf-b5c34b53459d', '62883690-6c3e-c059-09e2-27ff89008e5b', 'handle', 'Handles request', 'GET', '/api/v1/resource3', 10, '2024-01-01 00:00:00'),
('2c983ee0-2d8d-3604-066c-4182d008900b', '7c821c34-d6b3-4976-a1be-78996713bd71', 'handle', 'Handles request', 'GET', '/api/v1/resource4', 10, '2024-01-01 00:00:00'),
('7a975426-c0bd-4c45-fabb-ce9f4e45e1d2', '5d875c0a-412e-5666-4297-385bb7693bd7', 'create', 'Business logic', NULL, NULL, 10, '2024-01-01 00:00:00'),
('629757b7-de06-0419-657e-36431db65e8f', '5d875c0a-412e-5666-4297-385bb7693bd7', 'update', 'Business logic', NULL, NULL, 20, '2024-01-01 00:00:00'),
('a605dcec-af39-5942-4006-42a40f93a2c5', '5d875c0a-412e-5666-4297-385bb7693bd7', 'delete', 'Business logic', NULL, NULL, 30, '2024-01-01 00:00:00'),
('a4dd48c8-30d4-c989-f349-f68aee355e39', '5d875c0a-412e-5666-4297-385bb7693bd7', 'find', 'Business logic', NULL, NULL, 40, '2024-01-01 00:00:00'),
('28eabba9-70c0-4cbe-4b95-9f8093423017', '5d875c0a-412e-5666-4297-385bb7693bd7', 'process', 'Business logic', NULL, NULL, 50, '2024-01-01 00:00:00'),
('6b09acac-d1eb-1627-29f8-2c9332b8c2af', 'b11520f2-f7c4-4b8c-04a2-0b1f87653646', 'create', 'Business logic', NULL, NULL, 10, '2024-01-01 00:00:00'),
('554f5b9b-2c94-362b-e443-1051eb3815e1', 'b11520f2-f7c4-4b8c-04a2-0b1f87653646', 'update', 'Business logic', NULL, NULL, 20, '2024-01-01 00:00:00'),
('01406645-f20f-6fd6-bc2c-ce3587127468', 'b11520f2-f7c4-4b8c-04a2-0b1f87653646', 'delete', 'Business logic', NULL, NULL, 30, '2024-01-01 00:00:00'),
('1cce2f99-034c-f4d2-0486-4f6f9e75f3f3', 'b11520f2-f7c4-4b8c-04a2-0b1f87653646', 'find', 'Business logic', NULL, NULL, 40, '2024-01-01 00:00:00'),
('2fd3f7df-ceaa-f277-48e9-f0e9a88e9b93', 'b11520f2-f7c4-4b8c-04a2-0b1f87653646', 'process', 'Business logic', NULL, NULL, 50, '2024-01-01 00:00:00'),
('52fc2ae3-0ca3-2710-7447-ffad1e3727dd', '957862c2-8af7-8893-218a-299b732b4d80', 'getId', 'Entity method', NULL, NULL, 10, '2024-01-01 00:00:00'),
('6f113753-0ec8-db91-daa1-4664a9ab2a47', '957862c2-8af7-8893-218a-299b732b4d80', 'getName', 'Entity method', NULL, NULL, 20, '2024-01-01 00:00:00'),
('bdce9298-817d-8a8b-53b8-cb5f9ff741cf', '957862c2-8af7-8893-218a-299b732b4d80', 'validate', 'Entity method', NULL, NULL, 30, '2024-01-01 00:00:00'),
('d3e30ebd-91f6-e3b1-41ca-37c12b6669d8', '5b9501d2-1335-8d4c-7e99-1d120d453a61', 'getId', 'Entity method', NULL, NULL, 10, '2024-01-01 00:00:00'),
('7150d1bf-1e19-9299-742a-551df843ca38', '5b9501d2-1335-8d4c-7e99-1d120d453a61', 'getName', 'Entity method', NULL, NULL, 20, '2024-01-01 00:00:00'),
('a487a0ac-fcd4-1ba8-b5fd-10d07165d918', '5b9501d2-1335-8d4c-7e99-1d120d453a61', 'validate', 'Entity method', NULL, NULL, 30, '2024-01-01 00:00:00'),
('833a5f43-714a-8e01-8406-2256d4921810', '8fcd597f-bd5b-5cc0-b81a-e713096d5bac', 'getId', 'Entity method', NULL, NULL, 10, '2024-01-01 00:00:00'),
('9cb38c62-7aa9-0e40-4ee8-49ec4dbc8a96', '8fcd597f-bd5b-5cc0-b81a-e713096d5bac', 'getName', 'Entity method', NULL, NULL, 20, '2024-01-01 00:00:00'),
('3c4d65db-2585-b64b-5215-3bfc5ec7a0eb', '8fcd597f-bd5b-5cc0-b81a-e713096d5bac', 'validate', 'Entity method', NULL, NULL, 30, '2024-01-01 00:00:00'),
('23f10f01-fe39-02b0-5d05-23ec8987f932', 'a51e1812-37b6-050f-b013-f05a7c99baa9', 'getId', 'Entity method', NULL, NULL, 10, '2024-01-01 00:00:00'),
('86bcece0-d03a-13df-dd72-e51f52a7fb24', 'a51e1812-37b6-050f-b013-f05a7c99baa9', 'getName', 'Entity method', NULL, NULL, 20, '2024-01-01 00:00:00'),
('06e64f0b-2489-bb8b-f317-b1e4d20c6b9b', 'a51e1812-37b6-050f-b013-f05a7c99baa9', 'validate', 'Entity method', NULL, NULL, 30, '2024-01-01 00:00:00'),
('2ec0eae5-cba4-c19e-19d8-325803e99d73', 'cca4831f-84ea-9346-14e1-89180c13b7f0', 'getId', 'Entity method', NULL, NULL, 10, '2024-01-01 00:00:00'),
('e2e1e000-02e0-1667-db48-16c7de40921c', 'cca4831f-84ea-9346-14e1-89180c13b7f0', 'getName', 'Entity method', NULL, NULL, 20, '2024-01-01 00:00:00'),
('a80b712b-415c-1fd7-d44a-a72039d9f32f', 'cca4831f-84ea-9346-14e1-89180c13b7f0', 'validate', 'Entity method', NULL, NULL, 30, '2024-01-01 00:00:00'),
('0993d9c1-5c58-3b78-368f-1c66922edca7', '86da68fd-135c-d28c-261c-a08a3e936c20', 'getId', 'Entity method', NULL, NULL, 10, '2024-01-01 00:00:00'),
('85ad1140-f7d3-08c4-042a-af686f737911', '86da68fd-135c-d28c-261c-a08a3e936c20', 'getName', 'Entity method', NULL, NULL, 20, '2024-01-01 00:00:00'),
('94402f85-77f0-2670-e43d-42097b61041d', '86da68fd-135c-d28c-261c-a08a3e936c20', 'validate', 'Entity method', NULL, NULL, 30, '2024-01-01 00:00:00'),
('f05e4763-7cc0-3bbb-c97e-d28a7c04f548', '9e4457a2-2b58-0f53-256b-8296c68aa8c4', 'getId', 'Entity method', NULL, NULL, 10, '2024-01-01 00:00:00'),
('57638796-0b5d-1045-6ab3-5f3aac4c9a28', '9e4457a2-2b58-0f53-256b-8296c68aa8c4', 'getName', 'Entity method', NULL, NULL, 20, '2024-01-01 00:00:00'),
('70e85b38-9d27-c5cc-b5fb-e664f4a5bec2', '9e4457a2-2b58-0f53-256b-8296c68aa8c4', 'validate', 'Entity method', NULL, NULL, 30, '2024-01-01 00:00:00'),
('d35b8b38-5e1b-dc87-ddf9-3774e396c4f1', '4e6e72cf-cd9b-653d-e8a5-072d886234f3', 'getId', 'Entity method', NULL, NULL, 10, '2024-01-01 00:00:00'),
('7910cec1-8b6e-0e80-dd3c-a588c04dcdaa', '4e6e72cf-cd9b-653d-e8a5-072d886234f3', 'getName', 'Entity method', NULL, NULL, 20, '2024-01-01 00:00:00'),
('1417b3eb-5106-84fd-8886-d94b76249f02', '4e6e72cf-cd9b-653d-e8a5-072d886234f3', 'validate', 'Entity method', NULL, NULL, 30, '2024-01-01 00:00:00'),
('a4bd926a-b5ba-0b36-5335-c608a235d5ff', '67af9297-5466-3ef5-9b44-c8bd536d5e26', 'getId', 'Entity method', NULL, NULL, 10, '2024-01-01 00:00:00'),
('9315ff2c-73aa-2da6-34ae-65e3481fdb4f', '67af9297-5466-3ef5-9b44-c8bd536d5e26', 'getName', 'Entity method', NULL, NULL, 20, '2024-01-01 00:00:00'),
('b05b0b2b-d54b-1fe7-d146-59e92935b0a2', '67af9297-5466-3ef5-9b44-c8bd536d5e26', 'validate', 'Entity method', NULL, NULL, 30, '2024-01-01 00:00:00'),
('344d2de9-0801-9076-4216-825c576fe86e', '3288b853-44aa-64c4-1172-3dbac80f756a', 'getId', 'Entity method', NULL, NULL, 10, '2024-01-01 00:00:00'),
('3c09be2e-6c1c-f922-0279-b674bc6929fc', '3288b853-44aa-64c4-1172-3dbac80f756a', 'getName', 'Entity method', NULL, NULL, 20, '2024-01-01 00:00:00'),
('9c5bfe63-0bd8-b68f-e483-f0a34698a400', '3288b853-44aa-64c4-1172-3dbac80f756a', 'validate', 'Entity method', NULL, NULL, 30, '2024-01-01 00:00:00');

INSERT INTO source_classes (id, project_id, full_class_name, simple_name, package_name, class_type, description, source_file, created_at) VALUES
('96f0b2df-a6d1-6784-3a56-4032331ed2f4', '7fef18b2-8b28-b6cb-9fa2-9c261dd0ca51', 'co.fanki.project26.controller.Api0Controller', 'Api0Controller', 'co.fanki.project26.controller', 'CONTROLLER', 'REST controller', 'src/co/fanki/project26/controller/Api0Controller.java', '2024-01-01 00:00:00'),
('f7ae416d-91fc-9f31-a860-39747f644374', '7fef18b2-8b28-b6cb-9fa2-9c261dd0ca51', 'co.fanki.project26.controller.Api1Controller', 'Api1Controller', 'co.fanki.project26.controller', 'CONTROLLER', 'REST controller', 'src/co/fanki/project26/controller/Api1Controller.java', '2024-01-01 00:00:00'),
('8d8bb84e-fc68-543b-c17c-d552060fe809', '7fef18b2-8b28-b6cb-9fa2-9c261dd0ca51', 'co.fanki.project26.controller.Api2Controller', 'Api2Controller', 'co.fanki.project26.controller', 'CONTROLLER', 'REST controller', 'src/co/fanki/project26/controller/Api2Controller.java', '2024-01-01 00:00:00'),
('af26aa19-70ec-1656-d705-7f1b2e45a90f', '7fef18b2-8b28-b6cb-9fa2-9c261dd0ca51', 'co.fanki.project26.controller.Api3Controller', 'Api3Controller', 'co.fanki.project26.controller', 'CONTROLLER', 'REST controller', 'src/co/fanki/project26/controller/Api3Controller.java', '2024-01-01 00:00:00'),
('6d1ee052-895c-0068-5e1b-2e7f04729925', '7fef18b2-8b28-b6cb-9fa2-9c261dd0ca51', 'co.fanki.project26.controller.Api4Controller', 'Api4Controller', 'co.fanki.project26.controller', 'CONTROLLER', 'REST controller', 'src/co/fanki/project26/controller/Api4Controller.java', '2024-01-01 00:00:00'),
('ecaa8eea-f4fa-b8d8-f41d-09f6cfad206e', '7fef18b2-8b28-b6cb-9fa2-9c261dd0ca51', 'co.fanki.project26.service.Business0Service', 'Business0Service', 'co.fanki.project26.service', 'SERVICE', 'Business service', 'src/co/fanki/project26/service/Business0Service.java', '2024-01-01 00:00:00'),
('8b5b5fad-7fe0-f0ed-a732-d60b48be9bee', '7fef18b2-8b28-b6cb-9fa2-9c261dd0ca51', 'co.fanki.project26.service.Business1Service', 'Business1Service', 'co.fanki.project26.service', 'SERVICE', 'Business service', 'src/co/fanki/project26/service/Business1Service.java', '2024-01-01 00:00:00'),
('7a3798ee-af04-ebab-4844-3c4b5cfb1e5c', '7fef18b2-8b28-b6cb-9fa2-9c261dd0ca51', 'co.fanki.project26.domain.Entity0', 'Entity0', 'co.fanki.project26.domain', 'ENTITY', 'Domain entity', 'src/co/fanki/project26/domain/Entity0.java', '2024-01-01 00:00:00'),
('f8b21b7a-9053-9e7e-cc7e-4cd5cbfdd4c1', '7fef18b2-8b28-b6cb-9fa2-9c261dd0ca51', 'co.fanki.project26.domain.Entity1', 'Entity1', 'co.fanki.project26.domain', 'ENTITY', 'Domain entity', 'src/co/fanki/project26/domain/Entity1.java', '2024-01-01 00:00:00'),
('6cb27c13-51eb-d9d2-e229-284bab3de961', '7fef18b2-8b28-b6cb-9fa2-9c261dd0ca51', 'co.fanki.project26.domain.Entity2', 'Entity2', 'co.fanki.project26.domain', 'ENTITY', 'Domain entity', 'src/co/fanki/project26/domain/Entity2.java', '2024-01-01 00:00:00'),
('dc62ad80-04c8-c7cd-d464-0062a5eb1ffd', '7fef18b2-8b28-b6cb-9fa2-9c261dd0ca51', 'co.fanki.project26.domain.Entity3', 'Entity3', 'co.fanki.project26.domain', 'ENTITY', 'Domain entity', 'src/co/fanki/project26/domain/Entity3.java', '2024-01-01 00:00:00'),
('5edb64b1-1820-9a44-9111-2b580e03fc2b', '7fef18b2-8b28-b6cb-9fa2-9c261dd0ca51', 'co.fanki.project26.domain.Entity4', 'Entity4', 'co.fanki.project26.domain', 'ENTITY', 'Domain entity', 'src/co/fanki/project26/domain/Entity4.java', '2024-01-01 00:00:00'),
('7a3b69db-afec-aa1e-4f65-2334ae85da02', '7fef18b2-8b28-b6cb-9fa2-9c261dd0ca51', 'co.fanki.project26.domain.Entity5', 'Entity5', 'co.fanki.project26.domain', 'ENTITY', 'Domain entity', 'src/co/fanki/project26/domain/Entity5.java', '2024-01-01 00:00:00'),
('b0ac7b56-147e-d34d-b70b-28c1d180dc1b', '7fef18b2-8b28-b6cb-9fa2-9c261dd0ca51', 'co.fanki.project26.domain.Entity6', 'Entity6', 'co.fanki.project26.domain', 'ENTITY', 'Domain entity', 'src/co/fanki/project26/domain/Entity6.java', '2024-01-01 00:00:00'),
('83c5a74b-68e4-b405-a8bb-83de4d3e9b65', '7fef18b2-8b28-b6cb-9fa2-9c261dd0ca51', 'co.fanki.project26.domain.Entity7', 'Entity7', 'co.fanki.project26.domain', 'ENTITY', 'Domain entity', 'src/co/fanki/project26/domain/Entity7.java', '2024-01-01 00:00:00'),
('46b350e1-c8fa-cd94-6e20-60a1c52cac45', '7fef18b2-8b28-b6cb-9fa2-9c261dd0ca51', 'co.fanki.project26.domain.Entity8', 'Entity8', 'co.fanki.project26.domain', 'ENTITY', 'Domain entity', 'src/co/fanki/project26/domain/Entity8.java', '2024-01-01 00:00:00'),
('8bba8e0e-1f01-c2c2-8d15-262e27ded29d', '7fef18b2-8b28-b6cb-9fa2-9c261dd0ca51', 'co.fanki.project26.domain.Entity9', 'Entity9', 'co.fanki.project26.domain', 'ENTITY', 'Domain entity', 'src/co/fanki/project26/domain/Entity9.java', '2024-01-01 00:00:00');

INSERT INTO source_methods (id, class_id, method_name, description, http_method, http_path, line_number, created_at) VALUES
('30f00707-3c9e-24ed-9e84-80abcc0fcc49', '96f0b2df-a6d1-6784-3a56-4032331ed2f4', 'handle', 'Handles request', 'GET', '/api/v1/resource0', 10, '2024-01-01 00:00:00'),
('caf39548-d4b8-e005-a123-0ade327ba610', 'f7ae416d-91fc-9f31-a860-39747f644374', 'handle', 'Handles request', 'GET', '/api/v1/resource1', 10, '2024-01-01 00:00:00'),
('e1e30ea7-d9b3-dbe2-2553-925aed81bea7', '8d8bb84e-fc68-543b-c17c-d552060fe809', 'handle', 'Handles request', 'GET', '/api/v1/resource2', 10, '2024-01-01 00:00:00'),
('96bbfbc5-e68a-8a71-c69b-567954139d09', 'af26aa19-70ec-1656-d705-7f1b2e45a90f', 'handle', 'Handles request', 'GET', '/api/v1/resource3', 10, '2024-01-01 00:00:00'),
('e9a801e1-dfe8-382c-6397-8cc61e09afce', '6d1ee052-895c-0068-5e1b-2e7f04729925', 'handle', 'Handles request', 'GET', '/api/v1/resource4', 10, '2024-01-01 00:00:00'),
('04c8a088-89ca-50aa-6575-6bc9ac69021a', 'ecaa8eea-f4fa-b8d8-f41d-09f6cfad206e', 'create', 'Business logic', NULL, NULL, 10, '2024-01-01 00:00:00'),
('967cddf1-904e-b1ee-7c8c-4ba665bffa16', 'ecaa8eea-f4fa-b8d8-f41d-09f6cfad206e', 'update', 'Business logic', NULL, NULL, 20, '2024-01-01 00:00:00'),
('74f47235-4b00-3d08-7c27-5cbd0d9b0935', 'ecaa8eea-f4fa-b8d8-f41d-09f6cfad206e', 'delete', 'Business logic', NULL, NULL, 30, '2024-01-01 00:00:00'),
('abd36447-7258-4a81-c70d-fdd97c4df1a2', 'ecaa8eea-f4fa-b8d8-f41d-09f6cfad206e', 'find', 'Business logic', NULL, NULL, 40, '2024-01-01 00:00:00'),
('6f63ace9-7894-e87b-faf3-f5d713640c67', 'ecaa8eea-f4fa-b8d8-f41d-09f6cfad206e', 'process', 'Business logic', NULL, NULL, 50, '2024-01-01 00:00:00'),
('8512260f-7673-9ca4-4781-4da0229837fa', '8b5b5fad-7fe0-f0ed-a732-d60b48be9bee', 'create', 'Business logic', NULL, NULL, 10, '2024-01-01 00:00:00'),
('e7f7a3ef-c420-bce9-c5e2-826f6e7485ed', '8b5b5fad-7fe0-f0ed-a732-d60b48be9bee', 'update', 'Business logic', NULL, NULL, 20, '2024-01-01 00:00:00'),
('c74d80e7-9519-8b5f-211b-971a8628d8d3', '8b5b5fad-7fe0-f0ed-a732-d60b48be9bee', 'delete', 'Business logic', NULL, NULL, 30, '2024-01-01 00:00:00'),
('fa8e92c2-2aa7-a3af-2d5b-670396920d3b', '8b5b5fad-7fe0-f0ed-a732-d60b48be9bee', 'find', 'Business logic', NULL, NULL, 40, '2024-01-01 00:00:00'),
('258b161a-39e0-beba-d93a-8d852cb54305', '8b5b5fad-7fe0-f0ed-a732-d60b48be9bee', 'process', 'Business logic', NULL, NULL, 50, '2024-01-01 00:00:00'),
('faff124e-78cd-dfd0-ecd5-24980a0bcbdf', '7a3798ee-af04-ebab-4844-3c4b5cfb1e5c', 'getId', 'Entity method', NULL, NULL, 10, '2024-01-01 00:00:00'),
('75e10d90-d126-b00d-2538-fb75add42853', '7a3798ee-af04-ebab-4844-3c4b5cfb1e5c', 'getName', 'Entity method', NULL, NULL, 20, '2024-01-01 00:00:00'),
('ca49ee9c-3f21-5da1-fa72-cb1d26ffcfb5', '7a3798ee-af04-ebab-4844-3c4b5cfb1e5c', 'validate', 'Entity method', NULL, NULL, 30, '2024-01-01 00:00:00'),
('edc15b65-a01f-bbab-0f76-415b60743577', 'f8b21b7a-9053-9e7e-cc7e-4cd5cbfdd4c1', 'getId', 'Entity method', NULL, NULL, 10, '2024-01-01 00:00:00'),
('dea76591-2ff1-e7eb-1dbd-4c0e8cf07633', 'f8b21b7a-9053-9e7e-cc7e-4cd5cbfdd4c1', 'getName', 'Entity method', NULL, NULL, 20, '2024-01-01 00:00:00'),
('2c2796d8-3626-4fc6-0bb4-e36238a53fea', 'f8b21b7a-9053-9e7e-cc7e-4cd5cbfdd4c1', 'validate', 'Entity method', NULL, NULL, 30, '2024-01-01 00:00:00'),
('b991fba6-845a-c3dc-62c7-dca899d37b60', '6cb27c13-51eb-d9d2-e229-284bab3de961', 'getId', 'Entity method', NULL, NULL, 10, '2024-01-01 00:00:00'),
('07f60417-f661-e8b4-41d7-ad70070fa4e5', '6cb27c13-51eb-d9d2-e229-284bab3de961', 'getName', 'Entity method', NULL, NULL, 20, '2024-01-01 00:00:00'),
('21dad187-be6e-1c17-115c-667932ad6cdb', '6cb27c13-51eb-d9d2-e229-284bab3de961', 'validate', 'Entity method', NULL, NULL, 30, '2024-01-01 00:00:00'),
('0d31b5d2-38f4-47b1-06e2-70c65583ce04', 'dc62ad80-04c8-c7cd-d464-0062a5eb1ffd', 'getId', 'Entity method', NULL, NULL, 10, '2024-01-01 00:00:00'),
('a6fddac2-1dfd-0ad9-27a1-5661d1a65feb', 'dc62ad80-04c8-c7cd-d464-0062a5eb1ffd', 'getName', 'Entity method', NULL, NULL, 20, '2024-01-01 00:00:00'),
('1daa417c-b180-a427-e8ea-7f5807ed1b64', 'dc62ad80-04c8-c7cd-d464-0062a5eb1ffd', 'validate', 'Entity method', NULL, NULL, 30, '2024-01-01 00:00:00'),
('5d28f2ec-d90d-5d80-c105-1b7ece7f75e2', '5edb64b1-1820-9a44-9111-2b580e03fc2b', 'getId', 'Entity method', NULL, NULL, 10, '2024-01-01 00:00:00'),
('827d0fe4-0ec5-36e1-c592-65ab7f190ccf', '5edb64b1-1820-9a44-9111-2b580e03fc2b', 'getName', 'Entity method', NULL, NULL, 20, '2024-01-01 00:00:00'),
('e9919e6f-6aed-6d2b-8589-c1561c8968c4', '5edb64b1-1820-9a44-9111-2b580e03fc2b', 'validate', 'Entity method', NULL, NULL, 30, '2024-01-01 00:00:00'),
('e9641c9c-9b38-853c-2429-e6b6685e7e14', '7a3b69db-afec-aa1e-4f65-2334ae85da02', 'getId', 'Entity method', NULL, NULL, 10, '2024-01-01 00:00:00'),
('af653c55-b6b8-cb0f-346d-fa2c2368e664', '7a3b69db-afec-aa1e-4f65-2334ae85da02', 'getName', 'Entity method', NULL, NULL, 20, '2024-01-01 00:00:00'),
('a973719a-d280-119a-2562-fdcb47fabf4d', '7a3b69db-afec-aa1e-4f65-2334ae85da02', 'validate', 'Entity method', NULL, NULL, 30, '2024-01-01 00:00:00'),
('f8557e5f-c958-0aa2-9bb4-4e6e51d5b92d', 'b0ac7b56-147e-d34d-b70b-28c1d180dc1b', 'getId', 'Entity method', NULL, NULL, 10, '2024-01-01 00:00:00'),
('158f92f1-8807-773f-cc8a-c1e023aeafc9', 'b0ac7b56-147e-d34d-b70b-28c1d180dc1b', 'getName', 'Entity method', NULL, NULL, 20, '2024-01-01 00:00:00'),
('81310ad4-a4bd-1d94-ca33-64406e4d5d0b', 'b0ac7b56-147e-d34d-b70b-28c1d180dc1b', 'validate', 'Entity method', NULL, NULL, 30, '2024-01-01 00:00:00'),
('01d2898b-384b-2115-ce29-86b6fb20cdd1', '83c5a74b-68e4-b405-a8bb-83de4d3e9b65', 'getId', 'Entity method', NULL, NULL, 10, '2024-01-01 00:00:00'),
('9802a6a9-ad86-13e2-2098-a81419737c92', '83c5a74b-68e4-b405-a8bb-83de4d3e9b65', 'getName', 'Entity method', NULL, NULL, 20, '2024-01-01 00:00:00'),
('3fc7fe45-a2ce-b5e5-78fd-ec716fab3bd3', '83c5a74b-68e4-b405-a8bb-83de4d3e9b65', 'validate', 'Entity method', NULL, NULL, 30, '2024-01-01 00:00:00'),
('b9f8af20-4dcd-d4c8-1ebb-49f3f4a318b0', '46b350e1-c8fa-cd94-6e20-60a1c52cac45', 'getId', 'Entity method', NULL, NULL, 10, '2024-01-01 00:00:00'),
('4815fd47-7ee8-2be3-c6fe-b293a203d749', '46b350e1-c8fa-cd94-6e20-60a1c52cac45', 'getName', 'Entity method', NULL, NULL, 20, '2024-01-01 00:00:00'),
('53eff48b-c96b-609a-3e7e-7e1a04a06d6b', '46b350e1-c8fa-cd94-6e20-60a1c52cac45', 'validate', 'Entity method', NULL, NULL, 30, '2024-01-01 00:00:00'),
('3b6620fd-3b27-93c2-4ff7-14ad181cd35d', '8bba8e0e-1f01-c2c2-8d15-262e27ded29d', 'getId', 'Entity method', NULL, NULL, 10, '2024-01-01 00:00:00'),
('43832c18-c43d-9857-efe4-a1943080cc06', '8bba8e0e-1f01-c2c2-8d15-262e27ded29d', 'getName', 'Entity method', NULL, NULL, 20, '2024-01-01 00:00:00'),
('225f9f17-3b72-83d4-f3bc-875aa69a353c', '8bba8e0e-1f01-c2c2-8d15-262e27ded29d', 'validate', 'Entity method', NULL, NULL, 30, '2024-01-01 00:00:00');

INSERT INTO source_classes (id, project_id, full_class_name, simple_name, package_name, class_type, description, source_file, created_at) VALUES
('63600616-d347-8910-ab6d-e730b4607f61', '8a28fe28-a0ec-0c6d-b382-300f51af91c9', 'co.fanki.project27.controller.Api0Controller', 'Api0Controller', 'co.fanki.project27.controller', 'CONTROLLER', 'REST controller', 'src/co/fanki/project27/controller/Api0Controller.java', '2024-01-01 00:00:00'),
('ce7df201-3133-16ef-e24d-4f6d47b00bfc', '8a28fe28-a0ec-0c6d-b382-300f51af91c9', 'co.fanki.project27.controller.Api1Controller', 'Api1Controller', 'co.fanki.project27.controller', 'CONTROLLER', 'REST controller', 'src/co/fanki/project27/controller/Api1Controller.java', '2024-01-01 00:00:00'),
('5dfc06f0-4e96-8d68-f5d6-3cf11504653d', '8a28fe28-a0ec-0c6d-b382-300f51af91c9', 'co.fanki.project27.controller.Api2Controller', 'Api2Controller', 'co.fanki.project27.controller', 'CONTROLLER', 'REST controller', 'src/co/fanki/project27/controller/Api2Controller.java', '2024-01-01 00:00:00'),
('aed7b0c7-faa7-e345-53b3-9c8117daa9ef', '8a28fe28-a0ec-0c6d-b382-300f51af91c9', 'co.fanki.project27.controller.Api3Controller', 'Api3Controller', 'co.fanki.project27.controller', 'CONTROLLER', 'REST controller', 'src/co/fanki/project27/controller/Api3Controller.java', '2024-01-01 00:00:00'),
('6234ab12-2a5d-4e04-529f-2d6b11be9050', '8a28fe28-a0ec-0c6d-b382-300f51af91c9', 'co.fanki.project27.controller.Api4Controller', 'Api4Controller', 'co.fanki.project27.controller', 'CONTROLLER', 'REST controller', 'src/co/fanki/project27/controller/Api4Controller.java', '2024-01-01 00:00:00'),
('2337523d-7656-fec5-4513-eba37e505502', '8a28fe28-a0ec-0c6d-b382-300f51af91c9', 'co.fanki.project27.service.Business0Service', 'Business0Service', 'co.fanki.project27.service', 'SERVICE', 'Business service', 'src/co/fanki/project27/service/Business0Service.java', '2024-01-01 00:00:00'),
('a34fc657-d17b-5162-874e-9ca66a43fdc5', '8a28fe28-a0ec-0c6d-b382-300f51af91c9', 'co.fanki.project27.service.Business1Service', 'Business1Service', 'co.fanki.project27.service', 'SERVICE', 'Business service', 'src/co/fanki/project27/service/Business1Service.java', '2024-01-01 00:00:00'),
('2b2f2d45-b520-db31-aa68-be04a43126a8', '8a28fe28-a0ec-0c6d-b382-300f51af91c9', 'co.fanki.project27.domain.Entity0', 'Entity0', 'co.fanki.project27.domain', 'ENTITY', 'Domain entity', 'src/co/fanki/project27/domain/Entity0.java', '2024-01-01 00:00:00'),
('fc06f1be-1701-aef1-9286-e5657f3a3da7', '8a28fe28-a0ec-0c6d-b382-300f51af91c9', 'co.fanki.project27.domain.Entity1', 'Entity1', 'co.fanki.project27.domain', 'ENTITY', 'Domain entity', 'src/co/fanki/project27/domain/Entity1.java', '2024-01-01 00:00:00'),
('c12b26ae-06e1-9192-814e-576accb2f6e7', '8a28fe28-a0ec-0c6d-b382-300f51af91c9', 'co.fanki.project27.domain.Entity2', 'Entity2', 'co.fanki.project27.domain', 'ENTITY', 'Domain entity', 'src/co/fanki/project27/domain/Entity2.java', '2024-01-01 00:00:00'),
('78a33a9a-54a4-1a26-20a5-57aa02d455d6', '8a28fe28-a0ec-0c6d-b382-300f51af91c9', 'co.fanki.project27.domain.Entity3', 'Entity3', 'co.fanki.project27.domain', 'ENTITY', 'Domain entity', 'src/co/fanki/project27/domain/Entity3.java', '2024-01-01 00:00:00'),
('72525099-6fc4-8123-c35c-b5d7b9181d66', '8a28fe28-a0ec-0c6d-b382-300f51af91c9', 'co.fanki.project27.domain.Entity4', 'Entity4', 'co.fanki.project27.domain', 'ENTITY', 'Domain entity', 'src/co/fanki/project27/domain/Entity4.java', '2024-01-01 00:00:00'),
('15d7e174-bc59-58fb-73f7-c7ddac707c3f', '8a28fe28-a0ec-0c6d-b382-300f51af91c9', 'co.fanki.project27.domain.Entity5', 'Entity5', 'co.fanki.project27.domain', 'ENTITY', 'Domain entity', 'src/co/fanki/project27/domain/Entity5.java', '2024-01-01 00:00:00'),
('ff4f1ec5-7889-1fc9-a693-47d70e361ef4', '8a28fe28-a0ec-0c6d-b382-300f51af91c9', 'co.fanki.project27.domain.Entity6', 'Entity6', 'co.fanki.project27.domain', 'ENTITY', 'Domain entity', 'src/co/fanki/project27/domain/Entity6.java', '2024-01-01 00:00:00'),
('af541e85-37b8-2528-56c9-455e7d492f2f', '8a28fe28-a0ec-0c6d-b382-300f51af91c9', 'co.fanki.project27.domain.Entity7', 'Entity7', 'co.fanki.project27.domain', 'ENTITY', 'Domain entity', 'src/co/fanki/project27/domain/Entity7.java', '2024-01-01 00:00:00'),
('b79745bc-1059-a22d-25e6-c580ebd7c932', '8a28fe28-a0ec-0c6d-b382-300f51af91c9', 'co.fanki.project27.domain.Entity8', 'Entity8', 'co.fanki.project27.domain', 'ENTITY', 'Domain entity', 'src/co/fanki/project27/domain/Entity8.java', '2024-01-01 00:00:00'),
('0d2b1816-66f6-1370-dc0e-030239c777c0', '8a28fe28-a0ec-0c6d-b382-300f51af91c9', 'co.fanki.project27.domain.Entity9', 'Entity9', 'co.fanki.project27.domain', 'ENTITY', 'Domain entity', 'src/co/fanki/project27/domain/Entity9.java', '2024-01-01 00:00:00');

INSERT INTO source_methods (id, class_id, method_name, description, http_method, http_path, line_number, created_at) VALUES
('f9852f80-5c1f-81cc-af8a-5d13347c0ba0', '63600616-d347-8910-ab6d-e730b4607f61', 'handle', 'Handles request', 'GET', '/api/v1/resource0', 10, '2024-01-01 00:00:00'),
('27af8013-9fc2-9188-b5ec-58a745ad520e', 'ce7df201-3133-16ef-e24d-4f6d47b00bfc', 'handle', 'Handles request', 'GET', '/api/v1/resource1', 10, '2024-01-01 00:00:00'),
('ab51a640-e9a8-3e31-7eda-77bddbcaaffe', '5dfc06f0-4e96-8d68-f5d6-3cf11504653d', 'handle', 'Handles request', 'GET', '/api/v1/resource2', 10, '2024-01-01 00:00:00'),
('5c5ee525-c175-3cc6-3bf4-00449dc3b47c', 'aed7b0c7-faa7-e345-53b3-9c8117daa9ef', 'handle', 'Handles request', 'GET', '/api/v1/resource3', 10, '2024-01-01 00:00:00'),
('72784b84-8cde-f185-8f3b-33c9df3f06a9', '6234ab12-2a5d-4e04-529f-2d6b11be9050', 'handle', 'Handles request', 'GET', '/api/v1/resource4', 10, '2024-01-01 00:00:00'),
('6f4d4b69-de61-ed14-a540-c886c32373d8', '2337523d-7656-fec5-4513-eba37e505502', 'create', 'Business logic', NULL, NULL, 10, '2024-01-01 00:00:00'),
('22ab7ad1-9a2a-3954-670d-d8e442d1585a', '2337523d-7656-fec5-4513-eba37e505502', 'update', 'Business logic', NULL, NULL, 20, '2024-01-01 00:00:00'),
('7fcb919f-39e0-3293-9da2-e21c33476143', '2337523d-7656-fec5-4513-eba37e505502', 'delete', 'Business logic', NULL, NULL, 30, '2024-01-01 00:00:00'),
('828ee787-5560-e973-9978-a862b6a4b784', '2337523d-7656-fec5-4513-eba37e505502', 'find', 'Business logic', NULL, NULL, 40, '2024-01-01 00:00:00'),
('ff32b0f0-822c-79bf-53c1-7de84ac281de', '2337523d-7656-fec5-4513-eba37e505502', 'process', 'Business logic', NULL, NULL, 50, '2024-01-01 00:00:00'),
('994fd23d-03d6-1179-e3db-11f86960e68c', 'a34fc657-d17b-5162-874e-9ca66a43fdc5', 'create', 'Business logic', NULL, NULL, 10, '2024-01-01 00:00:00'),
('cb1b2c64-f223-9114-60d4-cb64766406a7', 'a34fc657-d17b-5162-874e-9ca66a43fdc5', 'update', 'Business logic', NULL, NULL, 20, '2024-01-01 00:00:00'),
('e03f0b69-147b-9041-a3cc-696f412eb2b7', 'a34fc657-d17b-5162-874e-9ca66a43fdc5', 'delete', 'Business logic', NULL, NULL, 30, '2024-01-01 00:00:00'),
('5fba776d-2357-208f-0b97-a5fe48581d3c', 'a34fc657-d17b-5162-874e-9ca66a43fdc5', 'find', 'Business logic', NULL, NULL, 40, '2024-01-01 00:00:00'),
('b044c971-fa18-11b0-ff22-247e7d9f9ae5', 'a34fc657-d17b-5162-874e-9ca66a43fdc5', 'process', 'Business logic', NULL, NULL, 50, '2024-01-01 00:00:00'),
('feaff07e-35cb-d095-b2ed-b801ad84a8c5', '2b2f2d45-b520-db31-aa68-be04a43126a8', 'getId', 'Entity method', NULL, NULL, 10, '2024-01-01 00:00:00'),
('98d6387e-5225-422f-0409-5b096451477c', '2b2f2d45-b520-db31-aa68-be04a43126a8', 'getName', 'Entity method', NULL, NULL, 20, '2024-01-01 00:00:00'),
('289decd3-d1b4-86c1-8970-008aee2ca8fc', '2b2f2d45-b520-db31-aa68-be04a43126a8', 'validate', 'Entity method', NULL, NULL, 30, '2024-01-01 00:00:00'),
('493a6ead-bed9-207a-9211-b6c00cc339ba', 'fc06f1be-1701-aef1-9286-e5657f3a3da7', 'getId', 'Entity method', NULL, NULL, 10, '2024-01-01 00:00:00'),
('f8cdc7ed-3c2e-5a13-02e2-89c034c8916d', 'fc06f1be-1701-aef1-9286-e5657f3a3da7', 'getName', 'Entity method', NULL, NULL, 20, '2024-01-01 00:00:00'),
('98cb5e3f-bec3-d5b2-b20c-812bacc622db', 'fc06f1be-1701-aef1-9286-e5657f3a3da7', 'validate', 'Entity method', NULL, NULL, 30, '2024-01-01 00:00:00'),
('702d6a38-e365-b645-b2d3-32acf8753500', 'c12b26ae-06e1-9192-814e-576accb2f6e7', 'getId', 'Entity method', NULL, NULL, 10, '2024-01-01 00:00:00'),
('95125491-13aa-bf64-6baf-1d48c1734ae8', 'c12b26ae-06e1-9192-814e-576accb2f6e7', 'getName', 'Entity method', NULL, NULL, 20, '2024-01-01 00:00:00'),
('bdc300d4-4415-edd8-1fe7-0fec493090f0', 'c12b26ae-06e1-9192-814e-576accb2f6e7', 'validate', 'Entity method', NULL, NULL, 30, '2024-01-01 00:00:00'),
('b0c56599-e505-670a-cee6-36833cdfd3d4', '78a33a9a-54a4-1a26-20a5-57aa02d455d6', 'getId', 'Entity method', NULL, NULL, 10, '2024-01-01 00:00:00'),
('25c4a602-61fd-e67d-612b-54d929f24b99', '78a33a9a-54a4-1a26-20a5-57aa02d455d6', 'getName', 'Entity method', NULL, NULL, 20, '2024-01-01 00:00:00'),
('56b4ab6e-641b-d6ed-4274-538c58cdb530', '78a33a9a-54a4-1a26-20a5-57aa02d455d6', 'validate', 'Entity method', NULL, NULL, 30, '2024-01-01 00:00:00'),
('72982da6-5bc9-b6ad-8c74-576a2e2c5579', '72525099-6fc4-8123-c35c-b5d7b9181d66', 'getId', 'Entity method', NULL, NULL, 10, '2024-01-01 00:00:00'),
('6335dbcb-9662-ce06-c8e4-6f43046c6131', '72525099-6fc4-8123-c35c-b5d7b9181d66', 'getName', 'Entity method', NULL, NULL, 20, '2024-01-01 00:00:00'),
('637f1777-d514-2f9c-2593-32574155148c', '72525099-6fc4-8123-c35c-b5d7b9181d66', 'validate', 'Entity method', NULL, NULL, 30, '2024-01-01 00:00:00'),
('28f458e2-54ea-b91f-164e-24ae35ba913d', '15d7e174-bc59-58fb-73f7-c7ddac707c3f', 'getId', 'Entity method', NULL, NULL, 10, '2024-01-01 00:00:00'),
('298ba842-06e8-41c7-6634-12463c809e6a', '15d7e174-bc59-58fb-73f7-c7ddac707c3f', 'getName', 'Entity method', NULL, NULL, 20, '2024-01-01 00:00:00'),
('acf736ff-30da-85f1-8178-3bbca1f9b691', '15d7e174-bc59-58fb-73f7-c7ddac707c3f', 'validate', 'Entity method', NULL, NULL, 30, '2024-01-01 00:00:00'),
('b7beca31-e2cc-50e2-efa5-b4e5e44df3e9', 'ff4f1ec5-7889-1fc9-a693-47d70e361ef4', 'getId', 'Entity method', NULL, NULL, 10, '2024-01-01 00:00:00'),
('851005f6-027e-2672-b57d-b26b187135b3', 'ff4f1ec5-7889-1fc9-a693-47d70e361ef4', 'getName', 'Entity method', NULL, NULL, 20, '2024-01-01 00:00:00'),
('61a804ad-a330-4d77-6065-9a054c9c2b75', 'ff4f1ec5-7889-1fc9-a693-47d70e361ef4', 'validate', 'Entity method', NULL, NULL, 30, '2024-01-01 00:00:00'),
('d35e6068-b64a-fd47-c704-9af2239009a3', 'af541e85-37b8-2528-56c9-455e7d492f2f', 'getId', 'Entity method', NULL, NULL, 10, '2024-01-01 00:00:00'),
('496276fd-7c39-d067-1418-b5ec83cddcaa', 'af541e85-37b8-2528-56c9-455e7d492f2f', 'getName', 'Entity method', NULL, NULL, 20, '2024-01-01 00:00:00'),
('520b94c0-9ba3-5e57-fc5a-bd7ad683a562', 'af541e85-37b8-2528-56c9-455e7d492f2f', 'validate', 'Entity method', NULL, NULL, 30, '2024-01-01 00:00:00'),
('f8cf7ee5-ec9d-d84a-1ee1-97dc0433522e', 'b79745bc-1059-a22d-25e6-c580ebd7c932', 'getId', 'Entity method', NULL, NULL, 10, '2024-01-01 00:00:00'),
('da291aa6-15f2-5a08-5820-97e821af0249', 'b79745bc-1059-a22d-25e6-c580ebd7c932', 'getName', 'Entity method', NULL, NULL, 20, '2024-01-01 00:00:00'),
('4544e87a-475e-659f-ae11-22e3f238dbe0', 'b79745bc-1059-a22d-25e6-c580ebd7c932', 'validate', 'Entity method', NULL, NULL, 30, '2024-01-01 00:00:00'),
('a1c3ff18-ea70-468b-225b-2fa72acd582a', '0d2b1816-66f6-1370-dc0e-030239c777c0', 'getId', 'Entity method', NULL, NULL, 10, '2024-01-01 00:00:00'),
('83cf68e1-680a-6582-2e33-64f9531a40cc', '0d2b1816-66f6-1370-dc0e-030239c777c0', 'getName', 'Entity method', NULL, NULL, 20, '2024-01-01 00:00:00'),
('60975d1b-2f41-7fbc-0ffc-a770c71b7ecf', '0d2b1816-66f6-1370-dc0e-030239c777c0', 'validate', 'Entity method', NULL, NULL, 30, '2024-01-01 00:00:00');

INSERT INTO source_classes (id, project_id, full_class_name, simple_name, package_name, class_type, description, source_file, created_at) VALUES
('a0ad7493-508f-4e3c-7875-e703b54241cb', '89efd0b9-81ac-cc3b-cd1e-0b60f1df11af', 'co.fanki.project28.controller.Api0Controller', 'Api0Controller', 'co.fanki.project28.controller', 'CONTROLLER', 'REST controller', 'src/co/fanki/project28/controller/Api0Controller.java', '2024-01-01 00:00:00'),
('6d870ed8-aa37-302f-9012-af973a4c93b3', '89efd0b9-81ac-cc3b-cd1e-0b60f1df11af', 'co.fanki.project28.controller.Api1Controller', 'Api1Controller', 'co.fanki.project28.controller', 'CONTROLLER', 'REST controller', 'src/co/fanki/project28/controller/Api1Controller.java', '2024-01-01 00:00:00'),
('bc29f852-f8f9-034f-aa92-4fce69a701de', '89efd0b9-81ac-cc3b-cd1e-0b60f1df11af', 'co.fanki.project28.controller.Api2Controller', 'Api2Controller', 'co.fanki.project28.controller', 'CONTROLLER', 'REST controller', 'src/co/fanki/project28/controller/Api2Controller.java', '2024-01-01 00:00:00'),
('fbd6e976-ae36-2111-63d8-e102162669ee', '89efd0b9-81ac-cc3b-cd1e-0b60f1df11af', 'co.fanki.project28.controller.Api3Controller', 'Api3Controller', 'co.fanki.project28.controller', 'CONTROLLER', 'REST controller', 'src/co/fanki/project28/controller/Api3Controller.java', '2024-01-01 00:00:00'),
('cf3d49b8-a62c-f328-094a-7cd8e3307840', '89efd0b9-81ac-cc3b-cd1e-0b60f1df11af', 'co.fanki.project28.controller.Api4Controller', 'Api4Controller', 'co.fanki.project28.controller', 'CONTROLLER', 'REST controller', 'src/co/fanki/project28/controller/Api4Controller.java', '2024-01-01 00:00:00'),
('df6f97e6-aff4-478b-1e84-b86e1ee26e27', '89efd0b9-81ac-cc3b-cd1e-0b60f1df11af', 'co.fanki.project28.service.Business0Service', 'Business0Service', 'co.fanki.project28.service', 'SERVICE', 'Business service', 'src/co/fanki/project28/service/Business0Service.java', '2024-01-01 00:00:00'),
('b512d808-e6e3-86b4-8558-f75c11e8d447', '89efd0b9-81ac-cc3b-cd1e-0b60f1df11af', 'co.fanki.project28.service.Business1Service', 'Business1Service', 'co.fanki.project28.service', 'SERVICE', 'Business service', 'src/co/fanki/project28/service/Business1Service.java', '2024-01-01 00:00:00'),
('9fe3eb36-59d3-a987-a25d-3ad0d1e42410', '89efd0b9-81ac-cc3b-cd1e-0b60f1df11af', 'co.fanki.project28.domain.Entity0', 'Entity0', 'co.fanki.project28.domain', 'ENTITY', 'Domain entity', 'src/co/fanki/project28/domain/Entity0.java', '2024-01-01 00:00:00'),
('0770e3fd-dd4f-1bee-1be9-fec5b442f26f', '89efd0b9-81ac-cc3b-cd1e-0b60f1df11af', 'co.fanki.project28.domain.Entity1', 'Entity1', 'co.fanki.project28.domain', 'ENTITY', 'Domain entity', 'src/co/fanki/project28/domain/Entity1.java', '2024-01-01 00:00:00'),
('27f045c4-5d32-8b18-d330-6b32027bbbcb', '89efd0b9-81ac-cc3b-cd1e-0b60f1df11af', 'co.fanki.project28.domain.Entity2', 'Entity2', 'co.fanki.project28.domain', 'ENTITY', 'Domain entity', 'src/co/fanki/project28/domain/Entity2.java', '2024-01-01 00:00:00'),
('78cb6b75-62a6-62f2-5d5e-2437f45ee1c6', '89efd0b9-81ac-cc3b-cd1e-0b60f1df11af', 'co.fanki.project28.domain.Entity3', 'Entity3', 'co.fanki.project28.domain', 'ENTITY', 'Domain entity', 'src/co/fanki/project28/domain/Entity3.java', '2024-01-01 00:00:00'),
('c0a8a0e2-fc62-a888-8456-9861bf55e2d4', '89efd0b9-81ac-cc3b-cd1e-0b60f1df11af', 'co.fanki.project28.domain.Entity4', 'Entity4', 'co.fanki.project28.domain', 'ENTITY', 'Domain entity', 'src/co/fanki/project28/domain/Entity4.java', '2024-01-01 00:00:00'),
('8535053f-ff47-2451-c7c2-21fa369c5226', '89efd0b9-81ac-cc3b-cd1e-0b60f1df11af', 'co.fanki.project28.domain.Entity5', 'Entity5', 'co.fanki.project28.domain', 'ENTITY', 'Domain entity', 'src/co/fanki/project28/domain/Entity5.java', '2024-01-01 00:00:00'),
('22e8f788-3cee-28ba-515d-83c21fd9d235', '89efd0b9-81ac-cc3b-cd1e-0b60f1df11af', 'co.fanki.project28.domain.Entity6', 'Entity6', 'co.fanki.project28.domain', 'ENTITY', 'Domain entity', 'src/co/fanki/project28/domain/Entity6.java', '2024-01-01 00:00:00'),
('956811cb-1ae9-d57a-b311-9368e6d90e95', '89efd0b9-81ac-cc3b-cd1e-0b60f1df11af', 'co.fanki.project28.domain.Entity7', 'Entity7', 'co.fanki.project28.domain', 'ENTITY', 'Domain entity', 'src/co/fanki/project28/domain/Entity7.java', '2024-01-01 00:00:00'),
('039a534b-28bf-b9ec-dc77-915856db7bd0', '89efd0b9-81ac-cc3b-cd1e-0b60f1df11af', 'co.fanki.project28.domain.Entity8', 'Entity8', 'co.fanki.project28.domain', 'ENTITY', 'Domain entity', 'src/co/fanki/project28/domain/Entity8.java', '2024-01-01 00:00:00'),
('d6200b60-e529-a930-7f0a-b7ff24e8e57c', '89efd0b9-81ac-cc3b-cd1e-0b60f1df11af', 'co.fanki.project28.domain.Entity9', 'Entity9', 'co.fanki.project28.domain', 'ENTITY', 'Domain entity', 'src/co/fanki/project28/domain/Entity9.java', '2024-01-01 00:00:00');

INSERT INTO source_methods (id, class_id, method_name, description, http_method, http_path, line_number, created_at) VALUES
('13b6cb3f-b695-01ec-a8b9-c9f739c4894b', 'a0ad7493-508f-4e3c-7875-e703b54241cb', 'handle', 'Handles request', 'GET', '/api/v1/resource0', 10, '2024-01-01 00:00:00'),
('42d3989b-6feb-0d8f-0f66-4c46c6587b06', '6d870ed8-aa37-302f-9012-af973a4c93b3', 'handle', 'Handles request', 'GET', '/api/v1/resource1', 10, '2024-01-01 00:00:00'),
('5587630a-bc00-0567-a043-cd527862f035', 'bc29f852-f8f9-034f-aa92-4fce69a701de', 'handle', 'Handles request', 'GET', '/api/v1/resource2', 10, '2024-01-01 00:00:00'),
('eda31e80-212f-ab9a-51e6-031a213495d1', 'fbd6e976-ae36-2111-63d8-e102162669ee', 'handle', 'Handles request', 'GET', '/api/v1/resource3', 10, '2024-01-01 00:00:00'),
('5b3488d2-2cf8-290d-fbb3-69020d01bb63', 'cf3d49b8-a62c-f328-094a-7cd8e3307840', 'handle', 'Handles request', 'GET', '/api/v1/resource4', 10, '2024-01-01 00:00:00'),
('9cb73bc2-0d79-a76d-d628-41ecd63066e2', 'df6f97e6-aff4-478b-1e84-b86e1ee26e27', 'create', 'Business logic', NULL, NULL, 10, '2024-01-01 00:00:00'),
('35966839-4ba4-1865-10e7-9cf0b95250b5', 'df6f97e6-aff4-478b-1e84-b86e1ee26e27', 'update', 'Business logic', NULL, NULL, 20, '2024-01-01 00:00:00'),
('3f91e776-0384-2bf6-e66d-ed4b2b16da10', 'df6f97e6-aff4-478b-1e84-b86e1ee26e27', 'delete', 'Business logic', NULL, NULL, 30, '2024-01-01 00:00:00'),
('6102bd8e-e997-3abc-8613-277c0d669a43', 'df6f97e6-aff4-478b-1e84-b86e1ee26e27', 'find', 'Business logic', NULL, NULL, 40, '2024-01-01 00:00:00'),
('55f49805-3702-b71e-d549-6347e1226500', 'df6f97e6-aff4-478b-1e84-b86e1ee26e27', 'process', 'Business logic', NULL, NULL, 50, '2024-01-01 00:00:00'),
('b86abe1c-2da0-f454-5254-c242d5bccec5', 'b512d808-e6e3-86b4-8558-f75c11e8d447', 'create', 'Business logic', NULL, NULL, 10, '2024-01-01 00:00:00'),
('8f000887-589a-428a-3129-43ebbbf65dc4', 'b512d808-e6e3-86b4-8558-f75c11e8d447', 'update', 'Business logic', NULL, NULL, 20, '2024-01-01 00:00:00'),
('2190c27e-a826-139d-9eb4-1274cf110848', 'b512d808-e6e3-86b4-8558-f75c11e8d447', 'delete', 'Business logic', NULL, NULL, 30, '2024-01-01 00:00:00'),
('8a363f82-7053-17b5-bbc2-dcca0f8e8b94', 'b512d808-e6e3-86b4-8558-f75c11e8d447', 'find', 'Business logic', NULL, NULL, 40, '2024-01-01 00:00:00'),
('3619eca4-ab98-7603-ca8e-57c8b43c8301', 'b512d808-e6e3-86b4-8558-f75c11e8d447', 'process', 'Business logic', NULL, NULL, 50, '2024-01-01 00:00:00'),
('8fccaafa-51fb-d9d2-974c-75f88246b4e2', '9fe3eb36-59d3-a987-a25d-3ad0d1e42410', 'getId', 'Entity method', NULL, NULL, 10, '2024-01-01 00:00:00'),
('918e8209-e014-05ee-d427-292ecf2bed77', '9fe3eb36-59d3-a987-a25d-3ad0d1e42410', 'getName', 'Entity method', NULL, NULL, 20, '2024-01-01 00:00:00'),
('b5e0ef04-4ba4-d704-1ea8-20388644fc9c', '9fe3eb36-59d3-a987-a25d-3ad0d1e42410', 'validate', 'Entity method', NULL, NULL, 30, '2024-01-01 00:00:00'),
('adcb1d13-598c-3ab9-ac08-0eede9739298', '0770e3fd-dd4f-1bee-1be9-fec5b442f26f', 'getId', 'Entity method', NULL, NULL, 10, '2024-01-01 00:00:00'),
('9ea59957-1164-7e72-3cfe-87755106612a', '0770e3fd-dd4f-1bee-1be9-fec5b442f26f', 'getName', 'Entity method', NULL, NULL, 20, '2024-01-01 00:00:00'),
('fc3ebf3b-e206-3734-ee29-17dcfc328330', '0770e3fd-dd4f-1bee-1be9-fec5b442f26f', 'validate', 'Entity method', NULL, NULL, 30, '2024-01-01 00:00:00'),
('919d3263-1df9-a82c-a0b0-219454499ba4', '27f045c4-5d32-8b18-d330-6b32027bbbcb', 'getId', 'Entity method', NULL, NULL, 10, '2024-01-01 00:00:00'),
('433c60f9-ad71-ec7c-edad-9d8a7060ec09', '27f045c4-5d32-8b18-d330-6b32027bbbcb', 'getName', 'Entity method', NULL, NULL, 20, '2024-01-01 00:00:00'),
('7087d72e-1def-c65b-e9f8-8a3282699d0c', '27f045c4-5d32-8b18-d330-6b32027bbbcb', 'validate', 'Entity method', NULL, NULL, 30, '2024-01-01 00:00:00'),
('31f88cd7-6008-9df7-3092-52a019623cfa', '78cb6b75-62a6-62f2-5d5e-2437f45ee1c6', 'getId', 'Entity method', NULL, NULL, 10, '2024-01-01 00:00:00'),
('df02262e-939d-6a87-8c80-d7075564f96f', '78cb6b75-62a6-62f2-5d5e-2437f45ee1c6', 'getName', 'Entity method', NULL, NULL, 20, '2024-01-01 00:00:00'),
('b5131d4d-02b5-2183-43da-b322c6eb8b28', '78cb6b75-62a6-62f2-5d5e-2437f45ee1c6', 'validate', 'Entity method', NULL, NULL, 30, '2024-01-01 00:00:00'),
('104374a6-2587-f67c-0eed-e9fe12a84806', 'c0a8a0e2-fc62-a888-8456-9861bf55e2d4', 'getId', 'Entity method', NULL, NULL, 10, '2024-01-01 00:00:00'),
('58642a43-7ad0-8b14-b29d-4bec2cf35cd1', 'c0a8a0e2-fc62-a888-8456-9861bf55e2d4', 'getName', 'Entity method', NULL, NULL, 20, '2024-01-01 00:00:00'),
('f83c562e-0a77-97b8-abc2-441572fc6cd8', 'c0a8a0e2-fc62-a888-8456-9861bf55e2d4', 'validate', 'Entity method', NULL, NULL, 30, '2024-01-01 00:00:00'),
('c048ffd3-c007-fd4d-ce5f-156d33208b75', '8535053f-ff47-2451-c7c2-21fa369c5226', 'getId', 'Entity method', NULL, NULL, 10, '2024-01-01 00:00:00'),
('513c190c-43b2-a7fa-543b-91e0c1d25efd', '8535053f-ff47-2451-c7c2-21fa369c5226', 'getName', 'Entity method', NULL, NULL, 20, '2024-01-01 00:00:00'),
('a4f4de89-3d36-4875-a7a5-5e08c3fd2a03', '8535053f-ff47-2451-c7c2-21fa369c5226', 'validate', 'Entity method', NULL, NULL, 30, '2024-01-01 00:00:00'),
('71cd5770-23d9-0f2e-62a0-e1f8396ecbcb', '22e8f788-3cee-28ba-515d-83c21fd9d235', 'getId', 'Entity method', NULL, NULL, 10, '2024-01-01 00:00:00'),
('0e8d2d48-99c5-07eb-839c-f1c1d69a6783', '22e8f788-3cee-28ba-515d-83c21fd9d235', 'getName', 'Entity method', NULL, NULL, 20, '2024-01-01 00:00:00'),
('11d1e084-ab2d-87a5-f2b4-4db1137db2c9', '22e8f788-3cee-28ba-515d-83c21fd9d235', 'validate', 'Entity method', NULL, NULL, 30, '2024-01-01 00:00:00'),
('47a77e86-0572-06cc-0736-1c05610a9d10', '956811cb-1ae9-d57a-b311-9368e6d90e95', 'getId', 'Entity method', NULL, NULL, 10, '2024-01-01 00:00:00'),
('1d80fc8f-df15-994a-5e5f-b69cb1fefefd', '956811cb-1ae9-d57a-b311-9368e6d90e95', 'getName', 'Entity method', NULL, NULL, 20, '2024-01-01 00:00:00'),
('ef64f99a-bb65-6e47-2673-215706debf1e', '956811cb-1ae9-d57a-b311-9368e6d90e95', 'validate', 'Entity method', NULL, NULL, 30, '2024-01-01 00:00:00'),
('3e161c69-8e52-1005-b88e-4eb720331cad', '039a534b-28bf-b9ec-dc77-915856db7bd0', 'getId', 'Entity method', NULL, NULL, 10, '2024-01-01 00:00:00'),
('e36af394-dc24-79df-7b0f-be5fb93e51c1', '039a534b-28bf-b9ec-dc77-915856db7bd0', 'getName', 'Entity method', NULL, NULL, 20, '2024-01-01 00:00:00'),
('b5bc353a-019d-d032-ac91-cbefdca4473e', '039a534b-28bf-b9ec-dc77-915856db7bd0', 'validate', 'Entity method', NULL, NULL, 30, '2024-01-01 00:00:00'),
('ac68da4f-3ee1-ccfa-1bd5-2e3126731ed8', 'd6200b60-e529-a930-7f0a-b7ff24e8e57c', 'getId', 'Entity method', NULL, NULL, 10, '2024-01-01 00:00:00'),
('f264c678-0b4e-848b-5c28-cce663c0edf2', 'd6200b60-e529-a930-7f0a-b7ff24e8e57c', 'getName', 'Entity method', NULL, NULL, 20, '2024-01-01 00:00:00'),
('8c4c600a-4a47-2c25-f153-710ae5167912', 'd6200b60-e529-a930-7f0a-b7ff24e8e57c', 'validate', 'Entity method', NULL, NULL, 30, '2024-01-01 00:00:00');

INSERT INTO source_classes (id, project_id, full_class_name, simple_name, package_name, class_type, description, source_file, created_at) VALUES
('3a7befbd-8ab3-61ef-ebd5-d16d7aa4380a', 'e0ee21ca-3bc3-ed6c-8a28-f01b63384b9f', 'co.fanki.project29.controller.Api0Controller', 'Api0Controller', 'co.fanki.project29.controller', 'CONTROLLER', 'REST controller', 'src/co/fanki/project29/controller/Api0Controller.java', '2024-01-01 00:00:00'),
('8b4edcfb-00a0-bb5f-ffc9-6b0a715aa6a3', 'e0ee21ca-3bc3-ed6c-8a28-f01b63384b9f', 'co.fanki.project29.controller.Api1Controller', 'Api1Controller', 'co.fanki.project29.controller', 'CONTROLLER', 'REST controller', 'src/co/fanki/project29/controller/Api1Controller.java', '2024-01-01 00:00:00'),
('48e700dc-0d9b-5483-488f-8f82d4c92cb1', 'e0ee21ca-3bc3-ed6c-8a28-f01b63384b9f', 'co.fanki.project29.controller.Api2Controller', 'Api2Controller', 'co.fanki.project29.controller', 'CONTROLLER', 'REST controller', 'src/co/fanki/project29/controller/Api2Controller.java', '2024-01-01 00:00:00'),
('ebcfd567-d1bd-26ff-282c-69237042ca80', 'e0ee21ca-3bc3-ed6c-8a28-f01b63384b9f', 'co.fanki.project29.controller.Api3Controller', 'Api3Controller', 'co.fanki.project29.controller', 'CONTROLLER', 'REST controller', 'src/co/fanki/project29/controller/Api3Controller.java', '2024-01-01 00:00:00'),
('e71ea5e7-e517-e04d-5dde-ed54e2be8687', 'e0ee21ca-3bc3-ed6c-8a28-f01b63384b9f', 'co.fanki.project29.controller.Api4Controller', 'Api4Controller', 'co.fanki.project29.controller', 'CONTROLLER', 'REST controller', 'src/co/fanki/project29/controller/Api4Controller.java', '2024-01-01 00:00:00'),
('ebdcec76-b9a4-184d-11da-06118051bafc', 'e0ee21ca-3bc3-ed6c-8a28-f01b63384b9f', 'co.fanki.project29.service.Business0Service', 'Business0Service', 'co.fanki.project29.service', 'SERVICE', 'Business service', 'src/co/fanki/project29/service/Business0Service.java', '2024-01-01 00:00:00'),
('446a615d-4910-f110-b15d-b17a5bea9b70', 'e0ee21ca-3bc3-ed6c-8a28-f01b63384b9f', 'co.fanki.project29.service.Business1Service', 'Business1Service', 'co.fanki.project29.service', 'SERVICE', 'Business service', 'src/co/fanki/project29/service/Business1Service.java', '2024-01-01 00:00:00'),
('1c053bce-9014-faff-b661-a75526287a13', 'e0ee21ca-3bc3-ed6c-8a28-f01b63384b9f', 'co.fanki.project29.domain.Entity0', 'Entity0', 'co.fanki.project29.domain', 'ENTITY', 'Domain entity', 'src/co/fanki/project29/domain/Entity0.java', '2024-01-01 00:00:00'),
('4adcf670-5e9a-e0a9-d309-6ad6e79ce54a', 'e0ee21ca-3bc3-ed6c-8a28-f01b63384b9f', 'co.fanki.project29.domain.Entity1', 'Entity1', 'co.fanki.project29.domain', 'ENTITY', 'Domain entity', 'src/co/fanki/project29/domain/Entity1.java', '2024-01-01 00:00:00'),
('6d89ee59-b3e3-9c54-ee9d-1012bf84a5ed', 'e0ee21ca-3bc3-ed6c-8a28-f01b63384b9f', 'co.fanki.project29.domain.Entity2', 'Entity2', 'co.fanki.project29.domain', 'ENTITY', 'Domain entity', 'src/co/fanki/project29/domain/Entity2.java', '2024-01-01 00:00:00'),
('593f0ccf-6967-8319-f8f0-f1f90e13b037', 'e0ee21ca-3bc3-ed6c-8a28-f01b63384b9f', 'co.fanki.project29.domain.Entity3', 'Entity3', 'co.fanki.project29.domain', 'ENTITY', 'Domain entity', 'src/co/fanki/project29/domain/Entity3.java', '2024-01-01 00:00:00'),
('df4daa35-6428-5cda-23f0-f6b0469df6af', 'e0ee21ca-3bc3-ed6c-8a28-f01b63384b9f', 'co.fanki.project29.domain.Entity4', 'Entity4', 'co.fanki.project29.domain', 'ENTITY', 'Domain entity', 'src/co/fanki/project29/domain/Entity4.java', '2024-01-01 00:00:00'),
('5df3d720-d038-d57b-7d7b-1fc521dae87f', 'e0ee21ca-3bc3-ed6c-8a28-f01b63384b9f', 'co.fanki.project29.domain.Entity5', 'Entity5', 'co.fanki.project29.domain', 'ENTITY', 'Domain entity', 'src/co/fanki/project29/domain/Entity5.java', '2024-01-01 00:00:00'),
('dc4654ca-d33a-e5bb-9fe5-429f7dbc8ceb', 'e0ee21ca-3bc3-ed6c-8a28-f01b63384b9f', 'co.fanki.project29.domain.Entity6', 'Entity6', 'co.fanki.project29.domain', 'ENTITY', 'Domain entity', 'src/co/fanki/project29/domain/Entity6.java', '2024-01-01 00:00:00'),
('cf502e06-7e7a-ad3e-9bb1-cf6f845f6b33', 'e0ee21ca-3bc3-ed6c-8a28-f01b63384b9f', 'co.fanki.project29.domain.Entity7', 'Entity7', 'co.fanki.project29.domain', 'ENTITY', 'Domain entity', 'src/co/fanki/project29/domain/Entity7.java', '2024-01-01 00:00:00'),
('4da6e679-0c7b-aebd-0a33-bb35787ba594', 'e0ee21ca-3bc3-ed6c-8a28-f01b63384b9f', 'co.fanki.project29.domain.Entity8', 'Entity8', 'co.fanki.project29.domain', 'ENTITY', 'Domain entity', 'src/co/fanki/project29/domain/Entity8.java', '2024-01-01 00:00:00'),
('5255c1eb-214f-e134-8684-92944419b296', 'e0ee21ca-3bc3-ed6c-8a28-f01b63384b9f', 'co.fanki.project29.domain.Entity9', 'Entity9', 'co.fanki.project29.domain', 'ENTITY', 'Domain entity', 'src/co/fanki/project29/domain/Entity9.java', '2024-01-01 00:00:00');

INSERT INTO source_methods (id, class_id, method_name, description, http_method, http_path, line_number, created_at) VALUES
('b8636aa5-d660-9b04-8bf1-d9a2d4ef3c4b', '3a7befbd-8ab3-61ef-ebd5-d16d7aa4380a', 'handle', 'Handles request', 'GET', '/api/v1/resource0', 10, '2024-01-01 00:00:00'),
('36d4d155-168d-fc8d-ba79-097f2cddb521', '8b4edcfb-00a0-bb5f-ffc9-6b0a715aa6a3', 'handle', 'Handles request', 'GET', '/api/v1/resource1', 10, '2024-01-01 00:00:00'),
('5d3625ee-fc50-94a2-1117-0704f5b664d6', '48e700dc-0d9b-5483-488f-8f82d4c92cb1', 'handle', 'Handles request', 'GET', '/api/v1/resource2', 10, '2024-01-01 00:00:00'),
('81b20ad5-6c86-4bc9-85e3-fd8d037123b1', 'ebcfd567-d1bd-26ff-282c-69237042ca80', 'handle', 'Handles request', 'GET', '/api/v1/resource3', 10, '2024-01-01 00:00:00'),
('0e2d7030-7dd8-70a6-ad94-d550953d039b', 'e71ea5e7-e517-e04d-5dde-ed54e2be8687', 'handle', 'Handles request', 'GET', '/api/v1/resource4', 10, '2024-01-01 00:00:00'),
('07405798-8263-a3e4-1317-7e67fbcb56b5', 'ebdcec76-b9a4-184d-11da-06118051bafc', 'create', 'Business logic', NULL, NULL, 10, '2024-01-01 00:00:00'),
('babf5878-ef71-5db7-6f11-1e604689317e', 'ebdcec76-b9a4-184d-11da-06118051bafc', 'update', 'Business logic', NULL, NULL, 20, '2024-01-01 00:00:00'),
('c11afa27-49dd-bd10-a6b9-835d0462d3d9', 'ebdcec76-b9a4-184d-11da-06118051bafc', 'delete', 'Business logic', NULL, NULL, 30, '2024-01-01 00:00:00'),
('ba9456f1-3a02-6e8e-9fe6-3dcc82221579', 'ebdcec76-b9a4-184d-11da-06118051bafc', 'find', 'Business logic', NULL, NULL, 40, '2024-01-01 00:00:00'),
('2056915c-4036-55b7-b84a-11443d3af30e', 'ebdcec76-b9a4-184d-11da-06118051bafc', 'process', 'Business logic', NULL, NULL, 50, '2024-01-01 00:00:00'),
('fb546343-68c8-47ee-73e1-0cfda6de5ad8', '446a615d-4910-f110-b15d-b17a5bea9b70', 'create', 'Business logic', NULL, NULL, 10, '2024-01-01 00:00:00'),
('4f06d4c6-46be-10ab-0b14-7fe267c4cd21', '446a615d-4910-f110-b15d-b17a5bea9b70', 'update', 'Business logic', NULL, NULL, 20, '2024-01-01 00:00:00'),
('3688a8df-1c40-3515-95da-9c7345fb1f5a', '446a615d-4910-f110-b15d-b17a5bea9b70', 'delete', 'Business logic', NULL, NULL, 30, '2024-01-01 00:00:00'),
('aabee52e-55f8-61e7-a681-c5b78c52f961', '446a615d-4910-f110-b15d-b17a5bea9b70', 'find', 'Business logic', NULL, NULL, 40, '2024-01-01 00:00:00'),
('48059637-2b39-2f81-81e1-e2a0f99f02fa', '446a615d-4910-f110-b15d-b17a5bea9b70', 'process', 'Business logic', NULL, NULL, 50, '2024-01-01 00:00:00'),
('265263c4-6b5c-8d3b-5a24-8e56f13c923e', '1c053bce-9014-faff-b661-a75526287a13', 'getId', 'Entity method', NULL, NULL, 10, '2024-01-01 00:00:00'),
('c512ed6f-54ad-e814-f699-76a05b1ad5a6', '1c053bce-9014-faff-b661-a75526287a13', 'getName', 'Entity method', NULL, NULL, 20, '2024-01-01 00:00:00'),
('33d5ccc0-8f23-50ab-0195-722ffef19d5e', '1c053bce-9014-faff-b661-a75526287a13', 'validate', 'Entity method', NULL, NULL, 30, '2024-01-01 00:00:00'),
('b0fdd660-2704-eb4c-8d34-93f035a61aa1', '4adcf670-5e9a-e0a9-d309-6ad6e79ce54a', 'getId', 'Entity method', NULL, NULL, 10, '2024-01-01 00:00:00'),
('b3282135-98a3-c6a3-3d86-c53e2ab6ad23', '4adcf670-5e9a-e0a9-d309-6ad6e79ce54a', 'getName', 'Entity method', NULL, NULL, 20, '2024-01-01 00:00:00'),
('c6535969-d3c3-ca74-4d75-572fd87e5a56', '4adcf670-5e9a-e0a9-d309-6ad6e79ce54a', 'validate', 'Entity method', NULL, NULL, 30, '2024-01-01 00:00:00'),
('4e1f3ef1-86f3-f2e8-c1ad-e2fe53b56974', '6d89ee59-b3e3-9c54-ee9d-1012bf84a5ed', 'getId', 'Entity method', NULL, NULL, 10, '2024-01-01 00:00:00'),
('6f0bfa58-af39-f135-936f-8bcb6048b5f7', '6d89ee59-b3e3-9c54-ee9d-1012bf84a5ed', 'getName', 'Entity method', NULL, NULL, 20, '2024-01-01 00:00:00'),
('b1a69911-2011-24d9-592a-a098e7d941f9', '6d89ee59-b3e3-9c54-ee9d-1012bf84a5ed', 'validate', 'Entity method', NULL, NULL, 30, '2024-01-01 00:00:00'),
('382deaa1-48fe-7812-929b-4cf7611d7a00', '593f0ccf-6967-8319-f8f0-f1f90e13b037', 'getId', 'Entity method', NULL, NULL, 10, '2024-01-01 00:00:00'),
('c8d6d0ea-bc2b-6d4d-3812-cc691b981364', '593f0ccf-6967-8319-f8f0-f1f90e13b037', 'getName', 'Entity method', NULL, NULL, 20, '2024-01-01 00:00:00'),
('ab96be65-ef52-192e-2c4d-3f4b5a42a8cd', '593f0ccf-6967-8319-f8f0-f1f90e13b037', 'validate', 'Entity method', NULL, NULL, 30, '2024-01-01 00:00:00'),
('f5844a55-b2cb-fe35-b253-6a709f0ca456', 'df4daa35-6428-5cda-23f0-f6b0469df6af', 'getId', 'Entity method', NULL, NULL, 10, '2024-01-01 00:00:00'),
('de949b95-eb60-d67a-e7b6-de849e9007fb', 'df4daa35-6428-5cda-23f0-f6b0469df6af', 'getName', 'Entity method', NULL, NULL, 20, '2024-01-01 00:00:00'),
('b3b4e4be-99e8-d47c-df9d-2a2c97fc5ad0', 'df4daa35-6428-5cda-23f0-f6b0469df6af', 'validate', 'Entity method', NULL, NULL, 30, '2024-01-01 00:00:00'),
('758ac644-4d5a-ce0c-b464-bc55765a4001', '5df3d720-d038-d57b-7d7b-1fc521dae87f', 'getId', 'Entity method', NULL, NULL, 10, '2024-01-01 00:00:00'),
('c3e67f43-05c6-7ad0-d9a5-759196e4642a', '5df3d720-d038-d57b-7d7b-1fc521dae87f', 'getName', 'Entity method', NULL, NULL, 20, '2024-01-01 00:00:00'),
('08f0f317-2712-9361-b187-d2f8500fe1f8', '5df3d720-d038-d57b-7d7b-1fc521dae87f', 'validate', 'Entity method', NULL, NULL, 30, '2024-01-01 00:00:00'),
('4d5f8556-e2d6-7a3b-f08b-c71e3fcb3cca', 'dc4654ca-d33a-e5bb-9fe5-429f7dbc8ceb', 'getId', 'Entity method', NULL, NULL, 10, '2024-01-01 00:00:00'),
('ec581dd3-483c-8fb5-498f-a79fa0a144a1', 'dc4654ca-d33a-e5bb-9fe5-429f7dbc8ceb', 'getName', 'Entity method', NULL, NULL, 20, '2024-01-01 00:00:00'),
('cc0c62f6-a694-3752-102c-bab7663f535f', 'dc4654ca-d33a-e5bb-9fe5-429f7dbc8ceb', 'validate', 'Entity method', NULL, NULL, 30, '2024-01-01 00:00:00'),
('da835c70-8d5d-0cab-9ef2-e93880cf708b', 'cf502e06-7e7a-ad3e-9bb1-cf6f845f6b33', 'getId', 'Entity method', NULL, NULL, 10, '2024-01-01 00:00:00'),
('0a6f827c-5140-5f2a-13cc-a604ac5b4303', 'cf502e06-7e7a-ad3e-9bb1-cf6f845f6b33', 'getName', 'Entity method', NULL, NULL, 20, '2024-01-01 00:00:00'),
('95fa7a03-7078-fb32-f911-47348f56edc3', 'cf502e06-7e7a-ad3e-9bb1-cf6f845f6b33', 'validate', 'Entity method', NULL, NULL, 30, '2024-01-01 00:00:00'),
('22ce5fb4-6e8c-20e0-8f7d-050f09d5949e', '4da6e679-0c7b-aebd-0a33-bb35787ba594', 'getId', 'Entity method', NULL, NULL, 10, '2024-01-01 00:00:00'),
('a3a06e4d-c73e-14ce-5b6b-dc8469ce4cc8', '4da6e679-0c7b-aebd-0a33-bb35787ba594', 'getName', 'Entity method', NULL, NULL, 20, '2024-01-01 00:00:00'),
('137fcaf9-d9b1-37f5-fc4d-7537ac70a13a', '4da6e679-0c7b-aebd-0a33-bb35787ba594', 'validate', 'Entity method', NULL, NULL, 30, '2024-01-01 00:00:00'),
('b46cba10-5342-ab39-712e-28f13de2874b', '5255c1eb-214f-e134-8684-92944419b296', 'getId', 'Entity method', NULL, NULL, 10, '2024-01-01 00:00:00'),
('3e2d80f8-4506-c640-ec1c-2547bcf70492', '5255c1eb-214f-e134-8684-92944419b296', 'getName', 'Entity method', NULL, NULL, 20, '2024-01-01 00:00:00'),
('556ce467-583b-1dc2-5005-1bda212a7486', '5255c1eb-214f-e134-8684-92944419b296', 'validate', 'Entity method', NULL, NULL, 30, '2024-01-01 00:00:00');

INSERT INTO source_classes (id, project_id, full_class_name, simple_name, package_name, class_type, description, source_file, created_at) VALUES
('38afd748-9c2e-82dd-1160-50b3da46c989', '58d76210-17b1-89a3-7758-aa9f56a3e9e3', 'co.fanki.project30.controller.Api0Controller', 'Api0Controller', 'co.fanki.project30.controller', 'CONTROLLER', 'REST controller', 'src/co/fanki/project30/controller/Api0Controller.java', '2024-01-01 00:00:00'),
('36576c90-bace-a564-aa90-584a6efdb9ae', '58d76210-17b1-89a3-7758-aa9f56a3e9e3', 'co.fanki.project30.controller.Api1Controller', 'Api1Controller', 'co.fanki.project30.controller', 'CONTROLLER', 'REST controller', 'src/co/fanki/project30/controller/Api1Controller.java', '2024-01-01 00:00:00'),
('3f01ca8f-ecc2-c65b-8b55-952cf4ef23d1', '58d76210-17b1-89a3-7758-aa9f56a3e9e3', 'co.fanki.project30.controller.Api2Controller', 'Api2Controller', 'co.fanki.project30.controller', 'CONTROLLER', 'REST controller', 'src/co/fanki/project30/controller/Api2Controller.java', '2024-01-01 00:00:00'),
('0018d4eb-239d-daf9-3aa3-d3eb3fa2bbd5', '58d76210-17b1-89a3-7758-aa9f56a3e9e3', 'co.fanki.project30.controller.Api3Controller', 'Api3Controller', 'co.fanki.project30.controller', 'CONTROLLER', 'REST controller', 'src/co/fanki/project30/controller/Api3Controller.java', '2024-01-01 00:00:00'),
('9188af03-7795-20e0-c4ba-de921121f7ff', '58d76210-17b1-89a3-7758-aa9f56a3e9e3', 'co.fanki.project30.controller.Api4Controller', 'Api4Controller', 'co.fanki.project30.controller', 'CONTROLLER', 'REST controller', 'src/co/fanki/project30/controller/Api4Controller.java', '2024-01-01 00:00:00'),
('597993b8-f3e7-34fa-351e-ebff93275b8f', '58d76210-17b1-89a3-7758-aa9f56a3e9e3', 'co.fanki.project30.service.Business0Service', 'Business0Service', 'co.fanki.project30.service', 'SERVICE', 'Business service', 'src/co/fanki/project30/service/Business0Service.java', '2024-01-01 00:00:00'),
('557293e4-9022-e18d-411a-12483ede911b', '58d76210-17b1-89a3-7758-aa9f56a3e9e3', 'co.fanki.project30.service.Business1Service', 'Business1Service', 'co.fanki.project30.service', 'SERVICE', 'Business service', 'src/co/fanki/project30/service/Business1Service.java', '2024-01-01 00:00:00'),
('943795fa-cdb5-50bf-841d-22e2ac8b05d2', '58d76210-17b1-89a3-7758-aa9f56a3e9e3', 'co.fanki.project30.domain.Entity0', 'Entity0', 'co.fanki.project30.domain', 'ENTITY', 'Domain entity', 'src/co/fanki/project30/domain/Entity0.java', '2024-01-01 00:00:00'),
('77a2c57d-8fe2-9dd3-37d3-cf72dd764fcd', '58d76210-17b1-89a3-7758-aa9f56a3e9e3', 'co.fanki.project30.domain.Entity1', 'Entity1', 'co.fanki.project30.domain', 'ENTITY', 'Domain entity', 'src/co/fanki/project30/domain/Entity1.java', '2024-01-01 00:00:00'),
('caea56f2-96c4-00b4-8046-0da34fc662ce', '58d76210-17b1-89a3-7758-aa9f56a3e9e3', 'co.fanki.project30.domain.Entity2', 'Entity2', 'co.fanki.project30.domain', 'ENTITY', 'Domain entity', 'src/co/fanki/project30/domain/Entity2.java', '2024-01-01 00:00:00'),
('fb472586-1981-29b2-b401-204959832524', '58d76210-17b1-89a3-7758-aa9f56a3e9e3', 'co.fanki.project30.domain.Entity3', 'Entity3', 'co.fanki.project30.domain', 'ENTITY', 'Domain entity', 'src/co/fanki/project30/domain/Entity3.java', '2024-01-01 00:00:00'),
('1ccfa41b-d7bd-aeea-f58c-75cbf16baf83', '58d76210-17b1-89a3-7758-aa9f56a3e9e3', 'co.fanki.project30.domain.Entity4', 'Entity4', 'co.fanki.project30.domain', 'ENTITY', 'Domain entity', 'src/co/fanki/project30/domain/Entity4.java', '2024-01-01 00:00:00'),
('5ab1442b-c889-b4ba-eef5-7a87d4a090b4', '58d76210-17b1-89a3-7758-aa9f56a3e9e3', 'co.fanki.project30.domain.Entity5', 'Entity5', 'co.fanki.project30.domain', 'ENTITY', 'Domain entity', 'src/co/fanki/project30/domain/Entity5.java', '2024-01-01 00:00:00'),
('0d1db873-98d5-bedd-3d9c-c07729922c9e', '58d76210-17b1-89a3-7758-aa9f56a3e9e3', 'co.fanki.project30.domain.Entity6', 'Entity6', 'co.fanki.project30.domain', 'ENTITY', 'Domain entity', 'src/co/fanki/project30/domain/Entity6.java', '2024-01-01 00:00:00'),
('51b0fbda-6521-0cb0-b3a8-18cfe2590151', '58d76210-17b1-89a3-7758-aa9f56a3e9e3', 'co.fanki.project30.domain.Entity7', 'Entity7', 'co.fanki.project30.domain', 'ENTITY', 'Domain entity', 'src/co/fanki/project30/domain/Entity7.java', '2024-01-01 00:00:00'),
('d596ca79-185f-2760-8544-d2a5ef6508df', '58d76210-17b1-89a3-7758-aa9f56a3e9e3', 'co.fanki.project30.domain.Entity8', 'Entity8', 'co.fanki.project30.domain', 'ENTITY', 'Domain entity', 'src/co/fanki/project30/domain/Entity8.java', '2024-01-01 00:00:00'),
('72a7863c-e071-6870-943d-bac1c0b2b895', '58d76210-17b1-89a3-7758-aa9f56a3e9e3', 'co.fanki.project30.domain.Entity9', 'Entity9', 'co.fanki.project30.domain', 'ENTITY', 'Domain entity', 'src/co/fanki/project30/domain/Entity9.java', '2024-01-01 00:00:00');

INSERT INTO source_methods (id, class_id, method_name, description, http_method, http_path, line_number, created_at) VALUES
('958ada17-79d3-9c5d-191b-8e89f1a4f262', '38afd748-9c2e-82dd-1160-50b3da46c989', 'handle', 'Handles request', 'GET', '/api/v1/resource0', 10, '2024-01-01 00:00:00'),
('a12aefd7-576d-225f-d606-2756493936f0', '36576c90-bace-a564-aa90-584a6efdb9ae', 'handle', 'Handles request', 'GET', '/api/v1/resource1', 10, '2024-01-01 00:00:00'),
('1c351adf-ddf7-3ff9-3ab5-441dd9477b18', '3f01ca8f-ecc2-c65b-8b55-952cf4ef23d1', 'handle', 'Handles request', 'GET', '/api/v1/resource2', 10, '2024-01-01 00:00:00'),
('078e43d9-1539-6ae4-53cf-2fc2e9433fca', '0018d4eb-239d-daf9-3aa3-d3eb3fa2bbd5', 'handle', 'Handles request', 'GET', '/api/v1/resource3', 10, '2024-01-01 00:00:00'),
('0e9ee02e-d460-cdac-21e1-aa2b8125868b', '9188af03-7795-20e0-c4ba-de921121f7ff', 'handle', 'Handles request', 'GET', '/api/v1/resource4', 10, '2024-01-01 00:00:00'),
('d9463a19-d53a-0f68-5113-6ea3eb9ed340', '597993b8-f3e7-34fa-351e-ebff93275b8f', 'create', 'Business logic', NULL, NULL, 10, '2024-01-01 00:00:00'),
('e92f463f-8301-b0bd-8b31-1cc29c942295', '597993b8-f3e7-34fa-351e-ebff93275b8f', 'update', 'Business logic', NULL, NULL, 20, '2024-01-01 00:00:00'),
('33e12b4b-3fb1-e482-d0a7-a6ff4da107cc', '597993b8-f3e7-34fa-351e-ebff93275b8f', 'delete', 'Business logic', NULL, NULL, 30, '2024-01-01 00:00:00'),
('f81dfb74-b451-e601-54a4-32867f768ae7', '597993b8-f3e7-34fa-351e-ebff93275b8f', 'find', 'Business logic', NULL, NULL, 40, '2024-01-01 00:00:00'),
('f5ba9131-b867-1b58-aba8-0c144fa09706', '597993b8-f3e7-34fa-351e-ebff93275b8f', 'process', 'Business logic', NULL, NULL, 50, '2024-01-01 00:00:00'),
('7b8e9e67-fa15-973c-db9b-a5c684ee4105', '557293e4-9022-e18d-411a-12483ede911b', 'create', 'Business logic', NULL, NULL, 10, '2024-01-01 00:00:00'),
('6149856a-9421-7323-293c-700645490745', '557293e4-9022-e18d-411a-12483ede911b', 'update', 'Business logic', NULL, NULL, 20, '2024-01-01 00:00:00'),
('c9683729-d1c9-25e5-08a1-28bddd933cab', '557293e4-9022-e18d-411a-12483ede911b', 'delete', 'Business logic', NULL, NULL, 30, '2024-01-01 00:00:00'),
('23f52f9b-66f1-5977-d552-c7413a199f3a', '557293e4-9022-e18d-411a-12483ede911b', 'find', 'Business logic', NULL, NULL, 40, '2024-01-01 00:00:00'),
('74a62bbd-5fd4-1423-b157-a71e6f82614c', '557293e4-9022-e18d-411a-12483ede911b', 'process', 'Business logic', NULL, NULL, 50, '2024-01-01 00:00:00'),
('ef81c82f-a20a-8539-674b-85287ab17ced', '943795fa-cdb5-50bf-841d-22e2ac8b05d2', 'getId', 'Entity method', NULL, NULL, 10, '2024-01-01 00:00:00'),
('9225c365-f084-4387-3395-468f8253abc1', '943795fa-cdb5-50bf-841d-22e2ac8b05d2', 'getName', 'Entity method', NULL, NULL, 20, '2024-01-01 00:00:00'),
('d7d222f4-01f5-f513-d2df-580abeea5afc', '943795fa-cdb5-50bf-841d-22e2ac8b05d2', 'validate', 'Entity method', NULL, NULL, 30, '2024-01-01 00:00:00'),
('2f55b559-450b-c631-7bd7-4b3c1c2fd33e', '77a2c57d-8fe2-9dd3-37d3-cf72dd764fcd', 'getId', 'Entity method', NULL, NULL, 10, '2024-01-01 00:00:00'),
('8b90fea5-2e27-f0ac-840e-bcaaaad2941c', '77a2c57d-8fe2-9dd3-37d3-cf72dd764fcd', 'getName', 'Entity method', NULL, NULL, 20, '2024-01-01 00:00:00'),
('55d967bf-4273-42f4-b77e-196913b1e462', '77a2c57d-8fe2-9dd3-37d3-cf72dd764fcd', 'validate', 'Entity method', NULL, NULL, 30, '2024-01-01 00:00:00'),
('755bb2e6-46fe-8fb7-f2db-6a9adb6313e5', 'caea56f2-96c4-00b4-8046-0da34fc662ce', 'getId', 'Entity method', NULL, NULL, 10, '2024-01-01 00:00:00'),
('e0c1a01d-5124-1e1c-20b8-3d65c532ac7b', 'caea56f2-96c4-00b4-8046-0da34fc662ce', 'getName', 'Entity method', NULL, NULL, 20, '2024-01-01 00:00:00'),
('cfeba6c2-a062-6401-c8d6-098ea6a92cfe', 'caea56f2-96c4-00b4-8046-0da34fc662ce', 'validate', 'Entity method', NULL, NULL, 30, '2024-01-01 00:00:00'),
('8d41f0fe-d159-af1a-5688-1277ec1a20ff', 'fb472586-1981-29b2-b401-204959832524', 'getId', 'Entity method', NULL, NULL, 10, '2024-01-01 00:00:00'),
('52c9edcc-593a-18f5-c316-ffefd9b4446f', 'fb472586-1981-29b2-b401-204959832524', 'getName', 'Entity method', NULL, NULL, 20, '2024-01-01 00:00:00'),
('e4a8c8be-c893-37c5-2f52-eb251490ed21', 'fb472586-1981-29b2-b401-204959832524', 'validate', 'Entity method', NULL, NULL, 30, '2024-01-01 00:00:00'),
('5ab8ed72-b109-c5ba-174e-7d833b2e304c', '1ccfa41b-d7bd-aeea-f58c-75cbf16baf83', 'getId', 'Entity method', NULL, NULL, 10, '2024-01-01 00:00:00'),
('b5e7ae90-0e9a-7b4f-1da2-af801f6a1736', '1ccfa41b-d7bd-aeea-f58c-75cbf16baf83', 'getName', 'Entity method', NULL, NULL, 20, '2024-01-01 00:00:00'),
('717aad31-7dde-2c14-2733-c570cc18c4cf', '1ccfa41b-d7bd-aeea-f58c-75cbf16baf83', 'validate', 'Entity method', NULL, NULL, 30, '2024-01-01 00:00:00'),
('8fa759bc-a465-654d-e8a9-4b9f24b16358', '5ab1442b-c889-b4ba-eef5-7a87d4a090b4', 'getId', 'Entity method', NULL, NULL, 10, '2024-01-01 00:00:00'),
('6018ec05-90fa-8b6a-7e6f-c95b1b941919', '5ab1442b-c889-b4ba-eef5-7a87d4a090b4', 'getName', 'Entity method', NULL, NULL, 20, '2024-01-01 00:00:00'),
('85efe220-aa7b-5e16-50e0-d17c4e9dbfdb', '5ab1442b-c889-b4ba-eef5-7a87d4a090b4', 'validate', 'Entity method', NULL, NULL, 30, '2024-01-01 00:00:00'),
('0bea1bbe-9580-4287-8eb4-9df1fd9ab590', '0d1db873-98d5-bedd-3d9c-c07729922c9e', 'getId', 'Entity method', NULL, NULL, 10, '2024-01-01 00:00:00'),
('03ec2849-d516-678f-058f-5ba5e6f15090', '0d1db873-98d5-bedd-3d9c-c07729922c9e', 'getName', 'Entity method', NULL, NULL, 20, '2024-01-01 00:00:00'),
('7c629c6a-1b17-471e-693b-24f2793c48f6', '0d1db873-98d5-bedd-3d9c-c07729922c9e', 'validate', 'Entity method', NULL, NULL, 30, '2024-01-01 00:00:00'),
('813fa7fb-a71e-48dd-31fc-046f9800f97a', '51b0fbda-6521-0cb0-b3a8-18cfe2590151', 'getId', 'Entity method', NULL, NULL, 10, '2024-01-01 00:00:00'),
('886a9474-97ee-5337-5ce2-5e0ebdba0bc7', '51b0fbda-6521-0cb0-b3a8-18cfe2590151', 'getName', 'Entity method', NULL, NULL, 20, '2024-01-01 00:00:00'),
('77a3948b-9fcb-f566-383e-916caf01cff2', '51b0fbda-6521-0cb0-b3a8-18cfe2590151', 'validate', 'Entity method', NULL, NULL, 30, '2024-01-01 00:00:00'),
('ab524cb0-d2cf-e877-466d-1e8e5a04f228', 'd596ca79-185f-2760-8544-d2a5ef6508df', 'getId', 'Entity method', NULL, NULL, 10, '2024-01-01 00:00:00'),
('19c7b0af-b007-9da5-b79c-27d7ba017869', 'd596ca79-185f-2760-8544-d2a5ef6508df', 'getName', 'Entity method', NULL, NULL, 20, '2024-01-01 00:00:00'),
('6429daad-2acc-3cc4-094d-3c2d6ee5210d', 'd596ca79-185f-2760-8544-d2a5ef6508df', 'validate', 'Entity method', NULL, NULL, 30, '2024-01-01 00:00:00'),
('064111b5-8745-9c07-4af4-acb032bab67d', '72a7863c-e071-6870-943d-bac1c0b2b895', 'getId', 'Entity method', NULL, NULL, 10, '2024-01-01 00:00:00'),
('3ee49da6-d826-e783-f6ab-049436002d5d', '72a7863c-e071-6870-943d-bac1c0b2b895', 'getName', 'Entity method', NULL, NULL, 20, '2024-01-01 00:00:00'),
('dc18eae8-9961-dde6-c879-3d545df6a215', '72a7863c-e071-6870-943d-bac1c0b2b895', 'validate', 'Entity method', NULL, NULL, 30, '2024-01-01 00:00:00');

INSERT INTO source_classes (id, project_id, full_class_name, simple_name, package_name, class_type, description, source_file, created_at) VALUES
('822a0ec5-a098-b01a-52ca-1e58237abc20', '6aa3b872-3aca-dfa6-8080-3c0311e60c22', 'co.fanki.project31.controller.Api0Controller', 'Api0Controller', 'co.fanki.project31.controller', 'CONTROLLER', 'REST controller', 'src/co/fanki/project31/controller/Api0Controller.java', '2024-01-01 00:00:00'),
('1169b614-ff24-5f16-386c-bc22167b4c35', '6aa3b872-3aca-dfa6-8080-3c0311e60c22', 'co.fanki.project31.controller.Api1Controller', 'Api1Controller', 'co.fanki.project31.controller', 'CONTROLLER', 'REST controller', 'src/co/fanki/project31/controller/Api1Controller.java', '2024-01-01 00:00:00'),
('f3293829-3625-a99c-57e0-7a086641852a', '6aa3b872-3aca-dfa6-8080-3c0311e60c22', 'co.fanki.project31.controller.Api2Controller', 'Api2Controller', 'co.fanki.project31.controller', 'CONTROLLER', 'REST controller', 'src/co/fanki/project31/controller/Api2Controller.java', '2024-01-01 00:00:00'),
('6c05eb12-6971-761a-c9eb-71055d6dac97', '6aa3b872-3aca-dfa6-8080-3c0311e60c22', 'co.fanki.project31.controller.Api3Controller', 'Api3Controller', 'co.fanki.project31.controller', 'CONTROLLER', 'REST controller', 'src/co/fanki/project31/controller/Api3Controller.java', '2024-01-01 00:00:00'),
('77beb489-43fb-868e-769f-348570e3e743', '6aa3b872-3aca-dfa6-8080-3c0311e60c22', 'co.fanki.project31.controller.Api4Controller', 'Api4Controller', 'co.fanki.project31.controller', 'CONTROLLER', 'REST controller', 'src/co/fanki/project31/controller/Api4Controller.java', '2024-01-01 00:00:00'),
('b4223b8c-ec83-22fd-4d8a-b1d5b13d791a', '6aa3b872-3aca-dfa6-8080-3c0311e60c22', 'co.fanki.project31.service.Business0Service', 'Business0Service', 'co.fanki.project31.service', 'SERVICE', 'Business service', 'src/co/fanki/project31/service/Business0Service.java', '2024-01-01 00:00:00'),
('8df130ee-1f69-68e6-3ee4-935f09f4622f', '6aa3b872-3aca-dfa6-8080-3c0311e60c22', 'co.fanki.project31.service.Business1Service', 'Business1Service', 'co.fanki.project31.service', 'SERVICE', 'Business service', 'src/co/fanki/project31/service/Business1Service.java', '2024-01-01 00:00:00'),
('d64a5c13-4bd6-c936-4614-4cd22c7f8d6a', '6aa3b872-3aca-dfa6-8080-3c0311e60c22', 'co.fanki.project31.domain.Entity0', 'Entity0', 'co.fanki.project31.domain', 'ENTITY', 'Domain entity', 'src/co/fanki/project31/domain/Entity0.java', '2024-01-01 00:00:00'),
('64fe117d-9f96-f624-88f7-7ffb593b3e7c', '6aa3b872-3aca-dfa6-8080-3c0311e60c22', 'co.fanki.project31.domain.Entity1', 'Entity1', 'co.fanki.project31.domain', 'ENTITY', 'Domain entity', 'src/co/fanki/project31/domain/Entity1.java', '2024-01-01 00:00:00'),
('5c262995-4add-5df7-9fe2-c12561b15313', '6aa3b872-3aca-dfa6-8080-3c0311e60c22', 'co.fanki.project31.domain.Entity2', 'Entity2', 'co.fanki.project31.domain', 'ENTITY', 'Domain entity', 'src/co/fanki/project31/domain/Entity2.java', '2024-01-01 00:00:00'),
('5781dfc8-5d08-f825-363e-b12962a14415', '6aa3b872-3aca-dfa6-8080-3c0311e60c22', 'co.fanki.project31.domain.Entity3', 'Entity3', 'co.fanki.project31.domain', 'ENTITY', 'Domain entity', 'src/co/fanki/project31/domain/Entity3.java', '2024-01-01 00:00:00'),
('80436bbb-86cf-7431-e7fb-83ba4ada54c4', '6aa3b872-3aca-dfa6-8080-3c0311e60c22', 'co.fanki.project31.domain.Entity4', 'Entity4', 'co.fanki.project31.domain', 'ENTITY', 'Domain entity', 'src/co/fanki/project31/domain/Entity4.java', '2024-01-01 00:00:00'),
('560bf5e0-6a1e-5846-ba2c-59d896f110de', '6aa3b872-3aca-dfa6-8080-3c0311e60c22', 'co.fanki.project31.domain.Entity5', 'Entity5', 'co.fanki.project31.domain', 'ENTITY', 'Domain entity', 'src/co/fanki/project31/domain/Entity5.java', '2024-01-01 00:00:00'),
('0ba9aa8b-0191-04bb-efee-7a3074d6f281', '6aa3b872-3aca-dfa6-8080-3c0311e60c22', 'co.fanki.project31.domain.Entity6', 'Entity6', 'co.fanki.project31.domain', 'ENTITY', 'Domain entity', 'src/co/fanki/project31/domain/Entity6.java', '2024-01-01 00:00:00'),
('90388ebb-d489-60bd-e028-64bcbda41f28', '6aa3b872-3aca-dfa6-8080-3c0311e60c22', 'co.fanki.project31.domain.Entity7', 'Entity7', 'co.fanki.project31.domain', 'ENTITY', 'Domain entity', 'src/co/fanki/project31/domain/Entity7.java', '2024-01-01 00:00:00'),
('705ce87e-f630-ff1a-9940-3111e90237a7', '6aa3b872-3aca-dfa6-8080-3c0311e60c22', 'co.fanki.project31.domain.Entity8', 'Entity8', 'co.fanki.project31.domain', 'ENTITY', 'Domain entity', 'src/co/fanki/project31/domain/Entity8.java', '2024-01-01 00:00:00'),
('70b4f60d-f162-6bd9-fd02-eb502d4dff29', '6aa3b872-3aca-dfa6-8080-3c0311e60c22', 'co.fanki.project31.domain.Entity9', 'Entity9', 'co.fanki.project31.domain', 'ENTITY', 'Domain entity', 'src/co/fanki/project31/domain/Entity9.java', '2024-01-01 00:00:00');

INSERT INTO source_methods (id, class_id, method_name, description, http_method, http_path, line_number, created_at) VALUES
('5786548b-14f7-9834-6a1f-9bb00e9b331c', '822a0ec5-a098-b01a-52ca-1e58237abc20', 'handle', 'Handles request', 'GET', '/api/v1/resource0', 10, '2024-01-01 00:00:00'),
('bb72ecda-078d-fd91-91d1-4aa8e588dd27', '1169b614-ff24-5f16-386c-bc22167b4c35', 'handle', 'Handles request', 'GET', '/api/v1/resource1', 10, '2024-01-01 00:00:00'),
('14a2125e-15d3-ca6a-0517-45194c9690bb', 'f3293829-3625-a99c-57e0-7a086641852a', 'handle', 'Handles request', 'GET', '/api/v1/resource2', 10, '2024-01-01 00:00:00'),
('3016ae2c-0353-84fa-bfa4-95a90c1db73b', '6c05eb12-6971-761a-c9eb-71055d6dac97', 'handle', 'Handles request', 'GET', '/api/v1/resource3', 10, '2024-01-01 00:00:00'),
('45353cc6-bd91-0284-a497-0f28b435e71c', '77beb489-43fb-868e-769f-348570e3e743', 'handle', 'Handles request', 'GET', '/api/v1/resource4', 10, '2024-01-01 00:00:00'),
('1c06994b-9fbb-1cc3-db2c-fb6801c6c5c9', 'b4223b8c-ec83-22fd-4d8a-b1d5b13d791a', 'create', 'Business logic', NULL, NULL, 10, '2024-01-01 00:00:00'),
('3db8a562-b57c-7ba5-bb41-71a6f8c4a388', 'b4223b8c-ec83-22fd-4d8a-b1d5b13d791a', 'update', 'Business logic', NULL, NULL, 20, '2024-01-01 00:00:00'),
('f391bb6c-7015-29d1-e9d9-d9fbefab70f6', 'b4223b8c-ec83-22fd-4d8a-b1d5b13d791a', 'delete', 'Business logic', NULL, NULL, 30, '2024-01-01 00:00:00'),
('500804aa-d691-1664-2ae9-faba299f9012', 'b4223b8c-ec83-22fd-4d8a-b1d5b13d791a', 'find', 'Business logic', NULL, NULL, 40, '2024-01-01 00:00:00'),
('1447aaad-1cec-1acd-0c67-2616085b9303', 'b4223b8c-ec83-22fd-4d8a-b1d5b13d791a', 'process', 'Business logic', NULL, NULL, 50, '2024-01-01 00:00:00'),
('8caedfc0-268c-a0b8-01ef-5b5e91e5c2e4', '8df130ee-1f69-68e6-3ee4-935f09f4622f', 'create', 'Business logic', NULL, NULL, 10, '2024-01-01 00:00:00'),
('3c5e379a-8696-1d39-09af-beb530680092', '8df130ee-1f69-68e6-3ee4-935f09f4622f', 'update', 'Business logic', NULL, NULL, 20, '2024-01-01 00:00:00'),
('991e063f-51e0-30da-6290-3ff0d52deed7', '8df130ee-1f69-68e6-3ee4-935f09f4622f', 'delete', 'Business logic', NULL, NULL, 30, '2024-01-01 00:00:00'),
('f5a47e89-d12d-6643-3f92-b37566dad9c6', '8df130ee-1f69-68e6-3ee4-935f09f4622f', 'find', 'Business logic', NULL, NULL, 40, '2024-01-01 00:00:00'),
('d4434fbb-0b48-f38e-047d-6b4343745b02', '8df130ee-1f69-68e6-3ee4-935f09f4622f', 'process', 'Business logic', NULL, NULL, 50, '2024-01-01 00:00:00'),
('1e5a2150-ed15-c8ec-5e61-b5b846d81391', 'd64a5c13-4bd6-c936-4614-4cd22c7f8d6a', 'getId', 'Entity method', NULL, NULL, 10, '2024-01-01 00:00:00'),
('86ffcf82-70a6-f098-cce8-3b77285e6255', 'd64a5c13-4bd6-c936-4614-4cd22c7f8d6a', 'getName', 'Entity method', NULL, NULL, 20, '2024-01-01 00:00:00'),
('d4e47d0b-373b-3417-c893-7e2e8272b828', 'd64a5c13-4bd6-c936-4614-4cd22c7f8d6a', 'validate', 'Entity method', NULL, NULL, 30, '2024-01-01 00:00:00'),
('8047a46d-0ff6-6104-3cdc-e90d4dba6052', '64fe117d-9f96-f624-88f7-7ffb593b3e7c', 'getId', 'Entity method', NULL, NULL, 10, '2024-01-01 00:00:00'),
('569549f5-6ae4-9ebb-81e6-8e7add2c5fdf', '64fe117d-9f96-f624-88f7-7ffb593b3e7c', 'getName', 'Entity method', NULL, NULL, 20, '2024-01-01 00:00:00'),
('8c069a4b-2d38-d8af-2854-0b5fe12b6db8', '64fe117d-9f96-f624-88f7-7ffb593b3e7c', 'validate', 'Entity method', NULL, NULL, 30, '2024-01-01 00:00:00'),
('2d5642d1-55db-a812-635f-3695e2585d17', '5c262995-4add-5df7-9fe2-c12561b15313', 'getId', 'Entity method', NULL, NULL, 10, '2024-01-01 00:00:00'),
('6d797865-b9a4-974a-fa1c-a31277db47b2', '5c262995-4add-5df7-9fe2-c12561b15313', 'getName', 'Entity method', NULL, NULL, 20, '2024-01-01 00:00:00'),
('69d3ac07-4d4e-d82f-ef62-a01f6933fbe8', '5c262995-4add-5df7-9fe2-c12561b15313', 'validate', 'Entity method', NULL, NULL, 30, '2024-01-01 00:00:00'),
('0e61142a-fa36-c505-f119-113d45b1fe02', '5781dfc8-5d08-f825-363e-b12962a14415', 'getId', 'Entity method', NULL, NULL, 10, '2024-01-01 00:00:00'),
('7a449922-c450-5e76-a52e-274a3be81b66', '5781dfc8-5d08-f825-363e-b12962a14415', 'getName', 'Entity method', NULL, NULL, 20, '2024-01-01 00:00:00'),
('d1913824-10ec-d105-9c3f-1eb57d319678', '5781dfc8-5d08-f825-363e-b12962a14415', 'validate', 'Entity method', NULL, NULL, 30, '2024-01-01 00:00:00'),
('a5ce589c-ab17-11bd-61c4-970cc9960ef8', '80436bbb-86cf-7431-e7fb-83ba4ada54c4', 'getId', 'Entity method', NULL, NULL, 10, '2024-01-01 00:00:00'),
('362f6229-dc0e-3299-a9b0-afeed9cf2cc9', '80436bbb-86cf-7431-e7fb-83ba4ada54c4', 'getName', 'Entity method', NULL, NULL, 20, '2024-01-01 00:00:00'),
('bf58236a-bd1e-eae2-2260-11b7800c7a3c', '80436bbb-86cf-7431-e7fb-83ba4ada54c4', 'validate', 'Entity method', NULL, NULL, 30, '2024-01-01 00:00:00'),
('d5217776-9fb3-793f-d4bb-1e65223d8266', '560bf5e0-6a1e-5846-ba2c-59d896f110de', 'getId', 'Entity method', NULL, NULL, 10, '2024-01-01 00:00:00'),
('266928a7-6db0-e053-937d-84ec9fce794a', '560bf5e0-6a1e-5846-ba2c-59d896f110de', 'getName', 'Entity method', NULL, NULL, 20, '2024-01-01 00:00:00'),
('4442d834-34f9-9ca9-20d2-5b633a07ee50', '560bf5e0-6a1e-5846-ba2c-59d896f110de', 'validate', 'Entity method', NULL, NULL, 30, '2024-01-01 00:00:00'),
('540d8112-d8e8-b42f-203c-9f4d2ed07f68', '0ba9aa8b-0191-04bb-efee-7a3074d6f281', 'getId', 'Entity method', NULL, NULL, 10, '2024-01-01 00:00:00'),
('7a1da339-41f7-9a44-744c-ee40f0380585', '0ba9aa8b-0191-04bb-efee-7a3074d6f281', 'getName', 'Entity method', NULL, NULL, 20, '2024-01-01 00:00:00'),
('48a7a4f9-e74b-4d17-df68-83fca0d8b002', '0ba9aa8b-0191-04bb-efee-7a3074d6f281', 'validate', 'Entity method', NULL, NULL, 30, '2024-01-01 00:00:00'),
('4dd1a2ff-7ce0-656e-5c3b-d6e612afa3b0', '90388ebb-d489-60bd-e028-64bcbda41f28', 'getId', 'Entity method', NULL, NULL, 10, '2024-01-01 00:00:00'),
('37891ba5-c0b6-a625-9be7-518c52357f3a', '90388ebb-d489-60bd-e028-64bcbda41f28', 'getName', 'Entity method', NULL, NULL, 20, '2024-01-01 00:00:00'),
('322265e0-b512-be1c-91cd-7623f918a550', '90388ebb-d489-60bd-e028-64bcbda41f28', 'validate', 'Entity method', NULL, NULL, 30, '2024-01-01 00:00:00'),
('ae001a8e-fdd0-0ff1-656d-9bd91d6619e4', '705ce87e-f630-ff1a-9940-3111e90237a7', 'getId', 'Entity method', NULL, NULL, 10, '2024-01-01 00:00:00'),
('6758672f-b52e-6416-7b78-1921e7f8490d', '705ce87e-f630-ff1a-9940-3111e90237a7', 'getName', 'Entity method', NULL, NULL, 20, '2024-01-01 00:00:00'),
('17b70aa5-b98e-9f13-f7d7-7731e3d8bed1', '705ce87e-f630-ff1a-9940-3111e90237a7', 'validate', 'Entity method', NULL, NULL, 30, '2024-01-01 00:00:00'),
('83c63dcb-5210-467f-8f15-4100ff6d155b', '70b4f60d-f162-6bd9-fd02-eb502d4dff29', 'getId', 'Entity method', NULL, NULL, 10, '2024-01-01 00:00:00'),
('a2c3a4e6-dc80-093e-ba03-a5aa6095ed84', '70b4f60d-f162-6bd9-fd02-eb502d4dff29', 'getName', 'Entity method', NULL, NULL, 20, '2024-01-01 00:00:00'),
('3e864b17-3dac-9ab2-226d-7877f71fa1f2', '70b4f60d-f162-6bd9-fd02-eb502d4dff29', 'validate', 'Entity method', NULL, NULL, 30, '2024-01-01 00:00:00');

INSERT INTO source_classes (id, project_id, full_class_name, simple_name, package_name, class_type, description, source_file, created_at) VALUES
('b3180967-ba0c-5334-73cb-8167c4dd5038', '97c70fb5-4c95-8cf6-33a1-77b4cbcd543a', 'co.fanki.project32.controller.Api0Controller', 'Api0Controller', 'co.fanki.project32.controller', 'CONTROLLER', 'REST controller', 'src/co/fanki/project32/controller/Api0Controller.java', '2024-01-01 00:00:00'),
('424298b5-789d-7f01-74f3-6fd58e1a6ccb', '97c70fb5-4c95-8cf6-33a1-77b4cbcd543a', 'co.fanki.project32.controller.Api1Controller', 'Api1Controller', 'co.fanki.project32.controller', 'CONTROLLER', 'REST controller', 'src/co/fanki/project32/controller/Api1Controller.java', '2024-01-01 00:00:00'),
('c3acbe05-6bdf-2578-1abf-ea53111d68c1', '97c70fb5-4c95-8cf6-33a1-77b4cbcd543a', 'co.fanki.project32.controller.Api2Controller', 'Api2Controller', 'co.fanki.project32.controller', 'CONTROLLER', 'REST controller', 'src/co/fanki/project32/controller/Api2Controller.java', '2024-01-01 00:00:00'),
('f7adf32e-ec34-37b2-5f7c-14e55b7280be', '97c70fb5-4c95-8cf6-33a1-77b4cbcd543a', 'co.fanki.project32.controller.Api3Controller', 'Api3Controller', 'co.fanki.project32.controller', 'CONTROLLER', 'REST controller', 'src/co/fanki/project32/controller/Api3Controller.java', '2024-01-01 00:00:00'),
('86fa754b-c00b-3662-e7f1-67d406d75d38', '97c70fb5-4c95-8cf6-33a1-77b4cbcd543a', 'co.fanki.project32.controller.Api4Controller', 'Api4Controller', 'co.fanki.project32.controller', 'CONTROLLER', 'REST controller', 'src/co/fanki/project32/controller/Api4Controller.java', '2024-01-01 00:00:00'),
('c6c3dcd8-fddf-cc6b-4346-f77f1859f801', '97c70fb5-4c95-8cf6-33a1-77b4cbcd543a', 'co.fanki.project32.service.Business0Service', 'Business0Service', 'co.fanki.project32.service', 'SERVICE', 'Business service', 'src/co/fanki/project32/service/Business0Service.java', '2024-01-01 00:00:00'),
('5ecf9dc4-f454-8798-d6d9-804faef60aac', '97c70fb5-4c95-8cf6-33a1-77b4cbcd543a', 'co.fanki.project32.service.Business1Service', 'Business1Service', 'co.fanki.project32.service', 'SERVICE', 'Business service', 'src/co/fanki/project32/service/Business1Service.java', '2024-01-01 00:00:00'),
('6ed7dfff-f91f-13f6-5e7e-deb2a3b7f755', '97c70fb5-4c95-8cf6-33a1-77b4cbcd543a', 'co.fanki.project32.domain.Entity0', 'Entity0', 'co.fanki.project32.domain', 'ENTITY', 'Domain entity', 'src/co/fanki/project32/domain/Entity0.java', '2024-01-01 00:00:00'),
('f3dcb4c6-1a3f-20f6-dc04-8cdd60349ea6', '97c70fb5-4c95-8cf6-33a1-77b4cbcd543a', 'co.fanki.project32.domain.Entity1', 'Entity1', 'co.fanki.project32.domain', 'ENTITY', 'Domain entity', 'src/co/fanki/project32/domain/Entity1.java', '2024-01-01 00:00:00'),
('bf6c1f54-d2a5-3f68-0d4c-f0bebd794a90', '97c70fb5-4c95-8cf6-33a1-77b4cbcd543a', 'co.fanki.project32.domain.Entity2', 'Entity2', 'co.fanki.project32.domain', 'ENTITY', 'Domain entity', 'src/co/fanki/project32/domain/Entity2.java', '2024-01-01 00:00:00'),
('76adb1f2-cd5d-a7d0-79aa-55f6c9585f3d', '97c70fb5-4c95-8cf6-33a1-77b4cbcd543a', 'co.fanki.project32.domain.Entity3', 'Entity3', 'co.fanki.project32.domain', 'ENTITY', 'Domain entity', 'src/co/fanki/project32/domain/Entity3.java', '2024-01-01 00:00:00'),
('d3556412-baf7-ee5e-409b-30f19f428f71', '97c70fb5-4c95-8cf6-33a1-77b4cbcd543a', 'co.fanki.project32.domain.Entity4', 'Entity4', 'co.fanki.project32.domain', 'ENTITY', 'Domain entity', 'src/co/fanki/project32/domain/Entity4.java', '2024-01-01 00:00:00'),
('caa4ae11-e6e4-f55a-cd11-0bded1b016d8', '97c70fb5-4c95-8cf6-33a1-77b4cbcd543a', 'co.fanki.project32.domain.Entity5', 'Entity5', 'co.fanki.project32.domain', 'ENTITY', 'Domain entity', 'src/co/fanki/project32/domain/Entity5.java', '2024-01-01 00:00:00'),
('1a77569c-5f7f-48e9-188c-6b64bfb9575c', '97c70fb5-4c95-8cf6-33a1-77b4cbcd543a', 'co.fanki.project32.domain.Entity6', 'Entity6', 'co.fanki.project32.domain', 'ENTITY', 'Domain entity', 'src/co/fanki/project32/domain/Entity6.java', '2024-01-01 00:00:00'),
('8bd5df88-f93f-0e3e-aef8-b400ab2bf454', '97c70fb5-4c95-8cf6-33a1-77b4cbcd543a', 'co.fanki.project32.domain.Entity7', 'Entity7', 'co.fanki.project32.domain', 'ENTITY', 'Domain entity', 'src/co/fanki/project32/domain/Entity7.java', '2024-01-01 00:00:00'),
('8ccf63e1-6a48-3a67-a616-6743f1a0236d', '97c70fb5-4c95-8cf6-33a1-77b4cbcd543a', 'co.fanki.project32.domain.Entity8', 'Entity8', 'co.fanki.project32.domain', 'ENTITY', 'Domain entity', 'src/co/fanki/project32/domain/Entity8.java', '2024-01-01 00:00:00'),
('7431c316-5ede-878a-dbd7-cfc309c612ff', '97c70fb5-4c95-8cf6-33a1-77b4cbcd543a', 'co.fanki.project32.domain.Entity9', 'Entity9', 'co.fanki.project32.domain', 'ENTITY', 'Domain entity', 'src/co/fanki/project32/domain/Entity9.java', '2024-01-01 00:00:00');

INSERT INTO source_methods (id, class_id, method_name, description, http_method, http_path, line_number, created_at) VALUES
('d410cb5f-1f21-3d02-d1f7-37240729cee2', 'b3180967-ba0c-5334-73cb-8167c4dd5038', 'handle', 'Handles request', 'GET', '/api/v1/resource0', 10, '2024-01-01 00:00:00'),
('35b4d2cf-32ca-da52-dcd3-9948e0a67fef', '424298b5-789d-7f01-74f3-6fd58e1a6ccb', 'handle', 'Handles request', 'GET', '/api/v1/resource1', 10, '2024-01-01 00:00:00'),
('16dfaa1a-aa4e-fa65-a73f-a72e1b1b1347', 'c3acbe05-6bdf-2578-1abf-ea53111d68c1', 'handle', 'Handles request', 'GET', '/api/v1/resource2', 10, '2024-01-01 00:00:00'),
('e5169e68-69d6-783c-7496-a76cfc6509f9', 'f7adf32e-ec34-37b2-5f7c-14e55b7280be', 'handle', 'Handles request', 'GET', '/api/v1/resource3', 10, '2024-01-01 00:00:00'),
('f0e4b361-f378-bd57-fbbd-2799912ebff8', '86fa754b-c00b-3662-e7f1-67d406d75d38', 'handle', 'Handles request', 'GET', '/api/v1/resource4', 10, '2024-01-01 00:00:00'),
('2f130e7f-3fab-3f18-64b7-e855c950bd16', 'c6c3dcd8-fddf-cc6b-4346-f77f1859f801', 'create', 'Business logic', NULL, NULL, 10, '2024-01-01 00:00:00'),
('401163ed-c880-e3f3-820c-3bfdfbebcebc', 'c6c3dcd8-fddf-cc6b-4346-f77f1859f801', 'update', 'Business logic', NULL, NULL, 20, '2024-01-01 00:00:00'),
('e9b5a6e7-fa99-2393-1b37-7258b55988c2', 'c6c3dcd8-fddf-cc6b-4346-f77f1859f801', 'delete', 'Business logic', NULL, NULL, 30, '2024-01-01 00:00:00'),
('73af293b-b9ef-0abb-12bd-ef4157dc2fc3', 'c6c3dcd8-fddf-cc6b-4346-f77f1859f801', 'find', 'Business logic', NULL, NULL, 40, '2024-01-01 00:00:00'),
('f4376ea9-b63e-4abb-a957-41086dc78dd6', 'c6c3dcd8-fddf-cc6b-4346-f77f1859f801', 'process', 'Business logic', NULL, NULL, 50, '2024-01-01 00:00:00'),
('69e5800b-b404-7255-99d2-f94fb33da852', '5ecf9dc4-f454-8798-d6d9-804faef60aac', 'create', 'Business logic', NULL, NULL, 10, '2024-01-01 00:00:00'),
('473f8ae6-4e79-3310-3c3e-46c4ebc616b7', '5ecf9dc4-f454-8798-d6d9-804faef60aac', 'update', 'Business logic', NULL, NULL, 20, '2024-01-01 00:00:00'),
('8f872acd-bf8d-6371-7134-909dab3b789f', '5ecf9dc4-f454-8798-d6d9-804faef60aac', 'delete', 'Business logic', NULL, NULL, 30, '2024-01-01 00:00:00'),
('82af818b-a16a-abad-5dbe-50183742e27e', '5ecf9dc4-f454-8798-d6d9-804faef60aac', 'find', 'Business logic', NULL, NULL, 40, '2024-01-01 00:00:00'),
('52c997a9-d054-8e9f-b141-ceb0fd75808e', '5ecf9dc4-f454-8798-d6d9-804faef60aac', 'process', 'Business logic', NULL, NULL, 50, '2024-01-01 00:00:00'),
('161f8a7a-e8f6-3e88-9f4f-401ddb2080c1', '6ed7dfff-f91f-13f6-5e7e-deb2a3b7f755', 'getId', 'Entity method', NULL, NULL, 10, '2024-01-01 00:00:00'),
('166e254d-a47a-6325-ef6e-fe2000ae8964', '6ed7dfff-f91f-13f6-5e7e-deb2a3b7f755', 'getName', 'Entity method', NULL, NULL, 20, '2024-01-01 00:00:00'),
('640fcf6c-8bb0-0c5f-bfb8-ce583dcd7f12', '6ed7dfff-f91f-13f6-5e7e-deb2a3b7f755', 'validate', 'Entity method', NULL, NULL, 30, '2024-01-01 00:00:00'),
('a67c26a5-c79a-878f-18a9-e985abeb9076', 'f3dcb4c6-1a3f-20f6-dc04-8cdd60349ea6', 'getId', 'Entity method', NULL, NULL, 10, '2024-01-01 00:00:00'),
('b25aa139-c54c-29d8-2ca7-f2b290a02b22', 'f3dcb4c6-1a3f-20f6-dc04-8cdd60349ea6', 'getName', 'Entity method', NULL, NULL, 20, '2024-01-01 00:00:00'),
('8f857a53-fba6-c627-f5d8-654966858767', 'f3dcb4c6-1a3f-20f6-dc04-8cdd60349ea6', 'validate', 'Entity method', NULL, NULL, 30, '2024-01-01 00:00:00'),
('f50b7d78-9acf-e432-c0f9-68ab84e4f4bd', 'bf6c1f54-d2a5-3f68-0d4c-f0bebd794a90', 'getId', 'Entity method', NULL, NULL, 10, '2024-01-01 00:00:00'),
('eb6d57c0-3cf2-5eb8-c943-89495c6eceb8', 'bf6c1f54-d2a5-3f68-0d4c-f0bebd794a90', 'getName', 'Entity method', NULL, NULL, 20, '2024-01-01 00:00:00'),
('1b9190fc-7cb6-6bbb-491b-c95f2ad450a5', 'bf6c1f54-d2a5-3f68-0d4c-f0bebd794a90', 'validate', 'Entity method', NULL, NULL, 30, '2024-01-01 00:00:00'),
('fd5dde92-edac-14d6-8e33-539e208ffdf4', '76adb1f2-cd5d-a7d0-79aa-55f6c9585f3d', 'getId', 'Entity method', NULL, NULL, 10, '2024-01-01 00:00:00'),
('c5a114cf-fa6b-594f-bd1c-3f3e3f9974e8', '76adb1f2-cd5d-a7d0-79aa-55f6c9585f3d', 'getName', 'Entity method', NULL, NULL, 20, '2024-01-01 00:00:00'),
('20a0e9ac-b43b-78b3-5719-71b67e503348', '76adb1f2-cd5d-a7d0-79aa-55f6c9585f3d', 'validate', 'Entity method', NULL, NULL, 30, '2024-01-01 00:00:00'),
('7cae82bb-49be-04ea-0cb3-4fb76b81013b', 'd3556412-baf7-ee5e-409b-30f19f428f71', 'getId', 'Entity method', NULL, NULL, 10, '2024-01-01 00:00:00'),
('92300907-e5d8-a666-7bfe-0a7ddfdc9401', 'd3556412-baf7-ee5e-409b-30f19f428f71', 'getName', 'Entity method', NULL, NULL, 20, '2024-01-01 00:00:00'),
('f40752a3-f074-aad1-b5ed-e84f6bc22b03', 'd3556412-baf7-ee5e-409b-30f19f428f71', 'validate', 'Entity method', NULL, NULL, 30, '2024-01-01 00:00:00'),
('22d5e2f7-87a0-ecfc-dd07-577c98b990f8', 'caa4ae11-e6e4-f55a-cd11-0bded1b016d8', 'getId', 'Entity method', NULL, NULL, 10, '2024-01-01 00:00:00'),
('b1adc0ea-c2ac-f3f9-7e81-6d722c817997', 'caa4ae11-e6e4-f55a-cd11-0bded1b016d8', 'getName', 'Entity method', NULL, NULL, 20, '2024-01-01 00:00:00'),
('f6ecdb9f-2a11-5c79-8c38-e27374823c77', 'caa4ae11-e6e4-f55a-cd11-0bded1b016d8', 'validate', 'Entity method', NULL, NULL, 30, '2024-01-01 00:00:00'),
('f729af7a-33cf-7b85-9019-c5320eae5f76', '1a77569c-5f7f-48e9-188c-6b64bfb9575c', 'getId', 'Entity method', NULL, NULL, 10, '2024-01-01 00:00:00'),
('1082be68-de7a-8bce-badd-d712d268bfb6', '1a77569c-5f7f-48e9-188c-6b64bfb9575c', 'getName', 'Entity method', NULL, NULL, 20, '2024-01-01 00:00:00'),
('b27d3340-7d91-8282-b369-b23c3e5d4c05', '1a77569c-5f7f-48e9-188c-6b64bfb9575c', 'validate', 'Entity method', NULL, NULL, 30, '2024-01-01 00:00:00'),
('c8b109da-b897-4a05-9811-fce881005755', '8bd5df88-f93f-0e3e-aef8-b400ab2bf454', 'getId', 'Entity method', NULL, NULL, 10, '2024-01-01 00:00:00'),
('7ac1368c-50d1-0521-2b4d-43ba7782b2c1', '8bd5df88-f93f-0e3e-aef8-b400ab2bf454', 'getName', 'Entity method', NULL, NULL, 20, '2024-01-01 00:00:00'),
('ab335102-c0c3-0cfa-f197-e9816ad92f67', '8bd5df88-f93f-0e3e-aef8-b400ab2bf454', 'validate', 'Entity method', NULL, NULL, 30, '2024-01-01 00:00:00'),
('f262ecce-3217-465c-6f24-9b96b6345829', '8ccf63e1-6a48-3a67-a616-6743f1a0236d', 'getId', 'Entity method', NULL, NULL, 10, '2024-01-01 00:00:00'),
('e5571c03-30c4-b673-7594-d1a231f48beb', '8ccf63e1-6a48-3a67-a616-6743f1a0236d', 'getName', 'Entity method', NULL, NULL, 20, '2024-01-01 00:00:00'),
('7e97cb31-69a5-5807-535c-5eb86682397d', '8ccf63e1-6a48-3a67-a616-6743f1a0236d', 'validate', 'Entity method', NULL, NULL, 30, '2024-01-01 00:00:00'),
('9d3877d9-906a-9138-1a97-dabd0d8592b1', '7431c316-5ede-878a-dbd7-cfc309c612ff', 'getId', 'Entity method', NULL, NULL, 10, '2024-01-01 00:00:00'),
('2ae7c9a0-aa24-8dee-9f8b-dedc9d5aa2ce', '7431c316-5ede-878a-dbd7-cfc309c612ff', 'getName', 'Entity method', NULL, NULL, 20, '2024-01-01 00:00:00'),
('47aecebe-05d4-f3d6-a789-5bfbd7c669bc', '7431c316-5ede-878a-dbd7-cfc309c612ff', 'validate', 'Entity method', NULL, NULL, 30, '2024-01-01 00:00:00');

INSERT INTO source_classes (id, project_id, full_class_name, simple_name, package_name, class_type, description, source_file, created_at) VALUES
('4f043d5f-bc3e-0d35-87ae-41184c441b2f', '441490e8-c2ec-a85c-e7a2-3ea886f812cf', 'co.fanki.project33.controller.Api0Controller', 'Api0Controller', 'co.fanki.project33.controller', 'CONTROLLER', 'REST controller', 'src/co/fanki/project33/controller/Api0Controller.java', '2024-01-01 00:00:00'),
('e7a4091b-1741-dbc0-86c7-28a1650853ca', '441490e8-c2ec-a85c-e7a2-3ea886f812cf', 'co.fanki.project33.controller.Api1Controller', 'Api1Controller', 'co.fanki.project33.controller', 'CONTROLLER', 'REST controller', 'src/co/fanki/project33/controller/Api1Controller.java', '2024-01-01 00:00:00'),
('d50fa4c7-660d-19cc-09d9-7d8182719090', '441490e8-c2ec-a85c-e7a2-3ea886f812cf', 'co.fanki.project33.controller.Api2Controller', 'Api2Controller', 'co.fanki.project33.controller', 'CONTROLLER', 'REST controller', 'src/co/fanki/project33/controller/Api2Controller.java', '2024-01-01 00:00:00'),
('8b84af85-4ffd-2923-db57-9f5ebced5d42', '441490e8-c2ec-a85c-e7a2-3ea886f812cf', 'co.fanki.project33.controller.Api3Controller', 'Api3Controller', 'co.fanki.project33.controller', 'CONTROLLER', 'REST controller', 'src/co/fanki/project33/controller/Api3Controller.java', '2024-01-01 00:00:00'),
('93174cea-a6a0-c796-917a-fdabf8430464', '441490e8-c2ec-a85c-e7a2-3ea886f812cf', 'co.fanki.project33.controller.Api4Controller', 'Api4Controller', 'co.fanki.project33.controller', 'CONTROLLER', 'REST controller', 'src/co/fanki/project33/controller/Api4Controller.java', '2024-01-01 00:00:00'),
('72b01849-9115-ca55-10a8-5509c2cdbad3', '441490e8-c2ec-a85c-e7a2-3ea886f812cf', 'co.fanki.project33.service.Business0Service', 'Business0Service', 'co.fanki.project33.service', 'SERVICE', 'Business service', 'src/co/fanki/project33/service/Business0Service.java', '2024-01-01 00:00:00'),
('6a5a8c3a-96ec-ab4f-423d-b607fc086e91', '441490e8-c2ec-a85c-e7a2-3ea886f812cf', 'co.fanki.project33.service.Business1Service', 'Business1Service', 'co.fanki.project33.service', 'SERVICE', 'Business service', 'src/co/fanki/project33/service/Business1Service.java', '2024-01-01 00:00:00'),
('574de7b3-2ae2-40e4-d4cd-89e971a24c23', '441490e8-c2ec-a85c-e7a2-3ea886f812cf', 'co.fanki.project33.domain.Entity0', 'Entity0', 'co.fanki.project33.domain', 'ENTITY', 'Domain entity', 'src/co/fanki/project33/domain/Entity0.java', '2024-01-01 00:00:00'),
('92d39d0a-3f69-be27-8b6c-626f281efe99', '441490e8-c2ec-a85c-e7a2-3ea886f812cf', 'co.fanki.project33.domain.Entity1', 'Entity1', 'co.fanki.project33.domain', 'ENTITY', 'Domain entity', 'src/co/fanki/project33/domain/Entity1.java', '2024-01-01 00:00:00'),
('12a62150-3f8a-fbf8-8b0f-9497c990be92', '441490e8-c2ec-a85c-e7a2-3ea886f812cf', 'co.fanki.project33.domain.Entity2', 'Entity2', 'co.fanki.project33.domain', 'ENTITY', 'Domain entity', 'src/co/fanki/project33/domain/Entity2.java', '2024-01-01 00:00:00'),
('4707eb68-0790-4195-fb91-eb95a526f242', '441490e8-c2ec-a85c-e7a2-3ea886f812cf', 'co.fanki.project33.domain.Entity3', 'Entity3', 'co.fanki.project33.domain', 'ENTITY', 'Domain entity', 'src/co/fanki/project33/domain/Entity3.java', '2024-01-01 00:00:00'),
('f09bf662-1a94-2eb7-8862-9bcba09e0aa2', '441490e8-c2ec-a85c-e7a2-3ea886f812cf', 'co.fanki.project33.domain.Entity4', 'Entity4', 'co.fanki.project33.domain', 'ENTITY', 'Domain entity', 'src/co/fanki/project33/domain/Entity4.java', '2024-01-01 00:00:00'),
('cc90272f-dc7e-72a8-1a01-86442a2b832f', '441490e8-c2ec-a85c-e7a2-3ea886f812cf', 'co.fanki.project33.domain.Entity5', 'Entity5', 'co.fanki.project33.domain', 'ENTITY', 'Domain entity', 'src/co/fanki/project33/domain/Entity5.java', '2024-01-01 00:00:00'),
('bea5ef6b-3ca1-9972-f7ba-147be369dbfd', '441490e8-c2ec-a85c-e7a2-3ea886f812cf', 'co.fanki.project33.domain.Entity6', 'Entity6', 'co.fanki.project33.domain', 'ENTITY', 'Domain entity', 'src/co/fanki/project33/domain/Entity6.java', '2024-01-01 00:00:00'),
('c4f47f94-d8d9-8137-2d9d-9f72833c5194', '441490e8-c2ec-a85c-e7a2-3ea886f812cf', 'co.fanki.project33.domain.Entity7', 'Entity7', 'co.fanki.project33.domain', 'ENTITY', 'Domain entity', 'src/co/fanki/project33/domain/Entity7.java', '2024-01-01 00:00:00'),
('93777b03-e8e0-893b-5679-0ca359f0a93d', '441490e8-c2ec-a85c-e7a2-3ea886f812cf', 'co.fanki.project33.domain.Entity8', 'Entity8', 'co.fanki.project33.domain', 'ENTITY', 'Domain entity', 'src/co/fanki/project33/domain/Entity8.java', '2024-01-01 00:00:00'),
('4a2021ef-8b12-14c6-84f9-02d17c9d00b8', '441490e8-c2ec-a85c-e7a2-3ea886f812cf', 'co.fanki.project33.domain.Entity9', 'Entity9', 'co.fanki.project33.domain', 'ENTITY', 'Domain entity', 'src/co/fanki/project33/domain/Entity9.java', '2024-01-01 00:00:00');

INSERT INTO source_methods (id, class_id, method_name, description, http_method, http_path, line_number, created_at) VALUES
('01042fc9-c44d-a421-6777-b5dae980f43a', '4f043d5f-bc3e-0d35-87ae-41184c441b2f', 'handle', 'Handles request', 'GET', '/api/v1/resource0', 10, '2024-01-01 00:00:00'),
('ff89ce06-6706-d743-4d52-cd3df7d8ccc6', 'e7a4091b-1741-dbc0-86c7-28a1650853ca', 'handle', 'Handles request', 'GET', '/api/v1/resource1', 10, '2024-01-01 00:00:00'),
('1c880525-c5e4-d847-8f8a-fdfa65e2d394', 'd50fa4c7-660d-19cc-09d9-7d8182719090', 'handle', 'Handles request', 'GET', '/api/v1/resource2', 10, '2024-01-01 00:00:00'),
('3802b070-8f8a-c7ac-ca62-dd48d0124a25', '8b84af85-4ffd-2923-db57-9f5ebced5d42', 'handle', 'Handles request', 'GET', '/api/v1/resource3', 10, '2024-01-01 00:00:00'),
('a0f7d942-1ff5-6044-50dd-89ff39bb6ce4', '93174cea-a6a0-c796-917a-fdabf8430464', 'handle', 'Handles request', 'GET', '/api/v1/resource4', 10, '2024-01-01 00:00:00'),
('5f5a972c-ae67-a567-2cbe-593bb990fd33', '72b01849-9115-ca55-10a8-5509c2cdbad3', 'create', 'Business logic', NULL, NULL, 10, '2024-01-01 00:00:00'),
('7aed025b-0732-e19d-76ff-b98d50098bb6', '72b01849-9115-ca55-10a8-5509c2cdbad3', 'update', 'Business logic', NULL, NULL, 20, '2024-01-01 00:00:00'),
('7c959bfe-da34-2c12-b504-59604335fbeb', '72b01849-9115-ca55-10a8-5509c2cdbad3', 'delete', 'Business logic', NULL, NULL, 30, '2024-01-01 00:00:00'),
('e3891c88-ccc3-3e09-3c6e-a00193da3465', '72b01849-9115-ca55-10a8-5509c2cdbad3', 'find', 'Business logic', NULL, NULL, 40, '2024-01-01 00:00:00'),
('2da0f42e-ee0a-2176-48cd-d7a99eacd3e3', '72b01849-9115-ca55-10a8-5509c2cdbad3', 'process', 'Business logic', NULL, NULL, 50, '2024-01-01 00:00:00'),
('bba9d5e7-c1c7-8b71-02cc-d9266899b5a0', '6a5a8c3a-96ec-ab4f-423d-b607fc086e91', 'create', 'Business logic', NULL, NULL, 10, '2024-01-01 00:00:00'),
('c7b4b434-2e83-97ca-2573-084bf1f51b52', '6a5a8c3a-96ec-ab4f-423d-b607fc086e91', 'update', 'Business logic', NULL, NULL, 20, '2024-01-01 00:00:00'),
('6435cf97-d033-7144-f606-f3abb52fdbb9', '6a5a8c3a-96ec-ab4f-423d-b607fc086e91', 'delete', 'Business logic', NULL, NULL, 30, '2024-01-01 00:00:00'),
('631844b9-535b-96c8-366b-9660b06f8f79', '6a5a8c3a-96ec-ab4f-423d-b607fc086e91', 'find', 'Business logic', NULL, NULL, 40, '2024-01-01 00:00:00'),
('2571a0f1-28f9-954b-89ae-6fa978d69888', '6a5a8c3a-96ec-ab4f-423d-b607fc086e91', 'process', 'Business logic', NULL, NULL, 50, '2024-01-01 00:00:00'),
('7648f63e-0986-f011-d6a9-33a5d327febd', '574de7b3-2ae2-40e4-d4cd-89e971a24c23', 'getId', 'Entity method', NULL, NULL, 10, '2024-01-01 00:00:00'),
('c0255fdd-01cc-2870-abe8-0d287af355c2', '574de7b3-2ae2-40e4-d4cd-89e971a24c23', 'getName', 'Entity method', NULL, NULL, 20, '2024-01-01 00:00:00'),
('d3e94dd3-e134-62b4-b9cc-ce5c8a0b98b1', '574de7b3-2ae2-40e4-d4cd-89e971a24c23', 'validate', 'Entity method', NULL, NULL, 30, '2024-01-01 00:00:00'),
('ad78e43d-8501-a254-6c3d-905008b056fb', '92d39d0a-3f69-be27-8b6c-626f281efe99', 'getId', 'Entity method', NULL, NULL, 10, '2024-01-01 00:00:00'),
('2ac29dda-7ddb-443a-dc6a-d90a1f031677', '92d39d0a-3f69-be27-8b6c-626f281efe99', 'getName', 'Entity method', NULL, NULL, 20, '2024-01-01 00:00:00'),
('95e2702d-c313-9623-6135-8db31e657232', '92d39d0a-3f69-be27-8b6c-626f281efe99', 'validate', 'Entity method', NULL, NULL, 30, '2024-01-01 00:00:00'),
('1d68f05d-44ab-8373-5514-1ae2d863b650', '12a62150-3f8a-fbf8-8b0f-9497c990be92', 'getId', 'Entity method', NULL, NULL, 10, '2024-01-01 00:00:00'),
('03cdc130-7731-18d6-5948-ca171be3cbb3', '12a62150-3f8a-fbf8-8b0f-9497c990be92', 'getName', 'Entity method', NULL, NULL, 20, '2024-01-01 00:00:00'),
('2fe40016-681d-e790-e306-58a44a1c6a61', '12a62150-3f8a-fbf8-8b0f-9497c990be92', 'validate', 'Entity method', NULL, NULL, 30, '2024-01-01 00:00:00'),
('e788de25-4b52-2cc7-0e3a-3586db14bce0', '4707eb68-0790-4195-fb91-eb95a526f242', 'getId', 'Entity method', NULL, NULL, 10, '2024-01-01 00:00:00'),
('c5082aa8-7206-e9e3-55cd-262049464889', '4707eb68-0790-4195-fb91-eb95a526f242', 'getName', 'Entity method', NULL, NULL, 20, '2024-01-01 00:00:00'),
('a2e25c3d-869f-d3cb-5285-96025eb4c1bb', '4707eb68-0790-4195-fb91-eb95a526f242', 'validate', 'Entity method', NULL, NULL, 30, '2024-01-01 00:00:00'),
('d34af0f1-351e-10be-4a02-3e5cb92dacd5', 'f09bf662-1a94-2eb7-8862-9bcba09e0aa2', 'getId', 'Entity method', NULL, NULL, 10, '2024-01-01 00:00:00'),
('f426c920-41a0-e80c-ecee-fbfd6aedce16', 'f09bf662-1a94-2eb7-8862-9bcba09e0aa2', 'getName', 'Entity method', NULL, NULL, 20, '2024-01-01 00:00:00'),
('0af1bacf-c4d2-baeb-54db-b6ab88d13865', 'f09bf662-1a94-2eb7-8862-9bcba09e0aa2', 'validate', 'Entity method', NULL, NULL, 30, '2024-01-01 00:00:00'),
('5d010f68-2f53-7093-f0b2-b2f4bfe5c6fd', 'cc90272f-dc7e-72a8-1a01-86442a2b832f', 'getId', 'Entity method', NULL, NULL, 10, '2024-01-01 00:00:00'),
('8e6e47e4-0216-340d-9aa6-af4aa75c4e41', 'cc90272f-dc7e-72a8-1a01-86442a2b832f', 'getName', 'Entity method', NULL, NULL, 20, '2024-01-01 00:00:00'),
('fa92d716-7869-7a41-b5d5-4f5c69d066e0', 'cc90272f-dc7e-72a8-1a01-86442a2b832f', 'validate', 'Entity method', NULL, NULL, 30, '2024-01-01 00:00:00'),
('acfdc436-7479-30bc-89fd-09e1464556ec', 'bea5ef6b-3ca1-9972-f7ba-147be369dbfd', 'getId', 'Entity method', NULL, NULL, 10, '2024-01-01 00:00:00'),
('54ecddd1-f0b0-c155-260c-69c0ff44aa6a', 'bea5ef6b-3ca1-9972-f7ba-147be369dbfd', 'getName', 'Entity method', NULL, NULL, 20, '2024-01-01 00:00:00'),
('4278a388-66aa-41ae-ebe7-767340bb729e', 'bea5ef6b-3ca1-9972-f7ba-147be369dbfd', 'validate', 'Entity method', NULL, NULL, 30, '2024-01-01 00:00:00'),
('c9ce0cde-6d64-8e88-64bb-97d4f75f894c', 'c4f47f94-d8d9-8137-2d9d-9f72833c5194', 'getId', 'Entity method', NULL, NULL, 10, '2024-01-01 00:00:00'),
('de583960-e7a1-95bc-8fe1-34cb99199de4', 'c4f47f94-d8d9-8137-2d9d-9f72833c5194', 'getName', 'Entity method', NULL, NULL, 20, '2024-01-01 00:00:00'),
('bfa5ac99-2108-2cea-07d3-42aae47fa407', 'c4f47f94-d8d9-8137-2d9d-9f72833c5194', 'validate', 'Entity method', NULL, NULL, 30, '2024-01-01 00:00:00'),
('27c6930b-8a7a-e6d8-e353-0b60724deb4b', '93777b03-e8e0-893b-5679-0ca359f0a93d', 'getId', 'Entity method', NULL, NULL, 10, '2024-01-01 00:00:00'),
('65790217-47e0-2eb6-112b-9e6dd5009dbd', '93777b03-e8e0-893b-5679-0ca359f0a93d', 'getName', 'Entity method', NULL, NULL, 20, '2024-01-01 00:00:00'),
('4a97d7af-2557-9590-c77f-034e03f8d1f9', '93777b03-e8e0-893b-5679-0ca359f0a93d', 'validate', 'Entity method', NULL, NULL, 30, '2024-01-01 00:00:00'),
('f597fb31-fdc1-c30b-bcf8-6c7d63a61572', '4a2021ef-8b12-14c6-84f9-02d17c9d00b8', 'getId', 'Entity method', NULL, NULL, 10, '2024-01-01 00:00:00'),
('6ac9ea1c-7d0a-5dc3-4140-c721ea9dcdee', '4a2021ef-8b12-14c6-84f9-02d17c9d00b8', 'getName', 'Entity method', NULL, NULL, 20, '2024-01-01 00:00:00'),
('8fe16b99-9a15-c016-cb6a-99cd9ca398f8', '4a2021ef-8b12-14c6-84f9-02d17c9d00b8', 'validate', 'Entity method', NULL, NULL, 30, '2024-01-01 00:00:00');

INSERT INTO source_classes (id, project_id, full_class_name, simple_name, package_name, class_type, description, source_file, created_at) VALUES
('b16d0a46-d085-c4a4-cf7e-b5dd5b12f3d4', 'bb332e67-2f59-280e-ad71-de6749622d97', 'co.fanki.project34.controller.Api0Controller', 'Api0Controller', 'co.fanki.project34.controller', 'CONTROLLER', 'REST controller', 'src/co/fanki/project34/controller/Api0Controller.java', '2024-01-01 00:00:00'),
('041f6e26-82c3-2df0-6161-d073c55805a5', 'bb332e67-2f59-280e-ad71-de6749622d97', 'co.fanki.project34.controller.Api1Controller', 'Api1Controller', 'co.fanki.project34.controller', 'CONTROLLER', 'REST controller', 'src/co/fanki/project34/controller/Api1Controller.java', '2024-01-01 00:00:00'),
('258e9642-e726-6a46-0a3f-a23711b7c27c', 'bb332e67-2f59-280e-ad71-de6749622d97', 'co.fanki.project34.controller.Api2Controller', 'Api2Controller', 'co.fanki.project34.controller', 'CONTROLLER', 'REST controller', 'src/co/fanki/project34/controller/Api2Controller.java', '2024-01-01 00:00:00'),
('f9e411f9-3778-e6f8-6055-837d0ecab7cc', 'bb332e67-2f59-280e-ad71-de6749622d97', 'co.fanki.project34.controller.Api3Controller', 'Api3Controller', 'co.fanki.project34.controller', 'CONTROLLER', 'REST controller', 'src/co/fanki/project34/controller/Api3Controller.java', '2024-01-01 00:00:00'),
('4c9b7ed0-ca30-d885-102a-ea9a25559267', 'bb332e67-2f59-280e-ad71-de6749622d97', 'co.fanki.project34.controller.Api4Controller', 'Api4Controller', 'co.fanki.project34.controller', 'CONTROLLER', 'REST controller', 'src/co/fanki/project34/controller/Api4Controller.java', '2024-01-01 00:00:00'),
('7d000156-ff47-477f-a9f2-f3ff02f89645', 'bb332e67-2f59-280e-ad71-de6749622d97', 'co.fanki.project34.service.Business0Service', 'Business0Service', 'co.fanki.project34.service', 'SERVICE', 'Business service', 'src/co/fanki/project34/service/Business0Service.java', '2024-01-01 00:00:00'),
('b3c00c69-f996-6603-0fe5-12565f1fec7f', 'bb332e67-2f59-280e-ad71-de6749622d97', 'co.fanki.project34.service.Business1Service', 'Business1Service', 'co.fanki.project34.service', 'SERVICE', 'Business service', 'src/co/fanki/project34/service/Business1Service.java', '2024-01-01 00:00:00'),
('c53a6c66-ba33-506e-fcab-be2b52b1fd1a', 'bb332e67-2f59-280e-ad71-de6749622d97', 'co.fanki.project34.domain.Entity0', 'Entity0', 'co.fanki.project34.domain', 'ENTITY', 'Domain entity', 'src/co/fanki/project34/domain/Entity0.java', '2024-01-01 00:00:00'),
('52bf0838-53bb-1a22-1acd-881fbcc7baa8', 'bb332e67-2f59-280e-ad71-de6749622d97', 'co.fanki.project34.domain.Entity1', 'Entity1', 'co.fanki.project34.domain', 'ENTITY', 'Domain entity', 'src/co/fanki/project34/domain/Entity1.java', '2024-01-01 00:00:00'),
('edf2f8d2-210c-487c-8e5c-fcd5d93aee63', 'bb332e67-2f59-280e-ad71-de6749622d97', 'co.fanki.project34.domain.Entity2', 'Entity2', 'co.fanki.project34.domain', 'ENTITY', 'Domain entity', 'src/co/fanki/project34/domain/Entity2.java', '2024-01-01 00:00:00'),
('75250117-f915-b10f-88ba-e03343cc4021', 'bb332e67-2f59-280e-ad71-de6749622d97', 'co.fanki.project34.domain.Entity3', 'Entity3', 'co.fanki.project34.domain', 'ENTITY', 'Domain entity', 'src/co/fanki/project34/domain/Entity3.java', '2024-01-01 00:00:00'),
('2336bbce-0cac-3c72-2d6e-a0faeae0d7fe', 'bb332e67-2f59-280e-ad71-de6749622d97', 'co.fanki.project34.domain.Entity4', 'Entity4', 'co.fanki.project34.domain', 'ENTITY', 'Domain entity', 'src/co/fanki/project34/domain/Entity4.java', '2024-01-01 00:00:00'),
('df38ad8b-8132-0069-2cd6-a6a60c75e05a', 'bb332e67-2f59-280e-ad71-de6749622d97', 'co.fanki.project34.domain.Entity5', 'Entity5', 'co.fanki.project34.domain', 'ENTITY', 'Domain entity', 'src/co/fanki/project34/domain/Entity5.java', '2024-01-01 00:00:00'),
('0e33d788-c7a8-0ff7-553c-2f7429a09a79', 'bb332e67-2f59-280e-ad71-de6749622d97', 'co.fanki.project34.domain.Entity6', 'Entity6', 'co.fanki.project34.domain', 'ENTITY', 'Domain entity', 'src/co/fanki/project34/domain/Entity6.java', '2024-01-01 00:00:00'),
('56a26c63-59f6-aeac-0aa9-3b4628cc726e', 'bb332e67-2f59-280e-ad71-de6749622d97', 'co.fanki.project34.domain.Entity7', 'Entity7', 'co.fanki.project34.domain', 'ENTITY', 'Domain entity', 'src/co/fanki/project34/domain/Entity7.java', '2024-01-01 00:00:00'),
('7cc09ce7-b242-35aa-053e-ddefe7c915f8', 'bb332e67-2f59-280e-ad71-de6749622d97', 'co.fanki.project34.domain.Entity8', 'Entity8', 'co.fanki.project34.domain', 'ENTITY', 'Domain entity', 'src/co/fanki/project34/domain/Entity8.java', '2024-01-01 00:00:00'),
('95002b4b-f3ad-9340-32af-7f6be33c4862', 'bb332e67-2f59-280e-ad71-de6749622d97', 'co.fanki.project34.domain.Entity9', 'Entity9', 'co.fanki.project34.domain', 'ENTITY', 'Domain entity', 'src/co/fanki/project34/domain/Entity9.java', '2024-01-01 00:00:00');

INSERT INTO source_methods (id, class_id, method_name, description, http_method, http_path, line_number, created_at) VALUES
('30175813-c4c3-a387-5c5f-490549dc0996', 'b16d0a46-d085-c4a4-cf7e-b5dd5b12f3d4', 'handle', 'Handles request', 'GET', '/api/v1/resource0', 10, '2024-01-01 00:00:00'),
('521db9be-2a8f-3099-f2a9-1df101604ff9', '041f6e26-82c3-2df0-6161-d073c55805a5', 'handle', 'Handles request', 'GET', '/api/v1/resource1', 10, '2024-01-01 00:00:00'),
('469b3205-767e-6721-00f3-9699e4258ae1', '258e9642-e726-6a46-0a3f-a23711b7c27c', 'handle', 'Handles request', 'GET', '/api/v1/resource2', 10, '2024-01-01 00:00:00'),
('094ff228-5073-9cf7-8c40-9eaff6709395', 'f9e411f9-3778-e6f8-6055-837d0ecab7cc', 'handle', 'Handles request', 'GET', '/api/v1/resource3', 10, '2024-01-01 00:00:00'),
('6cdc2585-02c5-778d-812d-f88ddbe6e64c', '4c9b7ed0-ca30-d885-102a-ea9a25559267', 'handle', 'Handles request', 'GET', '/api/v1/resource4', 10, '2024-01-01 00:00:00'),
('4aed941e-0937-509c-aff9-59bbfbecf8ae', '7d000156-ff47-477f-a9f2-f3ff02f89645', 'create', 'Business logic', NULL, NULL, 10, '2024-01-01 00:00:00'),
('b701122f-4559-7082-2007-fe4cb60cf519', '7d000156-ff47-477f-a9f2-f3ff02f89645', 'update', 'Business logic', NULL, NULL, 20, '2024-01-01 00:00:00'),
('7f937b21-87f4-8026-8b82-996a30b66a9b', '7d000156-ff47-477f-a9f2-f3ff02f89645', 'delete', 'Business logic', NULL, NULL, 30, '2024-01-01 00:00:00'),
('7a8c5f17-7465-2e09-0dfc-c9ee48b2e1f1', '7d000156-ff47-477f-a9f2-f3ff02f89645', 'find', 'Business logic', NULL, NULL, 40, '2024-01-01 00:00:00'),
('e9e3320f-f15a-4b03-58d0-9abbf28e50d6', '7d000156-ff47-477f-a9f2-f3ff02f89645', 'process', 'Business logic', NULL, NULL, 50, '2024-01-01 00:00:00'),
('fc2fa005-d06c-2505-a362-dc8b88befdca', 'b3c00c69-f996-6603-0fe5-12565f1fec7f', 'create', 'Business logic', NULL, NULL, 10, '2024-01-01 00:00:00'),
('c205b84d-4a27-9c7d-3a2b-611a99a887c1', 'b3c00c69-f996-6603-0fe5-12565f1fec7f', 'update', 'Business logic', NULL, NULL, 20, '2024-01-01 00:00:00'),
('ab58ba5a-b3a8-e9e4-3cd9-f0cb9b4dab43', 'b3c00c69-f996-6603-0fe5-12565f1fec7f', 'delete', 'Business logic', NULL, NULL, 30, '2024-01-01 00:00:00'),
('d7e0a1a8-ad3e-50a0-41a8-e7ed70a8804c', 'b3c00c69-f996-6603-0fe5-12565f1fec7f', 'find', 'Business logic', NULL, NULL, 40, '2024-01-01 00:00:00'),
('3fdf0ded-f4d1-5feb-0dfa-19a4b746b5b7', 'b3c00c69-f996-6603-0fe5-12565f1fec7f', 'process', 'Business logic', NULL, NULL, 50, '2024-01-01 00:00:00'),
('f49a39bf-6744-3ab4-30e8-099b3c9d91fc', 'c53a6c66-ba33-506e-fcab-be2b52b1fd1a', 'getId', 'Entity method', NULL, NULL, 10, '2024-01-01 00:00:00'),
('4bd03d3d-395e-3f9c-1331-dd35d5d83f05', 'c53a6c66-ba33-506e-fcab-be2b52b1fd1a', 'getName', 'Entity method', NULL, NULL, 20, '2024-01-01 00:00:00'),
('e3d761ce-53eb-3c6b-824d-557046d56156', 'c53a6c66-ba33-506e-fcab-be2b52b1fd1a', 'validate', 'Entity method', NULL, NULL, 30, '2024-01-01 00:00:00'),
('51947eeb-4eab-9f4d-989e-2bcb5a48c2d9', '52bf0838-53bb-1a22-1acd-881fbcc7baa8', 'getId', 'Entity method', NULL, NULL, 10, '2024-01-01 00:00:00'),
('99c3e938-79e8-c755-3bec-62df1b56c1bd', '52bf0838-53bb-1a22-1acd-881fbcc7baa8', 'getName', 'Entity method', NULL, NULL, 20, '2024-01-01 00:00:00'),
('036b36e2-27c0-ea5f-8c69-07a5ea07881b', '52bf0838-53bb-1a22-1acd-881fbcc7baa8', 'validate', 'Entity method', NULL, NULL, 30, '2024-01-01 00:00:00'),
('514d9a3f-389d-93f8-3e32-bee9fa1fdad2', 'edf2f8d2-210c-487c-8e5c-fcd5d93aee63', 'getId', 'Entity method', NULL, NULL, 10, '2024-01-01 00:00:00'),
('e9e9cc61-2006-9d11-b6e4-18633cd899c7', 'edf2f8d2-210c-487c-8e5c-fcd5d93aee63', 'getName', 'Entity method', NULL, NULL, 20, '2024-01-01 00:00:00'),
('c1bd5c0f-f1ad-4cdd-028d-823d8981f96d', 'edf2f8d2-210c-487c-8e5c-fcd5d93aee63', 'validate', 'Entity method', NULL, NULL, 30, '2024-01-01 00:00:00'),
('c6ba7ae7-b475-4035-3169-604bf1906b2d', '75250117-f915-b10f-88ba-e03343cc4021', 'getId', 'Entity method', NULL, NULL, 10, '2024-01-01 00:00:00'),
('61c0f21e-ad4b-9046-9409-23514011dbc4', '75250117-f915-b10f-88ba-e03343cc4021', 'getName', 'Entity method', NULL, NULL, 20, '2024-01-01 00:00:00'),
('25a5a59b-b472-f091-6fd2-4d30d6823f9a', '75250117-f915-b10f-88ba-e03343cc4021', 'validate', 'Entity method', NULL, NULL, 30, '2024-01-01 00:00:00'),
('5eca3a11-5a6c-173d-fa5e-025fa82c3b43', '2336bbce-0cac-3c72-2d6e-a0faeae0d7fe', 'getId', 'Entity method', NULL, NULL, 10, '2024-01-01 00:00:00'),
('9098f2db-0df2-f070-731c-4c488240a302', '2336bbce-0cac-3c72-2d6e-a0faeae0d7fe', 'getName', 'Entity method', NULL, NULL, 20, '2024-01-01 00:00:00'),
('cb972d50-923a-6b8d-3db4-8bb6ccbac2ac', '2336bbce-0cac-3c72-2d6e-a0faeae0d7fe', 'validate', 'Entity method', NULL, NULL, 30, '2024-01-01 00:00:00'),
('96613e98-359d-28a9-e2d8-8acc71b4ba38', 'df38ad8b-8132-0069-2cd6-a6a60c75e05a', 'getId', 'Entity method', NULL, NULL, 10, '2024-01-01 00:00:00'),
('78870924-0a5c-af2b-08bd-d7b49ca05bf7', 'df38ad8b-8132-0069-2cd6-a6a60c75e05a', 'getName', 'Entity method', NULL, NULL, 20, '2024-01-01 00:00:00'),
('cd8aead3-3608-f7a6-7b6e-62ec2027b624', 'df38ad8b-8132-0069-2cd6-a6a60c75e05a', 'validate', 'Entity method', NULL, NULL, 30, '2024-01-01 00:00:00'),
('754aa443-3b6f-b798-a45f-089b8835dc10', '0e33d788-c7a8-0ff7-553c-2f7429a09a79', 'getId', 'Entity method', NULL, NULL, 10, '2024-01-01 00:00:00'),
('c72d7a40-342f-2cfa-8a82-44010190e4ac', '0e33d788-c7a8-0ff7-553c-2f7429a09a79', 'getName', 'Entity method', NULL, NULL, 20, '2024-01-01 00:00:00'),
('e2efe3b6-2e44-8502-2dc3-1d94976184e5', '0e33d788-c7a8-0ff7-553c-2f7429a09a79', 'validate', 'Entity method', NULL, NULL, 30, '2024-01-01 00:00:00'),
('f903cdad-a4af-acbf-bcfe-df67d192f9b8', '56a26c63-59f6-aeac-0aa9-3b4628cc726e', 'getId', 'Entity method', NULL, NULL, 10, '2024-01-01 00:00:00'),
('5f4b3847-8e44-7d3d-aa59-98c77766c83b', '56a26c63-59f6-aeac-0aa9-3b4628cc726e', 'getName', 'Entity method', NULL, NULL, 20, '2024-01-01 00:00:00'),
('0297c390-ccd4-4abf-260b-3132bd29e941', '56a26c63-59f6-aeac-0aa9-3b4628cc726e', 'validate', 'Entity method', NULL, NULL, 30, '2024-01-01 00:00:00'),
('07c4031f-cc5a-3e1f-fc59-2b8934d27483', '7cc09ce7-b242-35aa-053e-ddefe7c915f8', 'getId', 'Entity method', NULL, NULL, 10, '2024-01-01 00:00:00'),
('81790dfe-6d17-adba-2337-2377e93f7ca4', '7cc09ce7-b242-35aa-053e-ddefe7c915f8', 'getName', 'Entity method', NULL, NULL, 20, '2024-01-01 00:00:00'),
('47db942f-bd8f-3ba0-6fda-977f7f822f9a', '7cc09ce7-b242-35aa-053e-ddefe7c915f8', 'validate', 'Entity method', NULL, NULL, 30, '2024-01-01 00:00:00'),
('949265c1-b5b2-945f-79e6-7461b672d441', '95002b4b-f3ad-9340-32af-7f6be33c4862', 'getId', 'Entity method', NULL, NULL, 10, '2024-01-01 00:00:00'),
('126a5e5d-b20f-6b17-999e-49ffe72108fa', '95002b4b-f3ad-9340-32af-7f6be33c4862', 'getName', 'Entity method', NULL, NULL, 20, '2024-01-01 00:00:00'),
('11b26ce0-fdbb-5281-2a70-354e8452c615', '95002b4b-f3ad-9340-32af-7f6be33c4862', 'validate', 'Entity method', NULL, NULL, 30, '2024-01-01 00:00:00');

INSERT INTO source_classes (id, project_id, full_class_name, simple_name, package_name, class_type, description, source_file, created_at) VALUES
('b8bee0a3-8e91-0751-bada-85c8cd0678e4', '474d1ddd-7953-6993-66f9-8b7e7cfbdfc0', 'co.fanki.project35.controller.Api0Controller', 'Api0Controller', 'co.fanki.project35.controller', 'CONTROLLER', 'REST controller', 'src/co/fanki/project35/controller/Api0Controller.java', '2024-01-01 00:00:00'),
('0e4e4f97-c557-9ced-c259-e2a696530531', '474d1ddd-7953-6993-66f9-8b7e7cfbdfc0', 'co.fanki.project35.controller.Api1Controller', 'Api1Controller', 'co.fanki.project35.controller', 'CONTROLLER', 'REST controller', 'src/co/fanki/project35/controller/Api1Controller.java', '2024-01-01 00:00:00'),
('442d8232-8949-9bfa-f694-9fd5fb2c9c95', '474d1ddd-7953-6993-66f9-8b7e7cfbdfc0', 'co.fanki.project35.controller.Api2Controller', 'Api2Controller', 'co.fanki.project35.controller', 'CONTROLLER', 'REST controller', 'src/co/fanki/project35/controller/Api2Controller.java', '2024-01-01 00:00:00'),
('5dd3a68f-6d3f-200b-fcaf-85275c04aae7', '474d1ddd-7953-6993-66f9-8b7e7cfbdfc0', 'co.fanki.project35.controller.Api3Controller', 'Api3Controller', 'co.fanki.project35.controller', 'CONTROLLER', 'REST controller', 'src/co/fanki/project35/controller/Api3Controller.java', '2024-01-01 00:00:00'),
('ba2ba8e5-cfb7-8341-7879-7e9b75c3c67d', '474d1ddd-7953-6993-66f9-8b7e7cfbdfc0', 'co.fanki.project35.controller.Api4Controller', 'Api4Controller', 'co.fanki.project35.controller', 'CONTROLLER', 'REST controller', 'src/co/fanki/project35/controller/Api4Controller.java', '2024-01-01 00:00:00'),
('dbae14b3-bf22-2f61-45b3-336d219cf5a5', '474d1ddd-7953-6993-66f9-8b7e7cfbdfc0', 'co.fanki.project35.service.Business0Service', 'Business0Service', 'co.fanki.project35.service', 'SERVICE', 'Business service', 'src/co/fanki/project35/service/Business0Service.java', '2024-01-01 00:00:00'),
('cc7a82db-8191-8c42-928b-58d2344cc064', '474d1ddd-7953-6993-66f9-8b7e7cfbdfc0', 'co.fanki.project35.service.Business1Service', 'Business1Service', 'co.fanki.project35.service', 'SERVICE', 'Business service', 'src/co/fanki/project35/service/Business1Service.java', '2024-01-01 00:00:00'),
('a5f32ad2-2d0c-ddaf-cd45-09b6ac482cec', '474d1ddd-7953-6993-66f9-8b7e7cfbdfc0', 'co.fanki.project35.domain.Entity0', 'Entity0', 'co.fanki.project35.domain', 'ENTITY', 'Domain entity', 'src/co/fanki/project35/domain/Entity0.java', '2024-01-01 00:00:00'),
('2823a48e-364f-1be4-99c3-1328f7f72f7f', '474d1ddd-7953-6993-66f9-8b7e7cfbdfc0', 'co.fanki.project35.domain.Entity1', 'Entity1', 'co.fanki.project35.domain', 'ENTITY', 'Domain entity', 'src/co/fanki/project35/domain/Entity1.java', '2024-01-01 00:00:00'),
('38983436-2292-5ed9-c5d5-0ebc2f56d290', '474d1ddd-7953-6993-66f9-8b7e7cfbdfc0', 'co.fanki.project35.domain.Entity2', 'Entity2', 'co.fanki.project35.domain', 'ENTITY', 'Domain entity', 'src/co/fanki/project35/domain/Entity2.java', '2024-01-01 00:00:00'),
('b97544c9-615c-024b-4218-a5caff6b1047', '474d1ddd-7953-6993-66f9-8b7e7cfbdfc0', 'co.fanki.project35.domain.Entity3', 'Entity3', 'co.fanki.project35.domain', 'ENTITY', 'Domain entity', 'src/co/fanki/project35/domain/Entity3.java', '2024-01-01 00:00:00'),
('b70fb5fd-0aec-e3b1-9d4a-bd695408b4f4', '474d1ddd-7953-6993-66f9-8b7e7cfbdfc0', 'co.fanki.project35.domain.Entity4', 'Entity4', 'co.fanki.project35.domain', 'ENTITY', 'Domain entity', 'src/co/fanki/project35/domain/Entity4.java', '2024-01-01 00:00:00'),
('220f77b2-a8ed-ea65-a60e-7dd5a24d9eaf', '474d1ddd-7953-6993-66f9-8b7e7cfbdfc0', 'co.fanki.project35.domain.Entity5', 'Entity5', 'co.fanki.project35.domain', 'ENTITY', 'Domain entity', 'src/co/fanki/project35/domain/Entity5.java', '2024-01-01 00:00:00'),
('6f47bed6-6f2b-cd8d-4eb0-51de56f47688', '474d1ddd-7953-6993-66f9-8b7e7cfbdfc0', 'co.fanki.project35.domain.Entity6', 'Entity6', 'co.fanki.project35.domain', 'ENTITY', 'Domain entity', 'src/co/fanki/project35/domain/Entity6.java', '2024-01-01 00:00:00'),
('f8f1a339-4ef5-8ac6-093c-bda2a7040f4c', '474d1ddd-7953-6993-66f9-8b7e7cfbdfc0', 'co.fanki.project35.domain.Entity7', 'Entity7', 'co.fanki.project35.domain', 'ENTITY', 'Domain entity', 'src/co/fanki/project35/domain/Entity7.java', '2024-01-01 00:00:00'),
('d0ab08ae-13ab-22a4-e561-63137cbbe26c', '474d1ddd-7953-6993-66f9-8b7e7cfbdfc0', 'co.fanki.project35.domain.Entity8', 'Entity8', 'co.fanki.project35.domain', 'ENTITY', 'Domain entity', 'src/co/fanki/project35/domain/Entity8.java', '2024-01-01 00:00:00'),
('a6c33af7-1695-41db-cc56-aff8eaab638c', '474d1ddd-7953-6993-66f9-8b7e7cfbdfc0', 'co.fanki.project35.domain.Entity9', 'Entity9', 'co.fanki.project35.domain', 'ENTITY', 'Domain entity', 'src/co/fanki/project35/domain/Entity9.java', '2024-01-01 00:00:00');

INSERT INTO source_methods (id, class_id, method_name, description, http_method, http_path, line_number, created_at) VALUES
('9f5def91-dbd9-d4a5-42e2-32442f08913b', 'b8bee0a3-8e91-0751-bada-85c8cd0678e4', 'handle', 'Handles request', 'GET', '/api/v1/resource0', 10, '2024-01-01 00:00:00'),
('efc81891-75a4-51f7-6d57-32a66459f8c8', '0e4e4f97-c557-9ced-c259-e2a696530531', 'handle', 'Handles request', 'GET', '/api/v1/resource1', 10, '2024-01-01 00:00:00'),
('64fdef73-8b18-7943-9468-d7d148ebfd9c', '442d8232-8949-9bfa-f694-9fd5fb2c9c95', 'handle', 'Handles request', 'GET', '/api/v1/resource2', 10, '2024-01-01 00:00:00'),
('5ec84ce1-23e1-199e-fb34-0b23a33e8e77', '5dd3a68f-6d3f-200b-fcaf-85275c04aae7', 'handle', 'Handles request', 'GET', '/api/v1/resource3', 10, '2024-01-01 00:00:00'),
('c516a97e-3bad-c33c-3cd7-67646048aec4', 'ba2ba8e5-cfb7-8341-7879-7e9b75c3c67d', 'handle', 'Handles request', 'GET', '/api/v1/resource4', 10, '2024-01-01 00:00:00'),
('c6f21421-4d1e-dace-6565-f29bd35795b8', 'dbae14b3-bf22-2f61-45b3-336d219cf5a5', 'create', 'Business logic', NULL, NULL, 10, '2024-01-01 00:00:00'),
('c0a1b526-5b43-448a-0bea-be1380795dff', 'dbae14b3-bf22-2f61-45b3-336d219cf5a5', 'update', 'Business logic', NULL, NULL, 20, '2024-01-01 00:00:00'),
('e58f2bd5-f09b-084f-7c38-2bdd83661d5d', 'dbae14b3-bf22-2f61-45b3-336d219cf5a5', 'delete', 'Business logic', NULL, NULL, 30, '2024-01-01 00:00:00'),
('a263dcbb-cc4c-1805-5683-c4339897ad06', 'dbae14b3-bf22-2f61-45b3-336d219cf5a5', 'find', 'Business logic', NULL, NULL, 40, '2024-01-01 00:00:00'),
('85c7f1c1-dc21-a29a-e957-b20a325720a3', 'dbae14b3-bf22-2f61-45b3-336d219cf5a5', 'process', 'Business logic', NULL, NULL, 50, '2024-01-01 00:00:00'),
('87db41de-6a61-daae-e2ee-307f4b739d77', 'cc7a82db-8191-8c42-928b-58d2344cc064', 'create', 'Business logic', NULL, NULL, 10, '2024-01-01 00:00:00'),
('6797afc8-4527-cfff-2ca8-109403a2300e', 'cc7a82db-8191-8c42-928b-58d2344cc064', 'update', 'Business logic', NULL, NULL, 20, '2024-01-01 00:00:00'),
('8ffbbaba-3b45-d794-49cf-40d70677cf08', 'cc7a82db-8191-8c42-928b-58d2344cc064', 'delete', 'Business logic', NULL, NULL, 30, '2024-01-01 00:00:00'),
('9e714955-bdf9-944f-3f79-c922a03e8182', 'cc7a82db-8191-8c42-928b-58d2344cc064', 'find', 'Business logic', NULL, NULL, 40, '2024-01-01 00:00:00'),
('7580e56b-ee19-42ad-f602-6a404895159a', 'cc7a82db-8191-8c42-928b-58d2344cc064', 'process', 'Business logic', NULL, NULL, 50, '2024-01-01 00:00:00'),
('6cede4c8-6d9d-87aa-62cc-e8390ccfd0b6', 'a5f32ad2-2d0c-ddaf-cd45-09b6ac482cec', 'getId', 'Entity method', NULL, NULL, 10, '2024-01-01 00:00:00'),
('e1b1bd53-e3ab-d009-a5d6-7e5fe881525d', 'a5f32ad2-2d0c-ddaf-cd45-09b6ac482cec', 'getName', 'Entity method', NULL, NULL, 20, '2024-01-01 00:00:00'),
('f09e2294-f57d-43be-44b3-abf3bad8199e', 'a5f32ad2-2d0c-ddaf-cd45-09b6ac482cec', 'validate', 'Entity method', NULL, NULL, 30, '2024-01-01 00:00:00'),
('501cf5f7-af43-98f5-3c1b-877836d340e5', '2823a48e-364f-1be4-99c3-1328f7f72f7f', 'getId', 'Entity method', NULL, NULL, 10, '2024-01-01 00:00:00'),
('de476de5-bd3f-5668-6a59-63b67a88c985', '2823a48e-364f-1be4-99c3-1328f7f72f7f', 'getName', 'Entity method', NULL, NULL, 20, '2024-01-01 00:00:00'),
('4fef9bfd-14ae-3952-b055-041b77b2a3fa', '2823a48e-364f-1be4-99c3-1328f7f72f7f', 'validate', 'Entity method', NULL, NULL, 30, '2024-01-01 00:00:00'),
('404688c5-2c6a-ae2e-62cc-e59a2cf23052', '38983436-2292-5ed9-c5d5-0ebc2f56d290', 'getId', 'Entity method', NULL, NULL, 10, '2024-01-01 00:00:00'),
('bea9863c-9b46-500b-4c47-12387349eab3', '38983436-2292-5ed9-c5d5-0ebc2f56d290', 'getName', 'Entity method', NULL, NULL, 20, '2024-01-01 00:00:00'),
('331d7320-8189-a052-b46f-6518ccc96b44', '38983436-2292-5ed9-c5d5-0ebc2f56d290', 'validate', 'Entity method', NULL, NULL, 30, '2024-01-01 00:00:00'),
('35f5d2b5-6799-f513-bccf-61acdbd23848', 'b97544c9-615c-024b-4218-a5caff6b1047', 'getId', 'Entity method', NULL, NULL, 10, '2024-01-01 00:00:00'),
('d10252b9-3dbd-14bb-04af-daba1fe2a25f', 'b97544c9-615c-024b-4218-a5caff6b1047', 'getName', 'Entity method', NULL, NULL, 20, '2024-01-01 00:00:00'),
('20a189bf-9cfd-54a1-f963-99ad9a26ea12', 'b97544c9-615c-024b-4218-a5caff6b1047', 'validate', 'Entity method', NULL, NULL, 30, '2024-01-01 00:00:00'),
('136f6940-56bd-64d4-3d7e-68f14d90840a', 'b70fb5fd-0aec-e3b1-9d4a-bd695408b4f4', 'getId', 'Entity method', NULL, NULL, 10, '2024-01-01 00:00:00'),
('b3f8704a-4a1d-0726-809f-485925f8305c', 'b70fb5fd-0aec-e3b1-9d4a-bd695408b4f4', 'getName', 'Entity method', NULL, NULL, 20, '2024-01-01 00:00:00'),
('8db66413-2c24-02c9-30c2-c7a40e509c7c', 'b70fb5fd-0aec-e3b1-9d4a-bd695408b4f4', 'validate', 'Entity method', NULL, NULL, 30, '2024-01-01 00:00:00'),
('16bb8932-7f64-d73e-c581-e11d26e3c842', '220f77b2-a8ed-ea65-a60e-7dd5a24d9eaf', 'getId', 'Entity method', NULL, NULL, 10, '2024-01-01 00:00:00'),
('ba1acd7a-f5fa-0f8e-ba99-1b117c19b3b6', '220f77b2-a8ed-ea65-a60e-7dd5a24d9eaf', 'getName', 'Entity method', NULL, NULL, 20, '2024-01-01 00:00:00'),
('ce906dac-e0df-cdf5-e0e4-7cc9aaf22c84', '220f77b2-a8ed-ea65-a60e-7dd5a24d9eaf', 'validate', 'Entity method', NULL, NULL, 30, '2024-01-01 00:00:00'),
('eb363737-3515-5dfd-a2d0-8650b68ab1b8', '6f47bed6-6f2b-cd8d-4eb0-51de56f47688', 'getId', 'Entity method', NULL, NULL, 10, '2024-01-01 00:00:00'),
('444b7cfe-f5bf-79dd-4455-3bb2c782d890', '6f47bed6-6f2b-cd8d-4eb0-51de56f47688', 'getName', 'Entity method', NULL, NULL, 20, '2024-01-01 00:00:00'),
('28204e0e-5b82-ba08-c420-7a125b67ab0e', '6f47bed6-6f2b-cd8d-4eb0-51de56f47688', 'validate', 'Entity method', NULL, NULL, 30, '2024-01-01 00:00:00'),
('65adefd8-54ba-8512-6c99-2f4984cbf88c', 'f8f1a339-4ef5-8ac6-093c-bda2a7040f4c', 'getId', 'Entity method', NULL, NULL, 10, '2024-01-01 00:00:00'),
('f652adb5-b505-0d27-4a3b-1f6cf945a207', 'f8f1a339-4ef5-8ac6-093c-bda2a7040f4c', 'getName', 'Entity method', NULL, NULL, 20, '2024-01-01 00:00:00'),
('7043a56c-877d-66f9-a3da-861f28a493ce', 'f8f1a339-4ef5-8ac6-093c-bda2a7040f4c', 'validate', 'Entity method', NULL, NULL, 30, '2024-01-01 00:00:00'),
('be032c31-71f8-da5e-0848-ff7f1fd464e1', 'd0ab08ae-13ab-22a4-e561-63137cbbe26c', 'getId', 'Entity method', NULL, NULL, 10, '2024-01-01 00:00:00'),
('f309c931-9603-e3a7-0cc5-8c990b392ff9', 'd0ab08ae-13ab-22a4-e561-63137cbbe26c', 'getName', 'Entity method', NULL, NULL, 20, '2024-01-01 00:00:00'),
('57677c18-018b-6728-a9eb-e7dd64c50b7a', 'd0ab08ae-13ab-22a4-e561-63137cbbe26c', 'validate', 'Entity method', NULL, NULL, 30, '2024-01-01 00:00:00'),
('4ce755f4-b306-3cf0-1faa-bdadf39c794e', 'a6c33af7-1695-41db-cc56-aff8eaab638c', 'getId', 'Entity method', NULL, NULL, 10, '2024-01-01 00:00:00'),
('1624908b-ddf4-f914-16d6-5d32f14dc3b4', 'a6c33af7-1695-41db-cc56-aff8eaab638c', 'getName', 'Entity method', NULL, NULL, 20, '2024-01-01 00:00:00'),
('dc9125e3-b173-2a24-152f-bcbdaf1de002', 'a6c33af7-1695-41db-cc56-aff8eaab638c', 'validate', 'Entity method', NULL, NULL, 30, '2024-01-01 00:00:00');

INSERT INTO source_classes (id, project_id, full_class_name, simple_name, package_name, class_type, description, source_file, created_at) VALUES
('860ca9e0-1140-a65c-ec52-e843d091c042', 'f540ecde-b234-5bc6-0971-d518e5036809', 'co.fanki.project36.controller.Api0Controller', 'Api0Controller', 'co.fanki.project36.controller', 'CONTROLLER', 'REST controller', 'src/co/fanki/project36/controller/Api0Controller.java', '2024-01-01 00:00:00'),
('1d193ef4-270a-a94f-cd98-38c1ec7e4023', 'f540ecde-b234-5bc6-0971-d518e5036809', 'co.fanki.project36.controller.Api1Controller', 'Api1Controller', 'co.fanki.project36.controller', 'CONTROLLER', 'REST controller', 'src/co/fanki/project36/controller/Api1Controller.java', '2024-01-01 00:00:00'),
('31d53eb2-e627-b7de-8bcf-1a7452fa94bb', 'f540ecde-b234-5bc6-0971-d518e5036809', 'co.fanki.project36.controller.Api2Controller', 'Api2Controller', 'co.fanki.project36.controller', 'CONTROLLER', 'REST controller', 'src/co/fanki/project36/controller/Api2Controller.java', '2024-01-01 00:00:00'),
('35d36786-9327-c813-f097-20a06570c34a', 'f540ecde-b234-5bc6-0971-d518e5036809', 'co.fanki.project36.controller.Api3Controller', 'Api3Controller', 'co.fanki.project36.controller', 'CONTROLLER', 'REST controller', 'src/co/fanki/project36/controller/Api3Controller.java', '2024-01-01 00:00:00'),
('8af2aa19-f680-6a28-db57-83ffd413b94f', 'f540ecde-b234-5bc6-0971-d518e5036809', 'co.fanki.project36.controller.Api4Controller', 'Api4Controller', 'co.fanki.project36.controller', 'CONTROLLER', 'REST controller', 'src/co/fanki/project36/controller/Api4Controller.java', '2024-01-01 00:00:00'),
('2df1bdd5-19bb-d869-1894-4d0d4062c0d3', 'f540ecde-b234-5bc6-0971-d518e5036809', 'co.fanki.project36.service.Business0Service', 'Business0Service', 'co.fanki.project36.service', 'SERVICE', 'Business service', 'src/co/fanki/project36/service/Business0Service.java', '2024-01-01 00:00:00'),
('1c9fe434-2f5c-dbb2-d071-563348340499', 'f540ecde-b234-5bc6-0971-d518e5036809', 'co.fanki.project36.service.Business1Service', 'Business1Service', 'co.fanki.project36.service', 'SERVICE', 'Business service', 'src/co/fanki/project36/service/Business1Service.java', '2024-01-01 00:00:00'),
('b60a3b15-e326-4581-fbcb-c67902d08f3e', 'f540ecde-b234-5bc6-0971-d518e5036809', 'co.fanki.project36.domain.Entity0', 'Entity0', 'co.fanki.project36.domain', 'ENTITY', 'Domain entity', 'src/co/fanki/project36/domain/Entity0.java', '2024-01-01 00:00:00'),
('90b4643c-8c54-9277-7a96-cf7871d2c0f3', 'f540ecde-b234-5bc6-0971-d518e5036809', 'co.fanki.project36.domain.Entity1', 'Entity1', 'co.fanki.project36.domain', 'ENTITY', 'Domain entity', 'src/co/fanki/project36/domain/Entity1.java', '2024-01-01 00:00:00'),
('8ab2c418-0ccd-c320-bf7c-9c353fb43d3f', 'f540ecde-b234-5bc6-0971-d518e5036809', 'co.fanki.project36.domain.Entity2', 'Entity2', 'co.fanki.project36.domain', 'ENTITY', 'Domain entity', 'src/co/fanki/project36/domain/Entity2.java', '2024-01-01 00:00:00'),
('1baf72d0-d728-bd65-d872-92926a9e9eec', 'f540ecde-b234-5bc6-0971-d518e5036809', 'co.fanki.project36.domain.Entity3', 'Entity3', 'co.fanki.project36.domain', 'ENTITY', 'Domain entity', 'src/co/fanki/project36/domain/Entity3.java', '2024-01-01 00:00:00'),
('cded061f-f646-993e-e4c4-e296440d7d74', 'f540ecde-b234-5bc6-0971-d518e5036809', 'co.fanki.project36.domain.Entity4', 'Entity4', 'co.fanki.project36.domain', 'ENTITY', 'Domain entity', 'src/co/fanki/project36/domain/Entity4.java', '2024-01-01 00:00:00'),
('b66850eb-fd09-756d-ff5a-18f6fae1e3b3', 'f540ecde-b234-5bc6-0971-d518e5036809', 'co.fanki.project36.domain.Entity5', 'Entity5', 'co.fanki.project36.domain', 'ENTITY', 'Domain entity', 'src/co/fanki/project36/domain/Entity5.java', '2024-01-01 00:00:00'),
('610a0890-5912-0b0b-a8b7-e3ca0f4c783d', 'f540ecde-b234-5bc6-0971-d518e5036809', 'co.fanki.project36.domain.Entity6', 'Entity6', 'co.fanki.project36.domain', 'ENTITY', 'Domain entity', 'src/co/fanki/project36/domain/Entity6.java', '2024-01-01 00:00:00'),
('b4337ba9-7579-d080-752a-7589154e4f08', 'f540ecde-b234-5bc6-0971-d518e5036809', 'co.fanki.project36.domain.Entity7', 'Entity7', 'co.fanki.project36.domain', 'ENTITY', 'Domain entity', 'src/co/fanki/project36/domain/Entity7.java', '2024-01-01 00:00:00'),
('6136392f-bf44-ea74-21cb-c939bfb180da', 'f540ecde-b234-5bc6-0971-d518e5036809', 'co.fanki.project36.domain.Entity8', 'Entity8', 'co.fanki.project36.domain', 'ENTITY', 'Domain entity', 'src/co/fanki/project36/domain/Entity8.java', '2024-01-01 00:00:00'),
('2102bc9b-06b3-17e9-f4f0-71b3d810fdf9', 'f540ecde-b234-5bc6-0971-d518e5036809', 'co.fanki.project36.domain.Entity9', 'Entity9', 'co.fanki.project36.domain', 'ENTITY', 'Domain entity', 'src/co/fanki/project36/domain/Entity9.java', '2024-01-01 00:00:00');

INSERT INTO source_methods (id, class_id, method_name, description, http_method, http_path, line_number, created_at) VALUES
('36147b93-36e2-470e-30a8-d491eebec598', '860ca9e0-1140-a65c-ec52-e843d091c042', 'handle', 'Handles request', 'GET', '/api/v1/resource0', 10, '2024-01-01 00:00:00'),
('fd1825a2-2e08-ce76-984c-acbc931a81aa', '1d193ef4-270a-a94f-cd98-38c1ec7e4023', 'handle', 'Handles request', 'GET', '/api/v1/resource1', 10, '2024-01-01 00:00:00'),
('25d9979e-25f9-777f-d937-25d5a50e345e', '31d53eb2-e627-b7de-8bcf-1a7452fa94bb', 'handle', 'Handles request', 'GET', '/api/v1/resource2', 10, '2024-01-01 00:00:00'),
('174b7c31-3e06-9c58-69af-8859f75741f8', '35d36786-9327-c813-f097-20a06570c34a', 'handle', 'Handles request', 'GET', '/api/v1/resource3', 10, '2024-01-01 00:00:00'),
('0724a2d4-0218-d048-099d-31f5ddca2e36', '8af2aa19-f680-6a28-db57-83ffd413b94f', 'handle', 'Handles request', 'GET', '/api/v1/resource4', 10, '2024-01-01 00:00:00'),
('f51f789e-9084-2b24-32dc-e0f57e9efd39', '2df1bdd5-19bb-d869-1894-4d0d4062c0d3', 'create', 'Business logic', NULL, NULL, 10, '2024-01-01 00:00:00'),
('90cab1b5-5c21-2838-c7ba-1aad56a2960c', '2df1bdd5-19bb-d869-1894-4d0d4062c0d3', 'update', 'Business logic', NULL, NULL, 20, '2024-01-01 00:00:00'),
('65a924f7-b1d1-0034-cfbb-246d2017687b', '2df1bdd5-19bb-d869-1894-4d0d4062c0d3', 'delete', 'Business logic', NULL, NULL, 30, '2024-01-01 00:00:00'),
('79f61016-ae4b-e1e0-c247-4ac7d037f52f', '2df1bdd5-19bb-d869-1894-4d0d4062c0d3', 'find', 'Business logic', NULL, NULL, 40, '2024-01-01 00:00:00'),
('3ace156e-268f-150a-3d95-aa6a1c894d8c', '2df1bdd5-19bb-d869-1894-4d0d4062c0d3', 'process', 'Business logic', NULL, NULL, 50, '2024-01-01 00:00:00'),
('4153db14-8c8c-94e2-017a-d54874213a0d', '1c9fe434-2f5c-dbb2-d071-563348340499', 'create', 'Business logic', NULL, NULL, 10, '2024-01-01 00:00:00'),
('bc8d7f8b-3c65-4f41-2c43-73d8f36d54b9', '1c9fe434-2f5c-dbb2-d071-563348340499', 'update', 'Business logic', NULL, NULL, 20, '2024-01-01 00:00:00'),
('7a123aee-254f-d143-5c22-1213bf1469be', '1c9fe434-2f5c-dbb2-d071-563348340499', 'delete', 'Business logic', NULL, NULL, 30, '2024-01-01 00:00:00'),
('8ce5834f-0787-8145-05aa-2afbdf2f82a8', '1c9fe434-2f5c-dbb2-d071-563348340499', 'find', 'Business logic', NULL, NULL, 40, '2024-01-01 00:00:00'),
('19b13e47-1c99-528e-97b8-14cfbdacdb50', '1c9fe434-2f5c-dbb2-d071-563348340499', 'process', 'Business logic', NULL, NULL, 50, '2024-01-01 00:00:00'),
('d2d230b5-2673-d328-cc8b-518dba47296b', 'b60a3b15-e326-4581-fbcb-c67902d08f3e', 'getId', 'Entity method', NULL, NULL, 10, '2024-01-01 00:00:00'),
('5bf509c4-e4b2-4522-ed64-f60753de057a', 'b60a3b15-e326-4581-fbcb-c67902d08f3e', 'getName', 'Entity method', NULL, NULL, 20, '2024-01-01 00:00:00'),
('a91646d2-bde0-a0f0-b5f0-cd430b5e041a', 'b60a3b15-e326-4581-fbcb-c67902d08f3e', 'validate', 'Entity method', NULL, NULL, 30, '2024-01-01 00:00:00'),
('b846088d-c664-dd10-be67-dc464ca6b4ec', '90b4643c-8c54-9277-7a96-cf7871d2c0f3', 'getId', 'Entity method', NULL, NULL, 10, '2024-01-01 00:00:00'),
('9b10b8b6-7637-0470-d773-6905d7178b57', '90b4643c-8c54-9277-7a96-cf7871d2c0f3', 'getName', 'Entity method', NULL, NULL, 20, '2024-01-01 00:00:00'),
('8f1961c2-dbec-e373-f0f4-85537285ad63', '90b4643c-8c54-9277-7a96-cf7871d2c0f3', 'validate', 'Entity method', NULL, NULL, 30, '2024-01-01 00:00:00'),
('3885c040-26e9-1165-cf04-fc5b7a1c6279', '8ab2c418-0ccd-c320-bf7c-9c353fb43d3f', 'getId', 'Entity method', NULL, NULL, 10, '2024-01-01 00:00:00'),
('b8548c4e-23d0-b48d-a30c-12c0441d138c', '8ab2c418-0ccd-c320-bf7c-9c353fb43d3f', 'getName', 'Entity method', NULL, NULL, 20, '2024-01-01 00:00:00'),
('f8133f60-1dec-58aa-c739-e561a1d538ad', '8ab2c418-0ccd-c320-bf7c-9c353fb43d3f', 'validate', 'Entity method', NULL, NULL, 30, '2024-01-01 00:00:00'),
('e9009572-2f37-67d3-d5fa-fda2e2679100', '1baf72d0-d728-bd65-d872-92926a9e9eec', 'getId', 'Entity method', NULL, NULL, 10, '2024-01-01 00:00:00'),
('f303d070-5e82-a65a-210f-fa0868d7c9e0', '1baf72d0-d728-bd65-d872-92926a9e9eec', 'getName', 'Entity method', NULL, NULL, 20, '2024-01-01 00:00:00'),
('84543cd8-0f3f-2f00-19a5-765060e03069', '1baf72d0-d728-bd65-d872-92926a9e9eec', 'validate', 'Entity method', NULL, NULL, 30, '2024-01-01 00:00:00'),
('35a38dbd-a2c1-0fb9-d8ff-838cb62390ba', 'cded061f-f646-993e-e4c4-e296440d7d74', 'getId', 'Entity method', NULL, NULL, 10, '2024-01-01 00:00:00'),
('23c4e19a-8a99-5b08-73bb-82292c64c827', 'cded061f-f646-993e-e4c4-e296440d7d74', 'getName', 'Entity method', NULL, NULL, 20, '2024-01-01 00:00:00'),
('6d9de79f-3007-a522-8c46-8f8d24ff6814', 'cded061f-f646-993e-e4c4-e296440d7d74', 'validate', 'Entity method', NULL, NULL, 30, '2024-01-01 00:00:00'),
('053e8fdf-f40f-9070-9c86-8caa59a0a3e8', 'b66850eb-fd09-756d-ff5a-18f6fae1e3b3', 'getId', 'Entity method', NULL, NULL, 10, '2024-01-01 00:00:00'),
('0316090a-edda-50ae-08b5-53cdb267123f', 'b66850eb-fd09-756d-ff5a-18f6fae1e3b3', 'getName', 'Entity method', NULL, NULL, 20, '2024-01-01 00:00:00'),
('e81b527e-2f8f-828b-b331-50a658a691ac', 'b66850eb-fd09-756d-ff5a-18f6fae1e3b3', 'validate', 'Entity method', NULL, NULL, 30, '2024-01-01 00:00:00'),
('6a9c69f5-4ba6-2279-9485-817ff926b738', '610a0890-5912-0b0b-a8b7-e3ca0f4c783d', 'getId', 'Entity method', NULL, NULL, 10, '2024-01-01 00:00:00'),
('ebedb0d2-c805-a230-57c2-b6380c8d91cb', '610a0890-5912-0b0b-a8b7-e3ca0f4c783d', 'getName', 'Entity method', NULL, NULL, 20, '2024-01-01 00:00:00'),
('d6397703-e72b-e54d-a5a9-2e3abfbd8c88', '610a0890-5912-0b0b-a8b7-e3ca0f4c783d', 'validate', 'Entity method', NULL, NULL, 30, '2024-01-01 00:00:00'),
('c806a499-49d6-f8a3-f1f8-424d2f8e27d3', 'b4337ba9-7579-d080-752a-7589154e4f08', 'getId', 'Entity method', NULL, NULL, 10, '2024-01-01 00:00:00'),
('9827de98-cd03-5f38-93b1-d5b0fa45fb5a', 'b4337ba9-7579-d080-752a-7589154e4f08', 'getName', 'Entity method', NULL, NULL, 20, '2024-01-01 00:00:00'),
('e3927cf1-f741-9d7a-4106-c021baf91a2c', 'b4337ba9-7579-d080-752a-7589154e4f08', 'validate', 'Entity method', NULL, NULL, 30, '2024-01-01 00:00:00'),
('ded71be9-a6f6-7d83-a890-ce089bb4277f', '6136392f-bf44-ea74-21cb-c939bfb180da', 'getId', 'Entity method', NULL, NULL, 10, '2024-01-01 00:00:00'),
('92b104df-a37b-f778-6656-a7e258b55726', '6136392f-bf44-ea74-21cb-c939bfb180da', 'getName', 'Entity method', NULL, NULL, 20, '2024-01-01 00:00:00'),
('e5a18f68-ceb7-943d-025c-6627078cd401', '6136392f-bf44-ea74-21cb-c939bfb180da', 'validate', 'Entity method', NULL, NULL, 30, '2024-01-01 00:00:00'),
('1817dcac-1d63-8666-8fc7-0eacfe695b83', '2102bc9b-06b3-17e9-f4f0-71b3d810fdf9', 'getId', 'Entity method', NULL, NULL, 10, '2024-01-01 00:00:00'),
('ac8b4dc4-e500-3e60-e0cf-ace4477f72f9', '2102bc9b-06b3-17e9-f4f0-71b3d810fdf9', 'getName', 'Entity method', NULL, NULL, 20, '2024-01-01 00:00:00'),
('826f9ffb-f0fa-6730-4c92-d3aca0925bfb', '2102bc9b-06b3-17e9-f4f0-71b3d810fdf9', 'validate', 'Entity method', NULL, NULL, 30, '2024-01-01 00:00:00');

INSERT INTO source_classes (id, project_id, full_class_name, simple_name, package_name, class_type, description, source_file, created_at) VALUES
('a564a637-6d88-861e-409d-9694d506cbbb', 'baf827cf-1148-3115-dfdc-76b6d37c03f8', 'co.fanki.project37.controller.Api0Controller', 'Api0Controller', 'co.fanki.project37.controller', 'CONTROLLER', 'REST controller', 'src/co/fanki/project37/controller/Api0Controller.java', '2024-01-01 00:00:00'),
('e043a48e-fbd3-d023-2ca7-5b38707dfcd2', 'baf827cf-1148-3115-dfdc-76b6d37c03f8', 'co.fanki.project37.controller.Api1Controller', 'Api1Controller', 'co.fanki.project37.controller', 'CONTROLLER', 'REST controller', 'src/co/fanki/project37/controller/Api1Controller.java', '2024-01-01 00:00:00'),
('3f811824-6e9b-0ac6-ed27-9503cc9a756c', 'baf827cf-1148-3115-dfdc-76b6d37c03f8', 'co.fanki.project37.controller.Api2Controller', 'Api2Controller', 'co.fanki.project37.controller', 'CONTROLLER', 'REST controller', 'src/co/fanki/project37/controller/Api2Controller.java', '2024-01-01 00:00:00'),
('9b1601ab-86b0-5e77-7df4-6149bd054ff2', 'baf827cf-1148-3115-dfdc-76b6d37c03f8', 'co.fanki.project37.controller.Api3Controller', 'Api3Controller', 'co.fanki.project37.controller', 'CONTROLLER', 'REST controller', 'src/co/fanki/project37/controller/Api3Controller.java', '2024-01-01 00:00:00'),
('1a9212ed-b632-618e-cf23-ec90458f47ec', 'baf827cf-1148-3115-dfdc-76b6d37c03f8', 'co.fanki.project37.controller.Api4Controller', 'Api4Controller', 'co.fanki.project37.controller', 'CONTROLLER', 'REST controller', 'src/co/fanki/project37/controller/Api4Controller.java', '2024-01-01 00:00:00'),
('3917abeb-d885-58b6-a424-33b5601f9bdc', 'baf827cf-1148-3115-dfdc-76b6d37c03f8', 'co.fanki.project37.service.Business0Service', 'Business0Service', 'co.fanki.project37.service', 'SERVICE', 'Business service', 'src/co/fanki/project37/service/Business0Service.java', '2024-01-01 00:00:00'),
('8b591bb5-fe75-3b0f-1833-84fff8bda401', 'baf827cf-1148-3115-dfdc-76b6d37c03f8', 'co.fanki.project37.service.Business1Service', 'Business1Service', 'co.fanki.project37.service', 'SERVICE', 'Business service', 'src/co/fanki/project37/service/Business1Service.java', '2024-01-01 00:00:00'),
('bada2e3f-e0f1-3023-9941-d0be6bd0cb56', 'baf827cf-1148-3115-dfdc-76b6d37c03f8', 'co.fanki.project37.domain.Entity0', 'Entity0', 'co.fanki.project37.domain', 'ENTITY', 'Domain entity', 'src/co/fanki/project37/domain/Entity0.java', '2024-01-01 00:00:00'),
('83c8550a-0ce9-f809-b8b8-42a2b62f9ef1', 'baf827cf-1148-3115-dfdc-76b6d37c03f8', 'co.fanki.project37.domain.Entity1', 'Entity1', 'co.fanki.project37.domain', 'ENTITY', 'Domain entity', 'src/co/fanki/project37/domain/Entity1.java', '2024-01-01 00:00:00'),
('45a0c671-607f-ddaa-8980-d56bd6b424c3', 'baf827cf-1148-3115-dfdc-76b6d37c03f8', 'co.fanki.project37.domain.Entity2', 'Entity2', 'co.fanki.project37.domain', 'ENTITY', 'Domain entity', 'src/co/fanki/project37/domain/Entity2.java', '2024-01-01 00:00:00'),
('a0135767-4331-d198-d602-f55113fd9b06', 'baf827cf-1148-3115-dfdc-76b6d37c03f8', 'co.fanki.project37.domain.Entity3', 'Entity3', 'co.fanki.project37.domain', 'ENTITY', 'Domain entity', 'src/co/fanki/project37/domain/Entity3.java', '2024-01-01 00:00:00'),
('7b6bf8d7-e115-2352-0e66-5825919f0274', 'baf827cf-1148-3115-dfdc-76b6d37c03f8', 'co.fanki.project37.domain.Entity4', 'Entity4', 'co.fanki.project37.domain', 'ENTITY', 'Domain entity', 'src/co/fanki/project37/domain/Entity4.java', '2024-01-01 00:00:00'),
('8741b684-12eb-28e8-4a4e-1892ee3f6429', 'baf827cf-1148-3115-dfdc-76b6d37c03f8', 'co.fanki.project37.domain.Entity5', 'Entity5', 'co.fanki.project37.domain', 'ENTITY', 'Domain entity', 'src/co/fanki/project37/domain/Entity5.java', '2024-01-01 00:00:00'),
('9903670f-4cd4-5a0b-0593-022b626fc40e', 'baf827cf-1148-3115-dfdc-76b6d37c03f8', 'co.fanki.project37.domain.Entity6', 'Entity6', 'co.fanki.project37.domain', 'ENTITY', 'Domain entity', 'src/co/fanki/project37/domain/Entity6.java', '2024-01-01 00:00:00'),
('10b56f45-1df5-1338-e7c4-f613e85cd0a2', 'baf827cf-1148-3115-dfdc-76b6d37c03f8', 'co.fanki.project37.domain.Entity7', 'Entity7', 'co.fanki.project37.domain', 'ENTITY', 'Domain entity', 'src/co/fanki/project37/domain/Entity7.java', '2024-01-01 00:00:00'),
('3c67ba9e-09be-2b7a-c4be-2f89d2125bc7', 'baf827cf-1148-3115-dfdc-76b6d37c03f8', 'co.fanki.project37.domain.Entity8', 'Entity8', 'co.fanki.project37.domain', 'ENTITY', 'Domain entity', 'src/co/fanki/project37/domain/Entity8.java', '2024-01-01 00:00:00'),
('cd3ca8f5-00c7-47dd-7da7-8fd60377d15d', 'baf827cf-1148-3115-dfdc-76b6d37c03f8', 'co.fanki.project37.domain.Entity9', 'Entity9', 'co.fanki.project37.domain', 'ENTITY', 'Domain entity', 'src/co/fanki/project37/domain/Entity9.java', '2024-01-01 00:00:00');

INSERT INTO source_methods (id, class_id, method_name, description, http_method, http_path, line_number, created_at) VALUES
('82c74c5a-ef27-0e67-d27b-01e161b4209a', 'a564a637-6d88-861e-409d-9694d506cbbb', 'handle', 'Handles request', 'GET', '/api/v1/resource0', 10, '2024-01-01 00:00:00'),
('57cfbd0a-d532-a6da-6776-0a8c6070112d', 'e043a48e-fbd3-d023-2ca7-5b38707dfcd2', 'handle', 'Handles request', 'GET', '/api/v1/resource1', 10, '2024-01-01 00:00:00'),
('3446df00-18b3-1856-7d29-2f90b654fd38', '3f811824-6e9b-0ac6-ed27-9503cc9a756c', 'handle', 'Handles request', 'GET', '/api/v1/resource2', 10, '2024-01-01 00:00:00'),
('11f2742b-472f-f661-ed29-4ce506b7acda', '9b1601ab-86b0-5e77-7df4-6149bd054ff2', 'handle', 'Handles request', 'GET', '/api/v1/resource3', 10, '2024-01-01 00:00:00'),
('fc1751bc-0fb9-de7a-47bf-ebbe5a45b543', '1a9212ed-b632-618e-cf23-ec90458f47ec', 'handle', 'Handles request', 'GET', '/api/v1/resource4', 10, '2024-01-01 00:00:00'),
('f1b4c3c7-465f-7824-db52-37ce57f47b15', '3917abeb-d885-58b6-a424-33b5601f9bdc', 'create', 'Business logic', NULL, NULL, 10, '2024-01-01 00:00:00'),
('6c4878ac-9a41-15c9-94c5-f9054b0de4d1', '3917abeb-d885-58b6-a424-33b5601f9bdc', 'update', 'Business logic', NULL, NULL, 20, '2024-01-01 00:00:00'),
('ba652409-db96-9eea-9e1f-6f4c2f3b00f6', '3917abeb-d885-58b6-a424-33b5601f9bdc', 'delete', 'Business logic', NULL, NULL, 30, '2024-01-01 00:00:00'),
('fd0218ad-a3dc-8fd8-20f3-421cf26eb387', '3917abeb-d885-58b6-a424-33b5601f9bdc', 'find', 'Business logic', NULL, NULL, 40, '2024-01-01 00:00:00'),
('06cc291c-6294-ff15-0c31-467c1eedb2f1', '3917abeb-d885-58b6-a424-33b5601f9bdc', 'process', 'Business logic', NULL, NULL, 50, '2024-01-01 00:00:00'),
('f8695e52-2122-d4db-bcb8-d4fbd05fad3c', '8b591bb5-fe75-3b0f-1833-84fff8bda401', 'create', 'Business logic', NULL, NULL, 10, '2024-01-01 00:00:00'),
('0865cbcc-b44c-1f21-e5f4-d72055659513', '8b591bb5-fe75-3b0f-1833-84fff8bda401', 'update', 'Business logic', NULL, NULL, 20, '2024-01-01 00:00:00'),
('626767d4-dd23-b1bc-0414-487a661e1e98', '8b591bb5-fe75-3b0f-1833-84fff8bda401', 'delete', 'Business logic', NULL, NULL, 30, '2024-01-01 00:00:00'),
('a47c2870-8868-72d8-9a44-2c89b9379f20', '8b591bb5-fe75-3b0f-1833-84fff8bda401', 'find', 'Business logic', NULL, NULL, 40, '2024-01-01 00:00:00'),
('6cf201c8-5492-2f9b-fc09-2c6aa817ef63', '8b591bb5-fe75-3b0f-1833-84fff8bda401', 'process', 'Business logic', NULL, NULL, 50, '2024-01-01 00:00:00'),
('59553d9e-c259-d0d6-6050-687ce672f45c', 'bada2e3f-e0f1-3023-9941-d0be6bd0cb56', 'getId', 'Entity method', NULL, NULL, 10, '2024-01-01 00:00:00'),
('6735e1f4-18ef-d499-488f-ae234b455184', 'bada2e3f-e0f1-3023-9941-d0be6bd0cb56', 'getName', 'Entity method', NULL, NULL, 20, '2024-01-01 00:00:00'),
('efa2df96-e86f-7dbf-df85-a86afb68b135', 'bada2e3f-e0f1-3023-9941-d0be6bd0cb56', 'validate', 'Entity method', NULL, NULL, 30, '2024-01-01 00:00:00'),
('b3f928ae-610a-d5c9-5e6e-382d23ef0d95', '83c8550a-0ce9-f809-b8b8-42a2b62f9ef1', 'getId', 'Entity method', NULL, NULL, 10, '2024-01-01 00:00:00'),
('0e8fa9a8-fccd-8926-d1b6-129dcf1b0b7e', '83c8550a-0ce9-f809-b8b8-42a2b62f9ef1', 'getName', 'Entity method', NULL, NULL, 20, '2024-01-01 00:00:00'),
('4f19cc2b-94bd-7def-d64a-ad0075e9f046', '83c8550a-0ce9-f809-b8b8-42a2b62f9ef1', 'validate', 'Entity method', NULL, NULL, 30, '2024-01-01 00:00:00'),
('8fed1255-7c8b-7bf3-5e52-f7c91a0bd9d2', '45a0c671-607f-ddaa-8980-d56bd6b424c3', 'getId', 'Entity method', NULL, NULL, 10, '2024-01-01 00:00:00'),
('677b7951-cbe2-2119-349f-0e0f3829b5cf', '45a0c671-607f-ddaa-8980-d56bd6b424c3', 'getName', 'Entity method', NULL, NULL, 20, '2024-01-01 00:00:00'),
('b6e93179-8cdb-81d2-5fef-59c6fd5f5649', '45a0c671-607f-ddaa-8980-d56bd6b424c3', 'validate', 'Entity method', NULL, NULL, 30, '2024-01-01 00:00:00'),
('a7cc0730-10e5-ec10-cc52-8c772e2b6700', 'a0135767-4331-d198-d602-f55113fd9b06', 'getId', 'Entity method', NULL, NULL, 10, '2024-01-01 00:00:00'),
('5a73cc8e-d409-6b58-85ee-162a4333be39', 'a0135767-4331-d198-d602-f55113fd9b06', 'getName', 'Entity method', NULL, NULL, 20, '2024-01-01 00:00:00'),
('a26573d3-651d-cf5b-767d-f7f13a288092', 'a0135767-4331-d198-d602-f55113fd9b06', 'validate', 'Entity method', NULL, NULL, 30, '2024-01-01 00:00:00'),
('e6bf7903-1bd4-2e43-54ca-3f0428051ab8', '7b6bf8d7-e115-2352-0e66-5825919f0274', 'getId', 'Entity method', NULL, NULL, 10, '2024-01-01 00:00:00'),
('65ab2fc2-0d4a-d09c-625b-34d43c739ee8', '7b6bf8d7-e115-2352-0e66-5825919f0274', 'getName', 'Entity method', NULL, NULL, 20, '2024-01-01 00:00:00'),
('0c9ba812-5c7e-eac0-de1d-9e6b7c159b9f', '7b6bf8d7-e115-2352-0e66-5825919f0274', 'validate', 'Entity method', NULL, NULL, 30, '2024-01-01 00:00:00'),
('674fdead-030d-3bf2-4d11-472cf38636cd', '8741b684-12eb-28e8-4a4e-1892ee3f6429', 'getId', 'Entity method', NULL, NULL, 10, '2024-01-01 00:00:00'),
('15b0b038-5585-1837-f34f-f5059e595c01', '8741b684-12eb-28e8-4a4e-1892ee3f6429', 'getName', 'Entity method', NULL, NULL, 20, '2024-01-01 00:00:00'),
('71478eae-b719-59dd-b5df-3513ed1551c7', '8741b684-12eb-28e8-4a4e-1892ee3f6429', 'validate', 'Entity method', NULL, NULL, 30, '2024-01-01 00:00:00'),
('b86fad90-f7b4-c2aa-9b68-63d1cb5501da', '9903670f-4cd4-5a0b-0593-022b626fc40e', 'getId', 'Entity method', NULL, NULL, 10, '2024-01-01 00:00:00'),
('cce5a1da-912e-69c8-c6e8-1fca17f74a8d', '9903670f-4cd4-5a0b-0593-022b626fc40e', 'getName', 'Entity method', NULL, NULL, 20, '2024-01-01 00:00:00'),
('4aa0fd1c-55c9-e8c4-be36-80fc0365fb8c', '9903670f-4cd4-5a0b-0593-022b626fc40e', 'validate', 'Entity method', NULL, NULL, 30, '2024-01-01 00:00:00'),
('c1d8d684-6031-c630-78b1-00bc52a20e16', '10b56f45-1df5-1338-e7c4-f613e85cd0a2', 'getId', 'Entity method', NULL, NULL, 10, '2024-01-01 00:00:00'),
('24b9b8c2-3873-d6bb-fbe8-59e0ad554b69', '10b56f45-1df5-1338-e7c4-f613e85cd0a2', 'getName', 'Entity method', NULL, NULL, 20, '2024-01-01 00:00:00'),
('1b04dd46-7395-3a1d-7278-a14ba7f80e0a', '10b56f45-1df5-1338-e7c4-f613e85cd0a2', 'validate', 'Entity method', NULL, NULL, 30, '2024-01-01 00:00:00'),
('642335c3-ff12-aa1b-4d2c-38e3d70aa4f8', '3c67ba9e-09be-2b7a-c4be-2f89d2125bc7', 'getId', 'Entity method', NULL, NULL, 10, '2024-01-01 00:00:00'),
('399843c4-c2e7-56d5-500e-0e7dade82ca7', '3c67ba9e-09be-2b7a-c4be-2f89d2125bc7', 'getName', 'Entity method', NULL, NULL, 20, '2024-01-01 00:00:00'),
('2a3c5de8-a1ab-b99f-907a-27c7c20df0d8', '3c67ba9e-09be-2b7a-c4be-2f89d2125bc7', 'validate', 'Entity method', NULL, NULL, 30, '2024-01-01 00:00:00'),
('04e1df55-996a-0370-d74d-235c3448dc6b', 'cd3ca8f5-00c7-47dd-7da7-8fd60377d15d', 'getId', 'Entity method', NULL, NULL, 10, '2024-01-01 00:00:00'),
('a65e7ddb-6273-5148-36eb-c20a4a123d96', 'cd3ca8f5-00c7-47dd-7da7-8fd60377d15d', 'getName', 'Entity method', NULL, NULL, 20, '2024-01-01 00:00:00'),
('ce4c6a37-880f-99ae-c0d0-32b7611606b1', 'cd3ca8f5-00c7-47dd-7da7-8fd60377d15d', 'validate', 'Entity method', NULL, NULL, 30, '2024-01-01 00:00:00');

INSERT INTO source_classes (id, project_id, full_class_name, simple_name, package_name, class_type, description, source_file, created_at) VALUES
('80d85bde-6a7c-efc8-8883-be4f341003ff', '34d691a5-6477-3532-ef53-79c2c43dc096', 'co.fanki.project38.controller.Api0Controller', 'Api0Controller', 'co.fanki.project38.controller', 'CONTROLLER', 'REST controller', 'src/co/fanki/project38/controller/Api0Controller.java', '2024-01-01 00:00:00'),
('18255e43-f318-1032-474f-a2445342ff5a', '34d691a5-6477-3532-ef53-79c2c43dc096', 'co.fanki.project38.controller.Api1Controller', 'Api1Controller', 'co.fanki.project38.controller', 'CONTROLLER', 'REST controller', 'src/co/fanki/project38/controller/Api1Controller.java', '2024-01-01 00:00:00'),
('7e717aae-da02-0f34-87d0-1ce6ffb400e6', '34d691a5-6477-3532-ef53-79c2c43dc096', 'co.fanki.project38.controller.Api2Controller', 'Api2Controller', 'co.fanki.project38.controller', 'CONTROLLER', 'REST controller', 'src/co/fanki/project38/controller/Api2Controller.java', '2024-01-01 00:00:00'),
('d81b3fd8-2db7-ee78-1d34-fb030fd93435', '34d691a5-6477-3532-ef53-79c2c43dc096', 'co.fanki.project38.controller.Api3Controller', 'Api3Controller', 'co.fanki.project38.controller', 'CONTROLLER', 'REST controller', 'src/co/fanki/project38/controller/Api3Controller.java', '2024-01-01 00:00:00'),
('1fa326a5-949e-e088-f9d8-28e72fc5a9e8', '34d691a5-6477-3532-ef53-79c2c43dc096', 'co.fanki.project38.controller.Api4Controller', 'Api4Controller', 'co.fanki.project38.controller', 'CONTROLLER', 'REST controller', 'src/co/fanki/project38/controller/Api4Controller.java', '2024-01-01 00:00:00'),
('ce773aeb-0c3b-2c3b-8661-cbf8f392a207', '34d691a5-6477-3532-ef53-79c2c43dc096', 'co.fanki.project38.service.Business0Service', 'Business0Service', 'co.fanki.project38.service', 'SERVICE', 'Business service', 'src/co/fanki/project38/service/Business0Service.java', '2024-01-01 00:00:00'),
('44018c5e-f87e-becb-b7af-3b946db8d6f0', '34d691a5-6477-3532-ef53-79c2c43dc096', 'co.fanki.project38.service.Business1Service', 'Business1Service', 'co.fanki.project38.service', 'SERVICE', 'Business service', 'src/co/fanki/project38/service/Business1Service.java', '2024-01-01 00:00:00'),
('9075820b-7f4f-3b1f-e170-a1ffc95377a3', '34d691a5-6477-3532-ef53-79c2c43dc096', 'co.fanki.project38.domain.Entity0', 'Entity0', 'co.fanki.project38.domain', 'ENTITY', 'Domain entity', 'src/co/fanki/project38/domain/Entity0.java', '2024-01-01 00:00:00'),
('0b934395-1953-e9f2-987d-57d635970c2d', '34d691a5-6477-3532-ef53-79c2c43dc096', 'co.fanki.project38.domain.Entity1', 'Entity1', 'co.fanki.project38.domain', 'ENTITY', 'Domain entity', 'src/co/fanki/project38/domain/Entity1.java', '2024-01-01 00:00:00'),
('ff1b375a-4921-0542-f144-7e4b1292156c', '34d691a5-6477-3532-ef53-79c2c43dc096', 'co.fanki.project38.domain.Entity2', 'Entity2', 'co.fanki.project38.domain', 'ENTITY', 'Domain entity', 'src/co/fanki/project38/domain/Entity2.java', '2024-01-01 00:00:00'),
('8411fa7f-8f37-0700-f50d-f80295a801b2', '34d691a5-6477-3532-ef53-79c2c43dc096', 'co.fanki.project38.domain.Entity3', 'Entity3', 'co.fanki.project38.domain', 'ENTITY', 'Domain entity', 'src/co/fanki/project38/domain/Entity3.java', '2024-01-01 00:00:00'),
('ee331155-8f92-1af7-5dd2-ef87579323ee', '34d691a5-6477-3532-ef53-79c2c43dc096', 'co.fanki.project38.domain.Entity4', 'Entity4', 'co.fanki.project38.domain', 'ENTITY', 'Domain entity', 'src/co/fanki/project38/domain/Entity4.java', '2024-01-01 00:00:00'),
('f65d24e9-ff55-6da7-df30-cb3172632505', '34d691a5-6477-3532-ef53-79c2c43dc096', 'co.fanki.project38.domain.Entity5', 'Entity5', 'co.fanki.project38.domain', 'ENTITY', 'Domain entity', 'src/co/fanki/project38/domain/Entity5.java', '2024-01-01 00:00:00'),
('94a80b88-c892-4eb3-94bf-8544fabbeb44', '34d691a5-6477-3532-ef53-79c2c43dc096', 'co.fanki.project38.domain.Entity6', 'Entity6', 'co.fanki.project38.domain', 'ENTITY', 'Domain entity', 'src/co/fanki/project38/domain/Entity6.java', '2024-01-01 00:00:00'),
('ceef01b4-27a3-6c99-e0f3-78d73b420edd', '34d691a5-6477-3532-ef53-79c2c43dc096', 'co.fanki.project38.domain.Entity7', 'Entity7', 'co.fanki.project38.domain', 'ENTITY', 'Domain entity', 'src/co/fanki/project38/domain/Entity7.java', '2024-01-01 00:00:00'),
('b6f46853-55c6-1025-d19e-15ed64ca572a', '34d691a5-6477-3532-ef53-79c2c43dc096', 'co.fanki.project38.domain.Entity8', 'Entity8', 'co.fanki.project38.domain', 'ENTITY', 'Domain entity', 'src/co/fanki/project38/domain/Entity8.java', '2024-01-01 00:00:00'),
('61dd2847-439d-f748-9b0b-902cfda402f6', '34d691a5-6477-3532-ef53-79c2c43dc096', 'co.fanki.project38.domain.Entity9', 'Entity9', 'co.fanki.project38.domain', 'ENTITY', 'Domain entity', 'src/co/fanki/project38/domain/Entity9.java', '2024-01-01 00:00:00');

INSERT INTO source_methods (id, class_id, method_name, description, http_method, http_path, line_number, created_at) VALUES
('b2ff6dc6-48ef-6de8-e0d8-f88866cef36e', '80d85bde-6a7c-efc8-8883-be4f341003ff', 'handle', 'Handles request', 'GET', '/api/v1/resource0', 10, '2024-01-01 00:00:00'),
('97574f29-8a40-7db8-9dd5-2e67e8513bde', '18255e43-f318-1032-474f-a2445342ff5a', 'handle', 'Handles request', 'GET', '/api/v1/resource1', 10, '2024-01-01 00:00:00'),
('835e31cc-56ef-142d-656c-a1dcc19d6728', '7e717aae-da02-0f34-87d0-1ce6ffb400e6', 'handle', 'Handles request', 'GET', '/api/v1/resource2', 10, '2024-01-01 00:00:00'),
('3b8ce0d9-c92d-8a00-d2d4-44de70c24815', 'd81b3fd8-2db7-ee78-1d34-fb030fd93435', 'handle', 'Handles request', 'GET', '/api/v1/resource3', 10, '2024-01-01 00:00:00'),
('8c712e59-660b-4570-570b-281d59863f3d', '1fa326a5-949e-e088-f9d8-28e72fc5a9e8', 'handle', 'Handles request', 'GET', '/api/v1/resource4', 10, '2024-01-01 00:00:00'),
('b2cc5a23-4779-e7da-4831-21748c3c64ad', 'ce773aeb-0c3b-2c3b-8661-cbf8f392a207', 'create', 'Business logic', NULL, NULL, 10, '2024-01-01 00:00:00'),
('7128e92d-a3b1-25cf-5a1d-a88851f25d19', 'ce773aeb-0c3b-2c3b-8661-cbf8f392a207', 'update', 'Business logic', NULL, NULL, 20, '2024-01-01 00:00:00'),
('68ac5779-4157-f689-b972-04ac854b81f3', 'ce773aeb-0c3b-2c3b-8661-cbf8f392a207', 'delete', 'Business logic', NULL, NULL, 30, '2024-01-01 00:00:00'),
('b4bf60fe-1bc0-63c4-2904-5dbe7a4e4290', 'ce773aeb-0c3b-2c3b-8661-cbf8f392a207', 'find', 'Business logic', NULL, NULL, 40, '2024-01-01 00:00:00'),
('98fd9bc2-d2b9-f0ce-e088-ae70f47c3060', 'ce773aeb-0c3b-2c3b-8661-cbf8f392a207', 'process', 'Business logic', NULL, NULL, 50, '2024-01-01 00:00:00'),
('8b19d3f2-1ff9-faa3-44c7-5e22488cda9e', '44018c5e-f87e-becb-b7af-3b946db8d6f0', 'create', 'Business logic', NULL, NULL, 10, '2024-01-01 00:00:00'),
('efa1e1b3-20b0-da07-f4d1-ebcd7efa6747', '44018c5e-f87e-becb-b7af-3b946db8d6f0', 'update', 'Business logic', NULL, NULL, 20, '2024-01-01 00:00:00'),
('b131c03d-815c-3529-cdd5-34df3aba7814', '44018c5e-f87e-becb-b7af-3b946db8d6f0', 'delete', 'Business logic', NULL, NULL, 30, '2024-01-01 00:00:00'),
('22c84e26-a270-4b57-8277-e9b0c409c5e9', '44018c5e-f87e-becb-b7af-3b946db8d6f0', 'find', 'Business logic', NULL, NULL, 40, '2024-01-01 00:00:00'),
('d66c9cc6-4388-3716-677b-98e537f473ae', '44018c5e-f87e-becb-b7af-3b946db8d6f0', 'process', 'Business logic', NULL, NULL, 50, '2024-01-01 00:00:00'),
('173cbcad-7d5b-117b-a25f-701ab6bbb386', '9075820b-7f4f-3b1f-e170-a1ffc95377a3', 'getId', 'Entity method', NULL, NULL, 10, '2024-01-01 00:00:00'),
('8cdb80dd-712b-f093-a739-766c6c37b2be', '9075820b-7f4f-3b1f-e170-a1ffc95377a3', 'getName', 'Entity method', NULL, NULL, 20, '2024-01-01 00:00:00'),
('6d529e3a-3d7f-d400-d20c-616d61e8b735', '9075820b-7f4f-3b1f-e170-a1ffc95377a3', 'validate', 'Entity method', NULL, NULL, 30, '2024-01-01 00:00:00'),
('c96f1e4c-8c95-7906-e073-0de3329cf313', '0b934395-1953-e9f2-987d-57d635970c2d', 'getId', 'Entity method', NULL, NULL, 10, '2024-01-01 00:00:00'),
('423d269c-6053-673f-b836-3a09c17fe1e9', '0b934395-1953-e9f2-987d-57d635970c2d', 'getName', 'Entity method', NULL, NULL, 20, '2024-01-01 00:00:00'),
('62ddcb2c-f17d-4523-96b9-f0bbe8889ef9', '0b934395-1953-e9f2-987d-57d635970c2d', 'validate', 'Entity method', NULL, NULL, 30, '2024-01-01 00:00:00'),
('cee29e7f-ac78-3160-7e1a-e2a7fb2f68d8', 'ff1b375a-4921-0542-f144-7e4b1292156c', 'getId', 'Entity method', NULL, NULL, 10, '2024-01-01 00:00:00'),
('96ef7f56-a6d3-b5a8-d8d3-3bfceafa3168', 'ff1b375a-4921-0542-f144-7e4b1292156c', 'getName', 'Entity method', NULL, NULL, 20, '2024-01-01 00:00:00'),
('4c67d8a8-1be3-dbef-6809-d39b0e576c87', 'ff1b375a-4921-0542-f144-7e4b1292156c', 'validate', 'Entity method', NULL, NULL, 30, '2024-01-01 00:00:00'),
('a795e030-3cbd-b1ed-7cc8-89eeffea6dcf', '8411fa7f-8f37-0700-f50d-f80295a801b2', 'getId', 'Entity method', NULL, NULL, 10, '2024-01-01 00:00:00'),
('7abcf1a7-77dc-1729-0bc9-e1f1e6138920', '8411fa7f-8f37-0700-f50d-f80295a801b2', 'getName', 'Entity method', NULL, NULL, 20, '2024-01-01 00:00:00'),
('dbba5c36-9126-80a7-e7bd-1f3f6da019e0', '8411fa7f-8f37-0700-f50d-f80295a801b2', 'validate', 'Entity method', NULL, NULL, 30, '2024-01-01 00:00:00'),
('dd856794-813c-05cc-4670-04bc163a925e', 'ee331155-8f92-1af7-5dd2-ef87579323ee', 'getId', 'Entity method', NULL, NULL, 10, '2024-01-01 00:00:00'),
('d70b292f-5768-b6e9-10cf-a5db10adff35', 'ee331155-8f92-1af7-5dd2-ef87579323ee', 'getName', 'Entity method', NULL, NULL, 20, '2024-01-01 00:00:00'),
('18d71d23-54a3-0aae-768a-4b438fd5aed5', 'ee331155-8f92-1af7-5dd2-ef87579323ee', 'validate', 'Entity method', NULL, NULL, 30, '2024-01-01 00:00:00'),
('d1298a45-01fe-ffbd-151b-8245eedcf967', 'f65d24e9-ff55-6da7-df30-cb3172632505', 'getId', 'Entity method', NULL, NULL, 10, '2024-01-01 00:00:00'),
('7747fa69-2398-f4fd-1d8e-4fc7fff69264', 'f65d24e9-ff55-6da7-df30-cb3172632505', 'getName', 'Entity method', NULL, NULL, 20, '2024-01-01 00:00:00'),
('2b4f4ce1-216e-88d6-2965-be4e60cfc07a', 'f65d24e9-ff55-6da7-df30-cb3172632505', 'validate', 'Entity method', NULL, NULL, 30, '2024-01-01 00:00:00'),
('7afeac01-226b-c40a-5a7c-56b032302d3b', '94a80b88-c892-4eb3-94bf-8544fabbeb44', 'getId', 'Entity method', NULL, NULL, 10, '2024-01-01 00:00:00'),
('92db0f42-4c31-eae6-a761-8f558550bf51', '94a80b88-c892-4eb3-94bf-8544fabbeb44', 'getName', 'Entity method', NULL, NULL, 20, '2024-01-01 00:00:00'),
('5440166d-5997-e9ce-55b6-aab2f6503bd2', '94a80b88-c892-4eb3-94bf-8544fabbeb44', 'validate', 'Entity method', NULL, NULL, 30, '2024-01-01 00:00:00'),
('d5ee502e-b07c-2f5c-46f1-d09ffe0623cd', 'ceef01b4-27a3-6c99-e0f3-78d73b420edd', 'getId', 'Entity method', NULL, NULL, 10, '2024-01-01 00:00:00'),
('311c4d3d-243e-9f1e-d100-4c504eaae2d8', 'ceef01b4-27a3-6c99-e0f3-78d73b420edd', 'getName', 'Entity method', NULL, NULL, 20, '2024-01-01 00:00:00'),
('2c378b8d-6bd0-7f64-a3d0-f6b65266ea61', 'ceef01b4-27a3-6c99-e0f3-78d73b420edd', 'validate', 'Entity method', NULL, NULL, 30, '2024-01-01 00:00:00'),
('47b473d6-baa1-f132-60f9-36e7d241b202', 'b6f46853-55c6-1025-d19e-15ed64ca572a', 'getId', 'Entity method', NULL, NULL, 10, '2024-01-01 00:00:00'),
('d52a44f4-bb7d-7de2-00f3-744834f8ecc2', 'b6f46853-55c6-1025-d19e-15ed64ca572a', 'getName', 'Entity method', NULL, NULL, 20, '2024-01-01 00:00:00'),
('478c8678-34c2-662a-3b3a-24ee57ae3d84', 'b6f46853-55c6-1025-d19e-15ed64ca572a', 'validate', 'Entity method', NULL, NULL, 30, '2024-01-01 00:00:00'),
('7775da27-ddfb-d283-485a-bb5d9c22c6cc', '61dd2847-439d-f748-9b0b-902cfda402f6', 'getId', 'Entity method', NULL, NULL, 10, '2024-01-01 00:00:00'),
('89fbb38c-84c8-b2d6-44d0-65fcaf654d51', '61dd2847-439d-f748-9b0b-902cfda402f6', 'getName', 'Entity method', NULL, NULL, 20, '2024-01-01 00:00:00'),
('29a534f4-8f02-bae9-2187-3671c9afeea8', '61dd2847-439d-f748-9b0b-902cfda402f6', 'validate', 'Entity method', NULL, NULL, 30, '2024-01-01 00:00:00');

INSERT INTO source_classes (id, project_id, full_class_name, simple_name, package_name, class_type, description, source_file, created_at) VALUES
('423b3f1c-24a8-c6be-ea88-8039d2b2874a', '521d234b-a7cd-8120-0aa8-f147bfa42ad3', 'co.fanki.project39.controller.Api0Controller', 'Api0Controller', 'co.fanki.project39.controller', 'CONTROLLER', 'REST controller', 'src/co/fanki/project39/controller/Api0Controller.java', '2024-01-01 00:00:00'),
('e6e12ee2-4d67-3f46-1798-818c06c7717d', '521d234b-a7cd-8120-0aa8-f147bfa42ad3', 'co.fanki.project39.controller.Api1Controller', 'Api1Controller', 'co.fanki.project39.controller', 'CONTROLLER', 'REST controller', 'src/co/fanki/project39/controller/Api1Controller.java', '2024-01-01 00:00:00'),
('21a24742-351c-6d8c-cb06-70f9e82b6162', '521d234b-a7cd-8120-0aa8-f147bfa42ad3', 'co.fanki.project39.controller.Api2Controller', 'Api2Controller', 'co.fanki.project39.controller', 'CONTROLLER', 'REST controller', 'src/co/fanki/project39/controller/Api2Controller.java', '2024-01-01 00:00:00'),
('23721517-a17e-848a-8c28-9a2055cca4eb', '521d234b-a7cd-8120-0aa8-f147bfa42ad3', 'co.fanki.project39.controller.Api3Controller', 'Api3Controller', 'co.fanki.project39.controller', 'CONTROLLER', 'REST controller', 'src/co/fanki/project39/controller/Api3Controller.java', '2024-01-01 00:00:00'),
('dddd7e0d-6008-8458-dcc9-31e9284d4e6e', '521d234b-a7cd-8120-0aa8-f147bfa42ad3', 'co.fanki.project39.controller.Api4Controller', 'Api4Controller', 'co.fanki.project39.controller', 'CONTROLLER', 'REST controller', 'src/co/fanki/project39/controller/Api4Controller.java', '2024-01-01 00:00:00'),
('ef9dd45e-fc32-9f6c-9354-fc35813952a4', '521d234b-a7cd-8120-0aa8-f147bfa42ad3', 'co.fanki.project39.service.Business0Service', 'Business0Service', 'co.fanki.project39.service', 'SERVICE', 'Business service', 'src/co/fanki/project39/service/Business0Service.java', '2024-01-01 00:00:00'),
('cb366e5b-db50-b58a-5c4e-7930cc3c3d36', '521d234b-a7cd-8120-0aa8-f147bfa42ad3', 'co.fanki.project39.service.Business1Service', 'Business1Service', 'co.fanki.project39.service', 'SERVICE', 'Business service', 'src/co/fanki/project39/service/Business1Service.java', '2024-01-01 00:00:00'),
('3f5c364b-249a-61e0-5f75-191924995478', '521d234b-a7cd-8120-0aa8-f147bfa42ad3', 'co.fanki.project39.domain.Entity0', 'Entity0', 'co.fanki.project39.domain', 'ENTITY', 'Domain entity', 'src/co/fanki/project39/domain/Entity0.java', '2024-01-01 00:00:00'),
('d4b9e69d-9f26-4cb4-ab10-ff84d4b0e963', '521d234b-a7cd-8120-0aa8-f147bfa42ad3', 'co.fanki.project39.domain.Entity1', 'Entity1', 'co.fanki.project39.domain', 'ENTITY', 'Domain entity', 'src/co/fanki/project39/domain/Entity1.java', '2024-01-01 00:00:00'),
('19e33894-02a3-5fb2-bda6-782439c9c14b', '521d234b-a7cd-8120-0aa8-f147bfa42ad3', 'co.fanki.project39.domain.Entity2', 'Entity2', 'co.fanki.project39.domain', 'ENTITY', 'Domain entity', 'src/co/fanki/project39/domain/Entity2.java', '2024-01-01 00:00:00'),
('9b5449fb-446a-39e6-67d1-03bbeed2f685', '521d234b-a7cd-8120-0aa8-f147bfa42ad3', 'co.fanki.project39.domain.Entity3', 'Entity3', 'co.fanki.project39.domain', 'ENTITY', 'Domain entity', 'src/co/fanki/project39/domain/Entity3.java', '2024-01-01 00:00:00'),
('b47a4e5b-01b9-885f-98af-4f6d9cef44f7', '521d234b-a7cd-8120-0aa8-f147bfa42ad3', 'co.fanki.project39.domain.Entity4', 'Entity4', 'co.fanki.project39.domain', 'ENTITY', 'Domain entity', 'src/co/fanki/project39/domain/Entity4.java', '2024-01-01 00:00:00'),
('1a9f3bc9-e6d0-8ae1-1ae7-2f539ab85177', '521d234b-a7cd-8120-0aa8-f147bfa42ad3', 'co.fanki.project39.domain.Entity5', 'Entity5', 'co.fanki.project39.domain', 'ENTITY', 'Domain entity', 'src/co/fanki/project39/domain/Entity5.java', '2024-01-01 00:00:00'),
('2a566052-9303-0029-2659-1b27c15f8c7e', '521d234b-a7cd-8120-0aa8-f147bfa42ad3', 'co.fanki.project39.domain.Entity6', 'Entity6', 'co.fanki.project39.domain', 'ENTITY', 'Domain entity', 'src/co/fanki/project39/domain/Entity6.java', '2024-01-01 00:00:00'),
('6f91b6a2-82f4-ce0c-a498-1a89218583b8', '521d234b-a7cd-8120-0aa8-f147bfa42ad3', 'co.fanki.project39.domain.Entity7', 'Entity7', 'co.fanki.project39.domain', 'ENTITY', 'Domain entity', 'src/co/fanki/project39/domain/Entity7.java', '2024-01-01 00:00:00'),
('25e0f5ec-93eb-d54f-8d6c-8b9f86859907', '521d234b-a7cd-8120-0aa8-f147bfa42ad3', 'co.fanki.project39.domain.Entity8', 'Entity8', 'co.fanki.project39.domain', 'ENTITY', 'Domain entity', 'src/co/fanki/project39/domain/Entity8.java', '2024-01-01 00:00:00'),
('1557df91-6b99-e0be-d2d6-dbbd78ceffcd', '521d234b-a7cd-8120-0aa8-f147bfa42ad3', 'co.fanki.project39.domain.Entity9', 'Entity9', 'co.fanki.project39.domain', 'ENTITY', 'Domain entity', 'src/co/fanki/project39/domain/Entity9.java', '2024-01-01 00:00:00');

INSERT INTO source_methods (id, class_id, method_name, description, http_method, http_path, line_number, created_at) VALUES
('ea273c76-37e5-f74c-8420-c9c3558b46da', '423b3f1c-24a8-c6be-ea88-8039d2b2874a', 'handle', 'Handles request', 'GET', '/api/v1/resource0', 10, '2024-01-01 00:00:00'),
('48a416d0-fb57-db4e-d6a7-99b5c46a1a97', 'e6e12ee2-4d67-3f46-1798-818c06c7717d', 'handle', 'Handles request', 'GET', '/api/v1/resource1', 10, '2024-01-01 00:00:00'),
('cf4a4a9e-c705-5ae9-96d1-8d9b7e6d8b1b', '21a24742-351c-6d8c-cb06-70f9e82b6162', 'handle', 'Handles request', 'GET', '/api/v1/resource2', 10, '2024-01-01 00:00:00'),
('6d46e3d1-6e68-40bd-cf0a-a2ff13a59b97', '23721517-a17e-848a-8c28-9a2055cca4eb', 'handle', 'Handles request', 'GET', '/api/v1/resource3', 10, '2024-01-01 00:00:00'),
('b4bba237-6be8-076d-8ab0-bdf3ebdc2fa1', 'dddd7e0d-6008-8458-dcc9-31e9284d4e6e', 'handle', 'Handles request', 'GET', '/api/v1/resource4', 10, '2024-01-01 00:00:00'),
('774e1648-cda6-4781-2da1-3e9494e08ad8', 'ef9dd45e-fc32-9f6c-9354-fc35813952a4', 'create', 'Business logic', NULL, NULL, 10, '2024-01-01 00:00:00'),
('efac31f6-77a5-2b45-a159-af91e2ccb97a', 'ef9dd45e-fc32-9f6c-9354-fc35813952a4', 'update', 'Business logic', NULL, NULL, 20, '2024-01-01 00:00:00'),
('578eb902-7c0a-a971-4beb-740c5c737312', 'ef9dd45e-fc32-9f6c-9354-fc35813952a4', 'delete', 'Business logic', NULL, NULL, 30, '2024-01-01 00:00:00'),
('e9923837-23d0-e9fa-3043-1d15e75a2a02', 'ef9dd45e-fc32-9f6c-9354-fc35813952a4', 'find', 'Business logic', NULL, NULL, 40, '2024-01-01 00:00:00'),
('73e9e932-da35-1a9b-38fc-21c4d45da0a6', 'ef9dd45e-fc32-9f6c-9354-fc35813952a4', 'process', 'Business logic', NULL, NULL, 50, '2024-01-01 00:00:00'),
('083efc09-0034-37a9-0ae3-a11808e2b34f', 'cb366e5b-db50-b58a-5c4e-7930cc3c3d36', 'create', 'Business logic', NULL, NULL, 10, '2024-01-01 00:00:00'),
('6582b5d2-cf73-7736-b11a-1458946e1f39', 'cb366e5b-db50-b58a-5c4e-7930cc3c3d36', 'update', 'Business logic', NULL, NULL, 20, '2024-01-01 00:00:00'),
('08407723-8837-7fed-4778-a8c65c12f4a7', 'cb366e5b-db50-b58a-5c4e-7930cc3c3d36', 'delete', 'Business logic', NULL, NULL, 30, '2024-01-01 00:00:00'),
('a701806e-549f-3b4d-9f6a-ff44e9f04aa2', 'cb366e5b-db50-b58a-5c4e-7930cc3c3d36', 'find', 'Business logic', NULL, NULL, 40, '2024-01-01 00:00:00'),
('f5dc8f49-f0e6-581d-4935-94a3fa2d5a39', 'cb366e5b-db50-b58a-5c4e-7930cc3c3d36', 'process', 'Business logic', NULL, NULL, 50, '2024-01-01 00:00:00'),
('a1b194d2-f9ec-0467-a9e2-15b64168202e', '3f5c364b-249a-61e0-5f75-191924995478', 'getId', 'Entity method', NULL, NULL, 10, '2024-01-01 00:00:00'),
('529f1909-e3bc-d5cb-fed2-f0451cbda122', '3f5c364b-249a-61e0-5f75-191924995478', 'getName', 'Entity method', NULL, NULL, 20, '2024-01-01 00:00:00'),
('a315e93b-2228-5c14-0b0a-79d51bf9fe30', '3f5c364b-249a-61e0-5f75-191924995478', 'validate', 'Entity method', NULL, NULL, 30, '2024-01-01 00:00:00'),
('6feeae38-38a8-82e2-4ddc-ecf7a06e3355', 'd4b9e69d-9f26-4cb4-ab10-ff84d4b0e963', 'getId', 'Entity method', NULL, NULL, 10, '2024-01-01 00:00:00'),
('7c310b13-050c-9524-6a3a-014ee8186b9f', 'd4b9e69d-9f26-4cb4-ab10-ff84d4b0e963', 'getName', 'Entity method', NULL, NULL, 20, '2024-01-01 00:00:00'),
('e63971fe-a634-36d6-3e9f-0a8d3492e9fa', 'd4b9e69d-9f26-4cb4-ab10-ff84d4b0e963', 'validate', 'Entity method', NULL, NULL, 30, '2024-01-01 00:00:00'),
('c1490e47-78a8-3581-402a-0d590bdb4d3c', '19e33894-02a3-5fb2-bda6-782439c9c14b', 'getId', 'Entity method', NULL, NULL, 10, '2024-01-01 00:00:00'),
('a3dbfb16-6ed4-eb5e-3091-aa209e89b5ca', '19e33894-02a3-5fb2-bda6-782439c9c14b', 'getName', 'Entity method', NULL, NULL, 20, '2024-01-01 00:00:00'),
('d5ae527a-0972-e649-5b93-ecdedb8a4e4c', '19e33894-02a3-5fb2-bda6-782439c9c14b', 'validate', 'Entity method', NULL, NULL, 30, '2024-01-01 00:00:00'),
('43d27aea-9e0a-544b-47aa-5b2c527b6f81', '9b5449fb-446a-39e6-67d1-03bbeed2f685', 'getId', 'Entity method', NULL, NULL, 10, '2024-01-01 00:00:00'),
('d8dfe61f-eb1b-94cd-55e5-e3b2cf2806fd', '9b5449fb-446a-39e6-67d1-03bbeed2f685', 'getName', 'Entity method', NULL, NULL, 20, '2024-01-01 00:00:00'),
('2305fe93-fee4-7e68-4495-622df6c2fe58', '9b5449fb-446a-39e6-67d1-03bbeed2f685', 'validate', 'Entity method', NULL, NULL, 30, '2024-01-01 00:00:00'),
('ffd16ead-b5dc-15b6-9c38-6c709c6467f0', 'b47a4e5b-01b9-885f-98af-4f6d9cef44f7', 'getId', 'Entity method', NULL, NULL, 10, '2024-01-01 00:00:00'),
('a6af317c-d8b2-2ccf-a17e-01567b07fea7', 'b47a4e5b-01b9-885f-98af-4f6d9cef44f7', 'getName', 'Entity method', NULL, NULL, 20, '2024-01-01 00:00:00'),
('56468115-0ee9-c391-020a-9bc20865f28c', 'b47a4e5b-01b9-885f-98af-4f6d9cef44f7', 'validate', 'Entity method', NULL, NULL, 30, '2024-01-01 00:00:00'),
('4ae5dd58-d728-f666-2a25-cb2615404c56', '1a9f3bc9-e6d0-8ae1-1ae7-2f539ab85177', 'getId', 'Entity method', NULL, NULL, 10, '2024-01-01 00:00:00'),
('80cbcc43-a8cd-7d5b-b65c-18d1b1a299f3', '1a9f3bc9-e6d0-8ae1-1ae7-2f539ab85177', 'getName', 'Entity method', NULL, NULL, 20, '2024-01-01 00:00:00'),
('0f5a769c-c24d-6a92-071d-3f335e92578c', '1a9f3bc9-e6d0-8ae1-1ae7-2f539ab85177', 'validate', 'Entity method', NULL, NULL, 30, '2024-01-01 00:00:00'),
('73b12998-6a0b-5c74-3854-a8a72c002101', '2a566052-9303-0029-2659-1b27c15f8c7e', 'getId', 'Entity method', NULL, NULL, 10, '2024-01-01 00:00:00'),
('fb7fb772-a24f-3d54-8414-69bfa477155a', '2a566052-9303-0029-2659-1b27c15f8c7e', 'getName', 'Entity method', NULL, NULL, 20, '2024-01-01 00:00:00'),
('6cb9f1dd-6f14-d460-fae2-05af5ce571a8', '2a566052-9303-0029-2659-1b27c15f8c7e', 'validate', 'Entity method', NULL, NULL, 30, '2024-01-01 00:00:00'),
('9e47f580-5780-2e5b-4c8e-d5359f75d3b0', '6f91b6a2-82f4-ce0c-a498-1a89218583b8', 'getId', 'Entity method', NULL, NULL, 10, '2024-01-01 00:00:00'),
('92efe0d6-e8cc-7b8e-42b1-cdbad4f6c66b', '6f91b6a2-82f4-ce0c-a498-1a89218583b8', 'getName', 'Entity method', NULL, NULL, 20, '2024-01-01 00:00:00'),
('97f9a753-8298-337a-e85c-88e298d1c2b0', '6f91b6a2-82f4-ce0c-a498-1a89218583b8', 'validate', 'Entity method', NULL, NULL, 30, '2024-01-01 00:00:00'),
('f04660a1-96ed-de2e-8386-5e25f36949e0', '25e0f5ec-93eb-d54f-8d6c-8b9f86859907', 'getId', 'Entity method', NULL, NULL, 10, '2024-01-01 00:00:00'),
('7f0a6cbc-5ace-f4ac-88c3-7dee8e9f1020', '25e0f5ec-93eb-d54f-8d6c-8b9f86859907', 'getName', 'Entity method', NULL, NULL, 20, '2024-01-01 00:00:00'),
('1e8a27ca-e7b5-2ba6-e307-ba71582deb4b', '25e0f5ec-93eb-d54f-8d6c-8b9f86859907', 'validate', 'Entity method', NULL, NULL, 30, '2024-01-01 00:00:00'),
('4df2f2fa-ab94-d9d4-2e55-fe138bc74b4a', '1557df91-6b99-e0be-d2d6-dbbd78ceffcd', 'getId', 'Entity method', NULL, NULL, 10, '2024-01-01 00:00:00'),
('1b8230bd-21de-8669-3d08-541c0adc7d74', '1557df91-6b99-e0be-d2d6-dbbd78ceffcd', 'getName', 'Entity method', NULL, NULL, 20, '2024-01-01 00:00:00'),
('1964acb1-0eb6-5398-b13b-5003d6121283', '1557df91-6b99-e0be-d2d6-dbbd78ceffcd', 'validate', 'Entity method', NULL, NULL, 30, '2024-01-01 00:00:00');

INSERT INTO source_classes (id, project_id, full_class_name, simple_name, package_name, class_type, description, source_file, created_at) VALUES
('42c69064-0fb7-ce81-2440-51f2a04e1886', '03fffc64-f73c-04ac-43a4-c4f76c1d956c', 'co.fanki.project40.controller.Api0Controller', 'Api0Controller', 'co.fanki.project40.controller', 'CONTROLLER', 'REST controller', 'src/co/fanki/project40/controller/Api0Controller.java', '2024-01-01 00:00:00'),
('a7931b07-3eb5-c345-19cb-c625fcef2be8', '03fffc64-f73c-04ac-43a4-c4f76c1d956c', 'co.fanki.project40.controller.Api1Controller', 'Api1Controller', 'co.fanki.project40.controller', 'CONTROLLER', 'REST controller', 'src/co/fanki/project40/controller/Api1Controller.java', '2024-01-01 00:00:00'),
('74d31e08-56c0-4b0a-35ad-e321544b0b3a', '03fffc64-f73c-04ac-43a4-c4f76c1d956c', 'co.fanki.project40.controller.Api2Controller', 'Api2Controller', 'co.fanki.project40.controller', 'CONTROLLER', 'REST controller', 'src/co/fanki/project40/controller/Api2Controller.java', '2024-01-01 00:00:00'),
('19e2fad3-3d35-505b-8ca9-518cdb2aefb3', '03fffc64-f73c-04ac-43a4-c4f76c1d956c', 'co.fanki.project40.controller.Api3Controller', 'Api3Controller', 'co.fanki.project40.controller', 'CONTROLLER', 'REST controller', 'src/co/fanki/project40/controller/Api3Controller.java', '2024-01-01 00:00:00'),
('dc9e5736-43bd-d932-fc6c-0c398b3d61b6', '03fffc64-f73c-04ac-43a4-c4f76c1d956c', 'co.fanki.project40.controller.Api4Controller', 'Api4Controller', 'co.fanki.project40.controller', 'CONTROLLER', 'REST controller', 'src/co/fanki/project40/controller/Api4Controller.java', '2024-01-01 00:00:00'),
('b8677f19-4864-10e6-ed11-a45c098fe56b', '03fffc64-f73c-04ac-43a4-c4f76c1d956c', 'co.fanki.project40.service.Business0Service', 'Business0Service', 'co.fanki.project40.service', 'SERVICE', 'Business service', 'src/co/fanki/project40/service/Business0Service.java', '2024-01-01 00:00:00'),
('4033ee85-69f5-c591-9f1b-945971dd31ee', '03fffc64-f73c-04ac-43a4-c4f76c1d956c', 'co.fanki.project40.service.Business1Service', 'Business1Service', 'co.fanki.project40.service', 'SERVICE', 'Business service', 'src/co/fanki/project40/service/Business1Service.java', '2024-01-01 00:00:00'),
('a0b841f5-0f8b-1b22-c12f-8b317e4a0f2d', '03fffc64-f73c-04ac-43a4-c4f76c1d956c', 'co.fanki.project40.domain.Entity0', 'Entity0', 'co.fanki.project40.domain', 'ENTITY', 'Domain entity', 'src/co/fanki/project40/domain/Entity0.java', '2024-01-01 00:00:00'),
('97a5eb26-3871-3cf6-8a6b-43af6b249908', '03fffc64-f73c-04ac-43a4-c4f76c1d956c', 'co.fanki.project40.domain.Entity1', 'Entity1', 'co.fanki.project40.domain', 'ENTITY', 'Domain entity', 'src/co/fanki/project40/domain/Entity1.java', '2024-01-01 00:00:00'),
('d764fecc-42ac-c536-4c78-e6cb05cf577e', '03fffc64-f73c-04ac-43a4-c4f76c1d956c', 'co.fanki.project40.domain.Entity2', 'Entity2', 'co.fanki.project40.domain', 'ENTITY', 'Domain entity', 'src/co/fanki/project40/domain/Entity2.java', '2024-01-01 00:00:00'),
('8316fd1e-fac2-4bce-5944-25ed7e231d43', '03fffc64-f73c-04ac-43a4-c4f76c1d956c', 'co.fanki.project40.domain.Entity3', 'Entity3', 'co.fanki.project40.domain', 'ENTITY', 'Domain entity', 'src/co/fanki/project40/domain/Entity3.java', '2024-01-01 00:00:00'),
('ba00921e-e4b7-5874-2676-7e2ceb691111', '03fffc64-f73c-04ac-43a4-c4f76c1d956c', 'co.fanki.project40.domain.Entity4', 'Entity4', 'co.fanki.project40.domain', 'ENTITY', 'Domain entity', 'src/co/fanki/project40/domain/Entity4.java', '2024-01-01 00:00:00'),
('a13dacf8-a1b7-d343-ca5a-ecba86edd6cc', '03fffc64-f73c-04ac-43a4-c4f76c1d956c', 'co.fanki.project40.domain.Entity5', 'Entity5', 'co.fanki.project40.domain', 'ENTITY', 'Domain entity', 'src/co/fanki/project40/domain/Entity5.java', '2024-01-01 00:00:00'),
('c24b2011-0eb5-b430-7ef0-4260e758a89f', '03fffc64-f73c-04ac-43a4-c4f76c1d956c', 'co.fanki.project40.domain.Entity6', 'Entity6', 'co.fanki.project40.domain', 'ENTITY', 'Domain entity', 'src/co/fanki/project40/domain/Entity6.java', '2024-01-01 00:00:00'),
('4cde25a5-fdaa-d7e7-00b0-24446c57c5a1', '03fffc64-f73c-04ac-43a4-c4f76c1d956c', 'co.fanki.project40.domain.Entity7', 'Entity7', 'co.fanki.project40.domain', 'ENTITY', 'Domain entity', 'src/co/fanki/project40/domain/Entity7.java', '2024-01-01 00:00:00'),
('aa849d70-c2c7-38fb-d4d5-927d6ea18f3e', '03fffc64-f73c-04ac-43a4-c4f76c1d956c', 'co.fanki.project40.domain.Entity8', 'Entity8', 'co.fanki.project40.domain', 'ENTITY', 'Domain entity', 'src/co/fanki/project40/domain/Entity8.java', '2024-01-01 00:00:00'),
('e6b92fe5-dda8-0a6a-66be-dab43bae03af', '03fffc64-f73c-04ac-43a4-c4f76c1d956c', 'co.fanki.project40.domain.Entity9', 'Entity9', 'co.fanki.project40.domain', 'ENTITY', 'Domain entity', 'src/co/fanki/project40/domain/Entity9.java', '2024-01-01 00:00:00');

INSERT INTO source_methods (id, class_id, method_name, description, http_method, http_path, line_number, created_at) VALUES
('fa0ded1c-8706-b0da-effb-1bd49043f900', '42c69064-0fb7-ce81-2440-51f2a04e1886', 'handle', 'Handles request', 'GET', '/api/v1/resource0', 10, '2024-01-01 00:00:00'),
('be85aa6c-a4d8-15a2-51ce-91ff511b27e4', 'a7931b07-3eb5-c345-19cb-c625fcef2be8', 'handle', 'Handles request', 'GET', '/api/v1/resource1', 10, '2024-01-01 00:00:00'),
('2cfe62e3-54e9-ea78-cefc-4069d0ed37d2', '74d31e08-56c0-4b0a-35ad-e321544b0b3a', 'handle', 'Handles request', 'GET', '/api/v1/resource2', 10, '2024-01-01 00:00:00'),
('95a18c60-e9ec-8def-145f-e1403e2c541f', '19e2fad3-3d35-505b-8ca9-518cdb2aefb3', 'handle', 'Handles request', 'GET', '/api/v1/resource3', 10, '2024-01-01 00:00:00'),
('0a1ca7a5-910b-78c7-ae5c-dce346e046f8', 'dc9e5736-43bd-d932-fc6c-0c398b3d61b6', 'handle', 'Handles request', 'GET', '/api/v1/resource4', 10, '2024-01-01 00:00:00'),
('60707087-8c93-01e1-d964-ca6bf585a037', 'b8677f19-4864-10e6-ed11-a45c098fe56b', 'create', 'Business logic', NULL, NULL, 10, '2024-01-01 00:00:00'),
('10440922-4b0e-6cf0-0ab6-17d551153789', 'b8677f19-4864-10e6-ed11-a45c098fe56b', 'update', 'Business logic', NULL, NULL, 20, '2024-01-01 00:00:00'),
('e017d113-cb96-50e2-afda-ae60e41a9932', 'b8677f19-4864-10e6-ed11-a45c098fe56b', 'delete', 'Business logic', NULL, NULL, 30, '2024-01-01 00:00:00'),
('4752b07d-d561-0423-e0b6-262bae2d915d', 'b8677f19-4864-10e6-ed11-a45c098fe56b', 'find', 'Business logic', NULL, NULL, 40, '2024-01-01 00:00:00'),
('287d0394-3d5d-043c-e1f1-f8a6119f0b54', 'b8677f19-4864-10e6-ed11-a45c098fe56b', 'process', 'Business logic', NULL, NULL, 50, '2024-01-01 00:00:00'),
('74c81791-8836-8b3c-8653-4ea3cae21bf9', '4033ee85-69f5-c591-9f1b-945971dd31ee', 'create', 'Business logic', NULL, NULL, 10, '2024-01-01 00:00:00'),
('99e6aa58-0144-104d-645d-2d17cd9b29d8', '4033ee85-69f5-c591-9f1b-945971dd31ee', 'update', 'Business logic', NULL, NULL, 20, '2024-01-01 00:00:00'),
('95869bad-768f-ccca-cc49-270a9abc7296', '4033ee85-69f5-c591-9f1b-945971dd31ee', 'delete', 'Business logic', NULL, NULL, 30, '2024-01-01 00:00:00'),
('7bddabab-58c1-4802-939c-b6ab429f60bd', '4033ee85-69f5-c591-9f1b-945971dd31ee', 'find', 'Business logic', NULL, NULL, 40, '2024-01-01 00:00:00'),
('c48e0615-a763-4b83-0c8c-ba559cae485e', '4033ee85-69f5-c591-9f1b-945971dd31ee', 'process', 'Business logic', NULL, NULL, 50, '2024-01-01 00:00:00'),
('ac3b8d2c-3521-dcda-4551-6e9ecfd6bcb2', 'a0b841f5-0f8b-1b22-c12f-8b317e4a0f2d', 'getId', 'Entity method', NULL, NULL, 10, '2024-01-01 00:00:00'),
('c737c38e-fe7b-3cbf-437e-e1cc0657c89e', 'a0b841f5-0f8b-1b22-c12f-8b317e4a0f2d', 'getName', 'Entity method', NULL, NULL, 20, '2024-01-01 00:00:00'),
('8fe7e18c-49fb-043b-5e60-31927f24e100', 'a0b841f5-0f8b-1b22-c12f-8b317e4a0f2d', 'validate', 'Entity method', NULL, NULL, 30, '2024-01-01 00:00:00'),
('dd63108f-c8a0-82e2-bdfb-5ce4e19cc2a7', '97a5eb26-3871-3cf6-8a6b-43af6b249908', 'getId', 'Entity method', NULL, NULL, 10, '2024-01-01 00:00:00'),
('c988d6c6-0fae-f05d-9c24-c95ad5283cba', '97a5eb26-3871-3cf6-8a6b-43af6b249908', 'getName', 'Entity method', NULL, NULL, 20, '2024-01-01 00:00:00'),
('aa8b965b-1909-9de5-ea6c-fc7ac3e05161', '97a5eb26-3871-3cf6-8a6b-43af6b249908', 'validate', 'Entity method', NULL, NULL, 30, '2024-01-01 00:00:00'),
('928debf8-044a-18c4-81b1-86772c2c10e9', 'd764fecc-42ac-c536-4c78-e6cb05cf577e', 'getId', 'Entity method', NULL, NULL, 10, '2024-01-01 00:00:00'),
('3e3b2cfa-ef1c-04a1-63ba-c1d6b4f34e1b', 'd764fecc-42ac-c536-4c78-e6cb05cf577e', 'getName', 'Entity method', NULL, NULL, 20, '2024-01-01 00:00:00'),
('6adf7bca-d194-5336-e448-09baa18b04b3', 'd764fecc-42ac-c536-4c78-e6cb05cf577e', 'validate', 'Entity method', NULL, NULL, 30, '2024-01-01 00:00:00'),
('a71c2ec7-5305-6325-9af3-f1a958e6c6df', '8316fd1e-fac2-4bce-5944-25ed7e231d43', 'getId', 'Entity method', NULL, NULL, 10, '2024-01-01 00:00:00'),
('6cc66af6-0ee6-842e-f786-462c454d5a35', '8316fd1e-fac2-4bce-5944-25ed7e231d43', 'getName', 'Entity method', NULL, NULL, 20, '2024-01-01 00:00:00'),
('04b8f730-7d05-f8fd-fc29-8cd4222f83b3', '8316fd1e-fac2-4bce-5944-25ed7e231d43', 'validate', 'Entity method', NULL, NULL, 30, '2024-01-01 00:00:00'),
('1476c80e-3829-da50-826b-b135a48016e3', 'ba00921e-e4b7-5874-2676-7e2ceb691111', 'getId', 'Entity method', NULL, NULL, 10, '2024-01-01 00:00:00'),
('901d6d68-c996-5a76-6f5e-471e18178500', 'ba00921e-e4b7-5874-2676-7e2ceb691111', 'getName', 'Entity method', NULL, NULL, 20, '2024-01-01 00:00:00'),
('442c48d0-ba4b-37ec-414b-8e51aea44f80', 'ba00921e-e4b7-5874-2676-7e2ceb691111', 'validate', 'Entity method', NULL, NULL, 30, '2024-01-01 00:00:00'),
('529bf847-1279-cb5d-8f17-91001c20e0a4', 'a13dacf8-a1b7-d343-ca5a-ecba86edd6cc', 'getId', 'Entity method', NULL, NULL, 10, '2024-01-01 00:00:00'),
('e950f339-37b6-1e28-7acc-270ebb1df017', 'a13dacf8-a1b7-d343-ca5a-ecba86edd6cc', 'getName', 'Entity method', NULL, NULL, 20, '2024-01-01 00:00:00'),
('48712c6b-a3c6-87d7-ec93-8a4dcd194a57', 'a13dacf8-a1b7-d343-ca5a-ecba86edd6cc', 'validate', 'Entity method', NULL, NULL, 30, '2024-01-01 00:00:00'),
('3667c895-e3a6-79cb-e179-4f040d3d9150', 'c24b2011-0eb5-b430-7ef0-4260e758a89f', 'getId', 'Entity method', NULL, NULL, 10, '2024-01-01 00:00:00'),
('470a2a15-5712-a597-26f3-59c720d32c2d', 'c24b2011-0eb5-b430-7ef0-4260e758a89f', 'getName', 'Entity method', NULL, NULL, 20, '2024-01-01 00:00:00'),
('b5abe590-a933-afc5-42cb-4ae5d6f1a104', 'c24b2011-0eb5-b430-7ef0-4260e758a89f', 'validate', 'Entity method', NULL, NULL, 30, '2024-01-01 00:00:00'),
('49d33346-b134-6556-6cdb-91b31fad79ec', '4cde25a5-fdaa-d7e7-00b0-24446c57c5a1', 'getId', 'Entity method', NULL, NULL, 10, '2024-01-01 00:00:00'),
('d7695265-ddb6-7e4b-c567-9eaec2086dc3', '4cde25a5-fdaa-d7e7-00b0-24446c57c5a1', 'getName', 'Entity method', NULL, NULL, 20, '2024-01-01 00:00:00'),
('e15a55cc-8f7f-ad23-7a88-331a12d865fd', '4cde25a5-fdaa-d7e7-00b0-24446c57c5a1', 'validate', 'Entity method', NULL, NULL, 30, '2024-01-01 00:00:00'),
('06ed1f5a-ba87-b44d-fa30-3fe28dc73724', 'aa849d70-c2c7-38fb-d4d5-927d6ea18f3e', 'getId', 'Entity method', NULL, NULL, 10, '2024-01-01 00:00:00'),
('25920ea2-62fc-8781-ae79-1293a9b7f169', 'aa849d70-c2c7-38fb-d4d5-927d6ea18f3e', 'getName', 'Entity method', NULL, NULL, 20, '2024-01-01 00:00:00'),
('879c79cc-fecf-c78b-215c-49252d040136', 'aa849d70-c2c7-38fb-d4d5-927d6ea18f3e', 'validate', 'Entity method', NULL, NULL, 30, '2024-01-01 00:00:00'),
('5fe9711c-d2ed-638a-9830-59988de58a2b', 'e6b92fe5-dda8-0a6a-66be-dab43bae03af', 'getId', 'Entity method', NULL, NULL, 10, '2024-01-01 00:00:00'),
('03dc28fc-9a70-60c1-38af-818ad4414850', 'e6b92fe5-dda8-0a6a-66be-dab43bae03af', 'getName', 'Entity method', NULL, NULL, 20, '2024-01-01 00:00:00'),
('1ccb85b9-4f6f-ccea-c909-36a490c79f23', 'e6b92fe5-dda8-0a6a-66be-dab43bae03af', 'validate', 'Entity method', NULL, NULL, 30, '2024-01-01 00:00:00');

INSERT INTO source_classes (id, project_id, full_class_name, simple_name, package_name, class_type, description, source_file, created_at) VALUES
('d5779e3d-9f32-8d30-fd56-73906b0d161d', 'ff33a67e-65bb-2cff-6bd1-196bbd2ea3c0', 'co.fanki.project41.controller.Api0Controller', 'Api0Controller', 'co.fanki.project41.controller', 'CONTROLLER', 'REST controller', 'src/co/fanki/project41/controller/Api0Controller.java', '2024-01-01 00:00:00'),
('2e8091ff-646f-2092-012a-e320b9dba38c', 'ff33a67e-65bb-2cff-6bd1-196bbd2ea3c0', 'co.fanki.project41.controller.Api1Controller', 'Api1Controller', 'co.fanki.project41.controller', 'CONTROLLER', 'REST controller', 'src/co/fanki/project41/controller/Api1Controller.java', '2024-01-01 00:00:00'),
('a7b28400-d3b5-afb8-4c18-e0b4b218a07b', 'ff33a67e-65bb-2cff-6bd1-196bbd2ea3c0', 'co.fanki.project41.controller.Api2Controller', 'Api2Controller', 'co.fanki.project41.controller', 'CONTROLLER', 'REST controller', 'src/co/fanki/project41/controller/Api2Controller.java', '2024-01-01 00:00:00'),
('78cae2cc-153d-b58e-84c9-e52450195103', 'ff33a67e-65bb-2cff-6bd1-196bbd2ea3c0', 'co.fanki.project41.controller.Api3Controller', 'Api3Controller', 'co.fanki.project41.controller', 'CONTROLLER', 'REST controller', 'src/co/fanki/project41/controller/Api3Controller.java', '2024-01-01 00:00:00'),
('a9133a3c-3fee-f47e-b024-395bfd8c79ca', 'ff33a67e-65bb-2cff-6bd1-196bbd2ea3c0', 'co.fanki.project41.controller.Api4Controller', 'Api4Controller', 'co.fanki.project41.controller', 'CONTROLLER', 'REST controller', 'src/co/fanki/project41/controller/Api4Controller.java', '2024-01-01 00:00:00'),
('6125aebc-1b25-6e00-8690-dd59feb3cd83', 'ff33a67e-65bb-2cff-6bd1-196bbd2ea3c0', 'co.fanki.project41.service.Business0Service', 'Business0Service', 'co.fanki.project41.service', 'SERVICE', 'Business service', 'src/co/fanki/project41/service/Business0Service.java', '2024-01-01 00:00:00'),
('b76c7af4-50c4-af2c-cf90-6c602cade119', 'ff33a67e-65bb-2cff-6bd1-196bbd2ea3c0', 'co.fanki.project41.service.Business1Service', 'Business1Service', 'co.fanki.project41.service', 'SERVICE', 'Business service', 'src/co/fanki/project41/service/Business1Service.java', '2024-01-01 00:00:00'),
('7d24f404-efde-1eb1-507b-664ab6722860', 'ff33a67e-65bb-2cff-6bd1-196bbd2ea3c0', 'co.fanki.project41.domain.Entity0', 'Entity0', 'co.fanki.project41.domain', 'ENTITY', 'Domain entity', 'src/co/fanki/project41/domain/Entity0.java', '2024-01-01 00:00:00'),
('38b9009c-4ed1-d468-9f9b-39fca5ca9961', 'ff33a67e-65bb-2cff-6bd1-196bbd2ea3c0', 'co.fanki.project41.domain.Entity1', 'Entity1', 'co.fanki.project41.domain', 'ENTITY', 'Domain entity', 'src/co/fanki/project41/domain/Entity1.java', '2024-01-01 00:00:00'),
('71d4e5bb-127b-30b6-a161-fe955b0355b7', 'ff33a67e-65bb-2cff-6bd1-196bbd2ea3c0', 'co.fanki.project41.domain.Entity2', 'Entity2', 'co.fanki.project41.domain', 'ENTITY', 'Domain entity', 'src/co/fanki/project41/domain/Entity2.java', '2024-01-01 00:00:00'),
('32fa33bf-c897-86e1-432a-d3002ec712e0', 'ff33a67e-65bb-2cff-6bd1-196bbd2ea3c0', 'co.fanki.project41.domain.Entity3', 'Entity3', 'co.fanki.project41.domain', 'ENTITY', 'Domain entity', 'src/co/fanki/project41/domain/Entity3.java', '2024-01-01 00:00:00'),
('075e74c3-aa74-6154-49fd-14005352cb50', 'ff33a67e-65bb-2cff-6bd1-196bbd2ea3c0', 'co.fanki.project41.domain.Entity4', 'Entity4', 'co.fanki.project41.domain', 'ENTITY', 'Domain entity', 'src/co/fanki/project41/domain/Entity4.java', '2024-01-01 00:00:00'),
('d78e168d-429e-7e23-45f4-72c99acd6c27', 'ff33a67e-65bb-2cff-6bd1-196bbd2ea3c0', 'co.fanki.project41.domain.Entity5', 'Entity5', 'co.fanki.project41.domain', 'ENTITY', 'Domain entity', 'src/co/fanki/project41/domain/Entity5.java', '2024-01-01 00:00:00'),
('7d4d2b8b-106f-9d47-fb60-c21fd0cae848', 'ff33a67e-65bb-2cff-6bd1-196bbd2ea3c0', 'co.fanki.project41.domain.Entity6', 'Entity6', 'co.fanki.project41.domain', 'ENTITY', 'Domain entity', 'src/co/fanki/project41/domain/Entity6.java', '2024-01-01 00:00:00'),
('63af8620-bd08-2c8e-3637-d5792aab9e3f', 'ff33a67e-65bb-2cff-6bd1-196bbd2ea3c0', 'co.fanki.project41.domain.Entity7', 'Entity7', 'co.fanki.project41.domain', 'ENTITY', 'Domain entity', 'src/co/fanki/project41/domain/Entity7.java', '2024-01-01 00:00:00'),
('02daaee2-c5bf-1784-d8c2-8da6500666a3', 'ff33a67e-65bb-2cff-6bd1-196bbd2ea3c0', 'co.fanki.project41.domain.Entity8', 'Entity8', 'co.fanki.project41.domain', 'ENTITY', 'Domain entity', 'src/co/fanki/project41/domain/Entity8.java', '2024-01-01 00:00:00'),
('4d12d70f-323a-461a-d947-e2f923d6fc97', 'ff33a67e-65bb-2cff-6bd1-196bbd2ea3c0', 'co.fanki.project41.domain.Entity9', 'Entity9', 'co.fanki.project41.domain', 'ENTITY', 'Domain entity', 'src/co/fanki/project41/domain/Entity9.java', '2024-01-01 00:00:00');

INSERT INTO source_methods (id, class_id, method_name, description, http_method, http_path, line_number, created_at) VALUES
('42095611-a5ad-54ff-c49a-e9b55caf3df3', 'd5779e3d-9f32-8d30-fd56-73906b0d161d', 'handle', 'Handles request', 'GET', '/api/v1/resource0', 10, '2024-01-01 00:00:00'),
('cbf32e7d-19ad-789e-af87-97a2219059e2', '2e8091ff-646f-2092-012a-e320b9dba38c', 'handle', 'Handles request', 'GET', '/api/v1/resource1', 10, '2024-01-01 00:00:00'),
('ff7901c6-82fc-3c04-f240-6aa0d754a83a', 'a7b28400-d3b5-afb8-4c18-e0b4b218a07b', 'handle', 'Handles request', 'GET', '/api/v1/resource2', 10, '2024-01-01 00:00:00'),
('789f126f-5bb8-d81e-cd5c-f75763035c63', '78cae2cc-153d-b58e-84c9-e52450195103', 'handle', 'Handles request', 'GET', '/api/v1/resource3', 10, '2024-01-01 00:00:00'),
('e0f0da40-de68-ca1a-b88c-6f1516c11b20', 'a9133a3c-3fee-f47e-b024-395bfd8c79ca', 'handle', 'Handles request', 'GET', '/api/v1/resource4', 10, '2024-01-01 00:00:00'),
('5dc4e645-42f9-ef35-7123-6cf261e14cd7', '6125aebc-1b25-6e00-8690-dd59feb3cd83', 'create', 'Business logic', NULL, NULL, 10, '2024-01-01 00:00:00'),
('0553a67c-364a-0e1d-9e13-9fca4200c312', '6125aebc-1b25-6e00-8690-dd59feb3cd83', 'update', 'Business logic', NULL, NULL, 20, '2024-01-01 00:00:00'),
('dfb17304-060e-f18b-382c-c63b3a6c2306', '6125aebc-1b25-6e00-8690-dd59feb3cd83', 'delete', 'Business logic', NULL, NULL, 30, '2024-01-01 00:00:00'),
('10b0dfdc-3c71-9563-6779-b1c20132c237', '6125aebc-1b25-6e00-8690-dd59feb3cd83', 'find', 'Business logic', NULL, NULL, 40, '2024-01-01 00:00:00'),
('87307f97-32c0-5a57-4e52-47da678cf1d7', '6125aebc-1b25-6e00-8690-dd59feb3cd83', 'process', 'Business logic', NULL, NULL, 50, '2024-01-01 00:00:00'),
('3521ec5d-0127-3b06-fdf5-461326fa14a2', 'b76c7af4-50c4-af2c-cf90-6c602cade119', 'create', 'Business logic', NULL, NULL, 10, '2024-01-01 00:00:00'),
('da347d9b-7bc9-4fa0-4e5a-47987c33d363', 'b76c7af4-50c4-af2c-cf90-6c602cade119', 'update', 'Business logic', NULL, NULL, 20, '2024-01-01 00:00:00'),
('25910d75-2ff9-a271-7f6e-bcdf49ca5dbb', 'b76c7af4-50c4-af2c-cf90-6c602cade119', 'delete', 'Business logic', NULL, NULL, 30, '2024-01-01 00:00:00'),
('b8dd79da-9962-4d90-aa4c-47a3529e3ccf', 'b76c7af4-50c4-af2c-cf90-6c602cade119', 'find', 'Business logic', NULL, NULL, 40, '2024-01-01 00:00:00'),
('4b5883e2-9575-023f-c86d-1506b3a506fa', 'b76c7af4-50c4-af2c-cf90-6c602cade119', 'process', 'Business logic', NULL, NULL, 50, '2024-01-01 00:00:00'),
('0699584e-4588-6c85-221c-e308fc9202e0', '7d24f404-efde-1eb1-507b-664ab6722860', 'getId', 'Entity method', NULL, NULL, 10, '2024-01-01 00:00:00'),
('a28c7163-c640-e2f5-5bf6-00bf8ce55c03', '7d24f404-efde-1eb1-507b-664ab6722860', 'getName', 'Entity method', NULL, NULL, 20, '2024-01-01 00:00:00'),
('397200ec-b647-2bf7-ac4e-4e73110465d2', '7d24f404-efde-1eb1-507b-664ab6722860', 'validate', 'Entity method', NULL, NULL, 30, '2024-01-01 00:00:00'),
('95a39c7d-0636-3ded-c560-338b57e0f4af', '38b9009c-4ed1-d468-9f9b-39fca5ca9961', 'getId', 'Entity method', NULL, NULL, 10, '2024-01-01 00:00:00'),
('4d2fdb22-dde6-4e8f-5231-034924660ea2', '38b9009c-4ed1-d468-9f9b-39fca5ca9961', 'getName', 'Entity method', NULL, NULL, 20, '2024-01-01 00:00:00'),
('f1e1053b-6403-00a8-1716-3da570e655d4', '38b9009c-4ed1-d468-9f9b-39fca5ca9961', 'validate', 'Entity method', NULL, NULL, 30, '2024-01-01 00:00:00'),
('2dc002ab-4e77-2247-c0c0-1d56677179ad', '71d4e5bb-127b-30b6-a161-fe955b0355b7', 'getId', 'Entity method', NULL, NULL, 10, '2024-01-01 00:00:00'),
('7b3e8ee9-8203-f7c8-5f73-4b15c1c425d0', '71d4e5bb-127b-30b6-a161-fe955b0355b7', 'getName', 'Entity method', NULL, NULL, 20, '2024-01-01 00:00:00'),
('d6ec79bf-b2ce-5876-fef0-b35fbf1993b2', '71d4e5bb-127b-30b6-a161-fe955b0355b7', 'validate', 'Entity method', NULL, NULL, 30, '2024-01-01 00:00:00'),
('7a612f68-a2b0-dd78-30be-c08eec0ee113', '32fa33bf-c897-86e1-432a-d3002ec712e0', 'getId', 'Entity method', NULL, NULL, 10, '2024-01-01 00:00:00'),
('a8bf3152-8eb4-270b-2642-c7b78eac77dd', '32fa33bf-c897-86e1-432a-d3002ec712e0', 'getName', 'Entity method', NULL, NULL, 20, '2024-01-01 00:00:00'),
('fc601142-a5d7-e130-e74f-e922a4619495', '32fa33bf-c897-86e1-432a-d3002ec712e0', 'validate', 'Entity method', NULL, NULL, 30, '2024-01-01 00:00:00'),
('22a14f61-c39a-f6f8-5668-112b68c0a3dc', '075e74c3-aa74-6154-49fd-14005352cb50', 'getId', 'Entity method', NULL, NULL, 10, '2024-01-01 00:00:00'),
('045db7ae-b145-5188-212c-6b90cf6d0c0b', '075e74c3-aa74-6154-49fd-14005352cb50', 'getName', 'Entity method', NULL, NULL, 20, '2024-01-01 00:00:00'),
('694ab5c5-23e4-0d2d-c6ab-8a4b816be6ef', '075e74c3-aa74-6154-49fd-14005352cb50', 'validate', 'Entity method', NULL, NULL, 30, '2024-01-01 00:00:00'),
('8dfc7374-4013-a529-9c9e-d77a858b7dd9', 'd78e168d-429e-7e23-45f4-72c99acd6c27', 'getId', 'Entity method', NULL, NULL, 10, '2024-01-01 00:00:00'),
('1b523b58-0e2e-4bed-9e2f-e26b5a4044a4', 'd78e168d-429e-7e23-45f4-72c99acd6c27', 'getName', 'Entity method', NULL, NULL, 20, '2024-01-01 00:00:00'),
('2c44daae-892f-f27d-ebce-671cf7ba77c3', 'd78e168d-429e-7e23-45f4-72c99acd6c27', 'validate', 'Entity method', NULL, NULL, 30, '2024-01-01 00:00:00'),
('660aad8d-4896-b176-4082-e95a3a327042', '7d4d2b8b-106f-9d47-fb60-c21fd0cae848', 'getId', 'Entity method', NULL, NULL, 10, '2024-01-01 00:00:00'),
('3f80f18c-8360-9076-3981-cd4ad9661577', '7d4d2b8b-106f-9d47-fb60-c21fd0cae848', 'getName', 'Entity method', NULL, NULL, 20, '2024-01-01 00:00:00'),
('0959b846-6451-4e12-a8e3-26799f68b5a8', '7d4d2b8b-106f-9d47-fb60-c21fd0cae848', 'validate', 'Entity method', NULL, NULL, 30, '2024-01-01 00:00:00'),
('36e3d4d3-508a-c80a-d209-137bd9129e03', '63af8620-bd08-2c8e-3637-d5792aab9e3f', 'getId', 'Entity method', NULL, NULL, 10, '2024-01-01 00:00:00'),
('7d19d1fc-27ee-7b6b-471d-036e48fedcb0', '63af8620-bd08-2c8e-3637-d5792aab9e3f', 'getName', 'Entity method', NULL, NULL, 20, '2024-01-01 00:00:00'),
('4879f752-dc94-6be3-3a07-0bb536159008', '63af8620-bd08-2c8e-3637-d5792aab9e3f', 'validate', 'Entity method', NULL, NULL, 30, '2024-01-01 00:00:00'),
('a28417a3-d73f-d6f9-0e05-46efcff08454', '02daaee2-c5bf-1784-d8c2-8da6500666a3', 'getId', 'Entity method', NULL, NULL, 10, '2024-01-01 00:00:00'),
('3b3803ba-c3fc-d1f3-c11c-da1890349099', '02daaee2-c5bf-1784-d8c2-8da6500666a3', 'getName', 'Entity method', NULL, NULL, 20, '2024-01-01 00:00:00'),
('b0c43be1-487b-15ec-1673-689ac89c82b2', '02daaee2-c5bf-1784-d8c2-8da6500666a3', 'validate', 'Entity method', NULL, NULL, 30, '2024-01-01 00:00:00'),
('34d0931e-a927-3217-8f0e-f023d19e3584', '4d12d70f-323a-461a-d947-e2f923d6fc97', 'getId', 'Entity method', NULL, NULL, 10, '2024-01-01 00:00:00'),
('4edd9f49-0788-3b05-7828-ba4207505fcf', '4d12d70f-323a-461a-d947-e2f923d6fc97', 'getName', 'Entity method', NULL, NULL, 20, '2024-01-01 00:00:00'),
('5f64fc64-1268-b688-2dac-7eff0c3ffd4a', '4d12d70f-323a-461a-d947-e2f923d6fc97', 'validate', 'Entity method', NULL, NULL, 30, '2024-01-01 00:00:00');

INSERT INTO source_classes (id, project_id, full_class_name, simple_name, package_name, class_type, description, source_file, created_at) VALUES
('36640924-872a-3992-eb13-70088a308190', 'ec1cd169-5e4b-933b-b59a-6eeb3ad56de3', 'co.fanki.project42.controller.Api0Controller', 'Api0Controller', 'co.fanki.project42.controller', 'CONTROLLER', 'REST controller', 'src/co/fanki/project42/controller/Api0Controller.java', '2024-01-01 00:00:00'),
('3752f533-606e-0e5f-98b5-794e6829a170', 'ec1cd169-5e4b-933b-b59a-6eeb3ad56de3', 'co.fanki.project42.controller.Api1Controller', 'Api1Controller', 'co.fanki.project42.controller', 'CONTROLLER', 'REST controller', 'src/co/fanki/project42/controller/Api1Controller.java', '2024-01-01 00:00:00'),
('3868f5fc-bcfe-5826-1737-1719b5abc33b', 'ec1cd169-5e4b-933b-b59a-6eeb3ad56de3', 'co.fanki.project42.controller.Api2Controller', 'Api2Controller', 'co.fanki.project42.controller', 'CONTROLLER', 'REST controller', 'src/co/fanki/project42/controller/Api2Controller.java', '2024-01-01 00:00:00'),
('29ae44dd-ead0-c290-050c-b4e931967967', 'ec1cd169-5e4b-933b-b59a-6eeb3ad56de3', 'co.fanki.project42.controller.Api3Controller', 'Api3Controller', 'co.fanki.project42.controller', 'CONTROLLER', 'REST controller', 'src/co/fanki/project42/controller/Api3Controller.java', '2024-01-01 00:00:00'),
('57c491ab-ea18-a3b2-ae99-6ed6d3a3b5a3', 'ec1cd169-5e4b-933b-b59a-6eeb3ad56de3', 'co.fanki.project42.controller.Api4Controller', 'Api4Controller', 'co.fanki.project42.controller', 'CONTROLLER', 'REST controller', 'src/co/fanki/project42/controller/Api4Controller.java', '2024-01-01 00:00:00'),
('da73db29-7ad0-55d7-a0b3-539bf2c569d2', 'ec1cd169-5e4b-933b-b59a-6eeb3ad56de3', 'co.fanki.project42.service.Business0Service', 'Business0Service', 'co.fanki.project42.service', 'SERVICE', 'Business service', 'src/co/fanki/project42/service/Business0Service.java', '2024-01-01 00:00:00'),
('d4e68b1f-cb6c-0cf8-0054-257a339a70fe', 'ec1cd169-5e4b-933b-b59a-6eeb3ad56de3', 'co.fanki.project42.service.Business1Service', 'Business1Service', 'co.fanki.project42.service', 'SERVICE', 'Business service', 'src/co/fanki/project42/service/Business1Service.java', '2024-01-01 00:00:00'),
('0596a22a-25ab-68b9-79dd-d18161a6479c', 'ec1cd169-5e4b-933b-b59a-6eeb3ad56de3', 'co.fanki.project42.domain.Entity0', 'Entity0', 'co.fanki.project42.domain', 'ENTITY', 'Domain entity', 'src/co/fanki/project42/domain/Entity0.java', '2024-01-01 00:00:00'),
('4c0cb1c0-ca28-23d3-e636-76a68c48f97d', 'ec1cd169-5e4b-933b-b59a-6eeb3ad56de3', 'co.fanki.project42.domain.Entity1', 'Entity1', 'co.fanki.project42.domain', 'ENTITY', 'Domain entity', 'src/co/fanki/project42/domain/Entity1.java', '2024-01-01 00:00:00'),
('c4ed3943-883e-4965-c5e0-d7dc639ba9c7', 'ec1cd169-5e4b-933b-b59a-6eeb3ad56de3', 'co.fanki.project42.domain.Entity2', 'Entity2', 'co.fanki.project42.domain', 'ENTITY', 'Domain entity', 'src/co/fanki/project42/domain/Entity2.java', '2024-01-01 00:00:00'),
('0c021d2c-20b6-3bc7-87be-4e47a7e9ac0a', 'ec1cd169-5e4b-933b-b59a-6eeb3ad56de3', 'co.fanki.project42.domain.Entity3', 'Entity3', 'co.fanki.project42.domain', 'ENTITY', 'Domain entity', 'src/co/fanki/project42/domain/Entity3.java', '2024-01-01 00:00:00'),
('1f4c2824-acaf-03ea-ecfa-18ec984ca609', 'ec1cd169-5e4b-933b-b59a-6eeb3ad56de3', 'co.fanki.project42.domain.Entity4', 'Entity4', 'co.fanki.project42.domain', 'ENTITY', 'Domain entity', 'src/co/fanki/project42/domain/Entity4.java', '2024-01-01 00:00:00'),
('1e44553e-cccf-47d9-e6d7-d78c7dbb9e76', 'ec1cd169-5e4b-933b-b59a-6eeb3ad56de3', 'co.fanki.project42.domain.Entity5', 'Entity5', 'co.fanki.project42.domain', 'ENTITY', 'Domain entity', 'src/co/fanki/project42/domain/Entity5.java', '2024-01-01 00:00:00'),
('0de025e7-9092-a4b7-d048-1f9b691b06f6', 'ec1cd169-5e4b-933b-b59a-6eeb3ad56de3', 'co.fanki.project42.domain.Entity6', 'Entity6', 'co.fanki.project42.domain', 'ENTITY', 'Domain entity', 'src/co/fanki/project42/domain/Entity6.java', '2024-01-01 00:00:00'),
('13939b55-4416-a1ee-728f-3e6d865d3484', 'ec1cd169-5e4b-933b-b59a-6eeb3ad56de3', 'co.fanki.project42.domain.Entity7', 'Entity7', 'co.fanki.project42.domain', 'ENTITY', 'Domain entity', 'src/co/fanki/project42/domain/Entity7.java', '2024-01-01 00:00:00'),
('7670080e-b8ea-f91d-a358-5c2cdbe849bc', 'ec1cd169-5e4b-933b-b59a-6eeb3ad56de3', 'co.fanki.project42.domain.Entity8', 'Entity8', 'co.fanki.project42.domain', 'ENTITY', 'Domain entity', 'src/co/fanki/project42/domain/Entity8.java', '2024-01-01 00:00:00'),
('55f371c7-b7bd-c27a-6291-aab25f20fe68', 'ec1cd169-5e4b-933b-b59a-6eeb3ad56de3', 'co.fanki.project42.domain.Entity9', 'Entity9', 'co.fanki.project42.domain', 'ENTITY', 'Domain entity', 'src/co/fanki/project42/domain/Entity9.java', '2024-01-01 00:00:00');

INSERT INTO source_methods (id, class_id, method_name, description, http_method, http_path, line_number, created_at) VALUES
('e8b651cf-3c87-18e5-d124-110ea4d07613', '36640924-872a-3992-eb13-70088a308190', 'handle', 'Handles request', 'GET', '/api/v1/resource0', 10, '2024-01-01 00:00:00'),
('5d89d9cd-a71e-fdab-ddf6-35f87ff4df8c', '3752f533-606e-0e5f-98b5-794e6829a170', 'handle', 'Handles request', 'GET', '/api/v1/resource1', 10, '2024-01-01 00:00:00'),
('fe58e156-a334-cf69-60b9-63c5545a8266', '3868f5fc-bcfe-5826-1737-1719b5abc33b', 'handle', 'Handles request', 'GET', '/api/v1/resource2', 10, '2024-01-01 00:00:00'),
('755c2345-6180-19e9-0128-3edbe8862f21', '29ae44dd-ead0-c290-050c-b4e931967967', 'handle', 'Handles request', 'GET', '/api/v1/resource3', 10, '2024-01-01 00:00:00'),
('dc8af0a9-ccdf-5fa5-7391-c69b10ef5030', '57c491ab-ea18-a3b2-ae99-6ed6d3a3b5a3', 'handle', 'Handles request', 'GET', '/api/v1/resource4', 10, '2024-01-01 00:00:00'),
('797427a2-e401-adaa-cea8-e6c5e44919fe', 'da73db29-7ad0-55d7-a0b3-539bf2c569d2', 'create', 'Business logic', NULL, NULL, 10, '2024-01-01 00:00:00'),
('7f94affd-8d5a-6813-633e-4d06c3d2ef53', 'da73db29-7ad0-55d7-a0b3-539bf2c569d2', 'update', 'Business logic', NULL, NULL, 20, '2024-01-01 00:00:00'),
('1cbdccef-88f7-0a09-90fb-fc4f9cf5616e', 'da73db29-7ad0-55d7-a0b3-539bf2c569d2', 'delete', 'Business logic', NULL, NULL, 30, '2024-01-01 00:00:00'),
('95a38fa0-1344-c360-e063-317f01259958', 'da73db29-7ad0-55d7-a0b3-539bf2c569d2', 'find', 'Business logic', NULL, NULL, 40, '2024-01-01 00:00:00'),
('bf0f2f66-ad0a-d5df-b029-39078bd82689', 'da73db29-7ad0-55d7-a0b3-539bf2c569d2', 'process', 'Business logic', NULL, NULL, 50, '2024-01-01 00:00:00'),
('d8d34a82-0884-9479-d802-1b60aa908cc4', 'd4e68b1f-cb6c-0cf8-0054-257a339a70fe', 'create', 'Business logic', NULL, NULL, 10, '2024-01-01 00:00:00'),
('c1beef35-d78d-846b-766c-4e4e0531b8cf', 'd4e68b1f-cb6c-0cf8-0054-257a339a70fe', 'update', 'Business logic', NULL, NULL, 20, '2024-01-01 00:00:00'),
('9f72518e-b8c7-e489-d919-f618c4e8ce7b', 'd4e68b1f-cb6c-0cf8-0054-257a339a70fe', 'delete', 'Business logic', NULL, NULL, 30, '2024-01-01 00:00:00'),
('c9ff69d5-d4ff-58b2-71af-b620bdfd035b', 'd4e68b1f-cb6c-0cf8-0054-257a339a70fe', 'find', 'Business logic', NULL, NULL, 40, '2024-01-01 00:00:00'),
('53988cfa-9681-4b80-1de1-5402d8a420d7', 'd4e68b1f-cb6c-0cf8-0054-257a339a70fe', 'process', 'Business logic', NULL, NULL, 50, '2024-01-01 00:00:00'),
('61a9832f-e700-f562-6360-8ec24f94d531', '0596a22a-25ab-68b9-79dd-d18161a6479c', 'getId', 'Entity method', NULL, NULL, 10, '2024-01-01 00:00:00'),
('88e466ef-509d-eb3f-6515-1dc0a935f062', '0596a22a-25ab-68b9-79dd-d18161a6479c', 'getName', 'Entity method', NULL, NULL, 20, '2024-01-01 00:00:00'),
('df709183-5260-e2a0-e287-737384254bdb', '0596a22a-25ab-68b9-79dd-d18161a6479c', 'validate', 'Entity method', NULL, NULL, 30, '2024-01-01 00:00:00'),
('b8df976c-cf68-007b-9ea5-cf84ed856101', '4c0cb1c0-ca28-23d3-e636-76a68c48f97d', 'getId', 'Entity method', NULL, NULL, 10, '2024-01-01 00:00:00'),
('a54cb6d9-fe58-ac94-8a1c-07c800aeee4a', '4c0cb1c0-ca28-23d3-e636-76a68c48f97d', 'getName', 'Entity method', NULL, NULL, 20, '2024-01-01 00:00:00'),
('97ff818f-3168-ade2-6480-dc09208b8c29', '4c0cb1c0-ca28-23d3-e636-76a68c48f97d', 'validate', 'Entity method', NULL, NULL, 30, '2024-01-01 00:00:00'),
('00b18aa2-116b-fe7f-8643-21512cd312ea', 'c4ed3943-883e-4965-c5e0-d7dc639ba9c7', 'getId', 'Entity method', NULL, NULL, 10, '2024-01-01 00:00:00'),
('dd590e78-1ddf-55f9-2208-c80b38aca514', 'c4ed3943-883e-4965-c5e0-d7dc639ba9c7', 'getName', 'Entity method', NULL, NULL, 20, '2024-01-01 00:00:00'),
('56697258-a1c4-61f7-1a9f-b4b4a766cf03', 'c4ed3943-883e-4965-c5e0-d7dc639ba9c7', 'validate', 'Entity method', NULL, NULL, 30, '2024-01-01 00:00:00'),
('12f05721-c358-46ef-b5ed-a7cd3ec8cadf', '0c021d2c-20b6-3bc7-87be-4e47a7e9ac0a', 'getId', 'Entity method', NULL, NULL, 10, '2024-01-01 00:00:00'),
('6a7079c6-bd92-f6e5-b445-a9120733aa87', '0c021d2c-20b6-3bc7-87be-4e47a7e9ac0a', 'getName', 'Entity method', NULL, NULL, 20, '2024-01-01 00:00:00'),
('e1062778-974f-46e5-a309-8767770f9d92', '0c021d2c-20b6-3bc7-87be-4e47a7e9ac0a', 'validate', 'Entity method', NULL, NULL, 30, '2024-01-01 00:00:00'),
('f7e36727-4cbf-79e2-14f1-fe07ba202428', '1f4c2824-acaf-03ea-ecfa-18ec984ca609', 'getId', 'Entity method', NULL, NULL, 10, '2024-01-01 00:00:00'),
('94110596-8cf3-2ccb-da3c-207cf678f148', '1f4c2824-acaf-03ea-ecfa-18ec984ca609', 'getName', 'Entity method', NULL, NULL, 20, '2024-01-01 00:00:00'),
('71f84848-bc1c-fd9f-d250-bda667f5929a', '1f4c2824-acaf-03ea-ecfa-18ec984ca609', 'validate', 'Entity method', NULL, NULL, 30, '2024-01-01 00:00:00'),
('f65eb28b-bbdd-03e2-0d4a-0c583dc5bbd9', '1e44553e-cccf-47d9-e6d7-d78c7dbb9e76', 'getId', 'Entity method', NULL, NULL, 10, '2024-01-01 00:00:00'),
('51b17d59-5ccd-b430-59b0-c2ac0a519d08', '1e44553e-cccf-47d9-e6d7-d78c7dbb9e76', 'getName', 'Entity method', NULL, NULL, 20, '2024-01-01 00:00:00'),
('9086030a-8c06-0c21-8667-6f4bf191555e', '1e44553e-cccf-47d9-e6d7-d78c7dbb9e76', 'validate', 'Entity method', NULL, NULL, 30, '2024-01-01 00:00:00'),
('cbb52a98-b2ed-4bc5-d70e-3a19b03ad1a5', '0de025e7-9092-a4b7-d048-1f9b691b06f6', 'getId', 'Entity method', NULL, NULL, 10, '2024-01-01 00:00:00'),
('8abe84cd-6f5b-046f-45a3-7f262ce3c3ff', '0de025e7-9092-a4b7-d048-1f9b691b06f6', 'getName', 'Entity method', NULL, NULL, 20, '2024-01-01 00:00:00'),
('f6af2f91-f69b-7e4b-a884-57eb06926b3b', '0de025e7-9092-a4b7-d048-1f9b691b06f6', 'validate', 'Entity method', NULL, NULL, 30, '2024-01-01 00:00:00'),
('37dc78a7-465c-77d6-4b0e-63fb6f7cba6b', '13939b55-4416-a1ee-728f-3e6d865d3484', 'getId', 'Entity method', NULL, NULL, 10, '2024-01-01 00:00:00'),
('b1aed3c7-2e71-212a-03f4-0b34b311251e', '13939b55-4416-a1ee-728f-3e6d865d3484', 'getName', 'Entity method', NULL, NULL, 20, '2024-01-01 00:00:00'),
('5bd21ab2-3386-db83-7582-1df3d2bdbfa8', '13939b55-4416-a1ee-728f-3e6d865d3484', 'validate', 'Entity method', NULL, NULL, 30, '2024-01-01 00:00:00'),
('c019c7b6-df6f-5570-0785-7de080c91305', '7670080e-b8ea-f91d-a358-5c2cdbe849bc', 'getId', 'Entity method', NULL, NULL, 10, '2024-01-01 00:00:00'),
('3097c7e2-838d-cffd-e644-b95fcde00c31', '7670080e-b8ea-f91d-a358-5c2cdbe849bc', 'getName', 'Entity method', NULL, NULL, 20, '2024-01-01 00:00:00'),
('7036069e-14bc-169a-a2dd-82c84713389e', '7670080e-b8ea-f91d-a358-5c2cdbe849bc', 'validate', 'Entity method', NULL, NULL, 30, '2024-01-01 00:00:00'),
('bab990b5-3e12-dae2-e3e5-392cdec180f9', '55f371c7-b7bd-c27a-6291-aab25f20fe68', 'getId', 'Entity method', NULL, NULL, 10, '2024-01-01 00:00:00'),
('b33f9d79-5a39-5e4a-ae45-7db36d900b1d', '55f371c7-b7bd-c27a-6291-aab25f20fe68', 'getName', 'Entity method', NULL, NULL, 20, '2024-01-01 00:00:00'),
('4de1c903-89ed-c0c1-cf56-0c7fac3b6203', '55f371c7-b7bd-c27a-6291-aab25f20fe68', 'validate', 'Entity method', NULL, NULL, 30, '2024-01-01 00:00:00');

INSERT INTO source_classes (id, project_id, full_class_name, simple_name, package_name, class_type, description, source_file, created_at) VALUES
('632e4e5c-5464-81ce-4c58-a89084b3663f', 'f7a8e74b-be74-bc6e-1f6b-569469c682be', 'co.fanki.project43.controller.Api0Controller', 'Api0Controller', 'co.fanki.project43.controller', 'CONTROLLER', 'REST controller', 'src/co/fanki/project43/controller/Api0Controller.java', '2024-01-01 00:00:00'),
('788bfaba-7aa9-003b-5c72-68050814b1d7', 'f7a8e74b-be74-bc6e-1f6b-569469c682be', 'co.fanki.project43.controller.Api1Controller', 'Api1Controller', 'co.fanki.project43.controller', 'CONTROLLER', 'REST controller', 'src/co/fanki/project43/controller/Api1Controller.java', '2024-01-01 00:00:00'),
('d1a3acb0-908b-826a-d19c-2678c1dcf0dc', 'f7a8e74b-be74-bc6e-1f6b-569469c682be', 'co.fanki.project43.controller.Api2Controller', 'Api2Controller', 'co.fanki.project43.controller', 'CONTROLLER', 'REST controller', 'src/co/fanki/project43/controller/Api2Controller.java', '2024-01-01 00:00:00'),
('7b5b8bc3-c2e5-dcdb-1315-0301c4b29310', 'f7a8e74b-be74-bc6e-1f6b-569469c682be', 'co.fanki.project43.controller.Api3Controller', 'Api3Controller', 'co.fanki.project43.controller', 'CONTROLLER', 'REST controller', 'src/co/fanki/project43/controller/Api3Controller.java', '2024-01-01 00:00:00'),
('26184564-a645-f031-c6cf-467b99939437', 'f7a8e74b-be74-bc6e-1f6b-569469c682be', 'co.fanki.project43.controller.Api4Controller', 'Api4Controller', 'co.fanki.project43.controller', 'CONTROLLER', 'REST controller', 'src/co/fanki/project43/controller/Api4Controller.java', '2024-01-01 00:00:00'),
('fe7fe85f-f578-f871-407f-bde528d1ddf4', 'f7a8e74b-be74-bc6e-1f6b-569469c682be', 'co.fanki.project43.service.Business0Service', 'Business0Service', 'co.fanki.project43.service', 'SERVICE', 'Business service', 'src/co/fanki/project43/service/Business0Service.java', '2024-01-01 00:00:00'),
('865f8730-8e3e-fab5-ee04-cedbe94df509', 'f7a8e74b-be74-bc6e-1f6b-569469c682be', 'co.fanki.project43.service.Business1Service', 'Business1Service', 'co.fanki.project43.service', 'SERVICE', 'Business service', 'src/co/fanki/project43/service/Business1Service.java', '2024-01-01 00:00:00'),
('0c3205f2-a76f-594c-6448-25b610317305', 'f7a8e74b-be74-bc6e-1f6b-569469c682be', 'co.fanki.project43.domain.Entity0', 'Entity0', 'co.fanki.project43.domain', 'ENTITY', 'Domain entity', 'src/co/fanki/project43/domain/Entity0.java', '2024-01-01 00:00:00'),
('d8c90d02-2c89-8e30-8f87-7ba360b61e90', 'f7a8e74b-be74-bc6e-1f6b-569469c682be', 'co.fanki.project43.domain.Entity1', 'Entity1', 'co.fanki.project43.domain', 'ENTITY', 'Domain entity', 'src/co/fanki/project43/domain/Entity1.java', '2024-01-01 00:00:00'),
('d10c2ab8-b7bf-55e6-57d4-3f0b83fa1205', 'f7a8e74b-be74-bc6e-1f6b-569469c682be', 'co.fanki.project43.domain.Entity2', 'Entity2', 'co.fanki.project43.domain', 'ENTITY', 'Domain entity', 'src/co/fanki/project43/domain/Entity2.java', '2024-01-01 00:00:00'),
('ea7faa64-0afa-7715-266e-ddcacde530f5', 'f7a8e74b-be74-bc6e-1f6b-569469c682be', 'co.fanki.project43.domain.Entity3', 'Entity3', 'co.fanki.project43.domain', 'ENTITY', 'Domain entity', 'src/co/fanki/project43/domain/Entity3.java', '2024-01-01 00:00:00'),
('3cfca5ba-e842-b3a0-f757-0a63733ac3c3', 'f7a8e74b-be74-bc6e-1f6b-569469c682be', 'co.fanki.project43.domain.Entity4', 'Entity4', 'co.fanki.project43.domain', 'ENTITY', 'Domain entity', 'src/co/fanki/project43/domain/Entity4.java', '2024-01-01 00:00:00'),
('f6465f6b-38b7-ef41-f43a-276d648d0b2c', 'f7a8e74b-be74-bc6e-1f6b-569469c682be', 'co.fanki.project43.domain.Entity5', 'Entity5', 'co.fanki.project43.domain', 'ENTITY', 'Domain entity', 'src/co/fanki/project43/domain/Entity5.java', '2024-01-01 00:00:00'),
('eb527464-835c-7f24-32a6-6b0f9a24a1ed', 'f7a8e74b-be74-bc6e-1f6b-569469c682be', 'co.fanki.project43.domain.Entity6', 'Entity6', 'co.fanki.project43.domain', 'ENTITY', 'Domain entity', 'src/co/fanki/project43/domain/Entity6.java', '2024-01-01 00:00:00'),
('62c9a055-a9f6-fab3-5d43-39012b32bedb', 'f7a8e74b-be74-bc6e-1f6b-569469c682be', 'co.fanki.project43.domain.Entity7', 'Entity7', 'co.fanki.project43.domain', 'ENTITY', 'Domain entity', 'src/co/fanki/project43/domain/Entity7.java', '2024-01-01 00:00:00'),
('693303a6-0ff8-7c73-5263-eae31b0c1618', 'f7a8e74b-be74-bc6e-1f6b-569469c682be', 'co.fanki.project43.domain.Entity8', 'Entity8', 'co.fanki.project43.domain', 'ENTITY', 'Domain entity', 'src/co/fanki/project43/domain/Entity8.java', '2024-01-01 00:00:00'),
('63d52a33-7706-c879-41f9-a40f3ee0de7e', 'f7a8e74b-be74-bc6e-1f6b-569469c682be', 'co.fanki.project43.domain.Entity9', 'Entity9', 'co.fanki.project43.domain', 'ENTITY', 'Domain entity', 'src/co/fanki/project43/domain/Entity9.java', '2024-01-01 00:00:00');

INSERT INTO source_methods (id, class_id, method_name, description, http_method, http_path, line_number, created_at) VALUES
('a306a02f-5e60-b230-9765-bc1637b4e18e', '632e4e5c-5464-81ce-4c58-a89084b3663f', 'handle', 'Handles request', 'GET', '/api/v1/resource0', 10, '2024-01-01 00:00:00'),
('d6d5d59e-4e0e-b62f-c392-18cca39217d8', '788bfaba-7aa9-003b-5c72-68050814b1d7', 'handle', 'Handles request', 'GET', '/api/v1/resource1', 10, '2024-01-01 00:00:00'),
('0930d8d6-c84e-d84c-9813-d3e4cf6a0b66', 'd1a3acb0-908b-826a-d19c-2678c1dcf0dc', 'handle', 'Handles request', 'GET', '/api/v1/resource2', 10, '2024-01-01 00:00:00'),
('477004ba-1541-b5e5-f9cc-68d9c3afb906', '7b5b8bc3-c2e5-dcdb-1315-0301c4b29310', 'handle', 'Handles request', 'GET', '/api/v1/resource3', 10, '2024-01-01 00:00:00'),
('edc959cf-e42e-7845-1b15-25814690eddc', '26184564-a645-f031-c6cf-467b99939437', 'handle', 'Handles request', 'GET', '/api/v1/resource4', 10, '2024-01-01 00:00:00'),
('c0207d1b-ed1d-5e20-26ae-e0a1c1c8dc6d', 'fe7fe85f-f578-f871-407f-bde528d1ddf4', 'create', 'Business logic', NULL, NULL, 10, '2024-01-01 00:00:00'),
('821203ec-4a57-784f-05b0-1621662e4e00', 'fe7fe85f-f578-f871-407f-bde528d1ddf4', 'update', 'Business logic', NULL, NULL, 20, '2024-01-01 00:00:00'),
('2e41e2e4-28f1-c2cb-69d2-2a2b5e892346', 'fe7fe85f-f578-f871-407f-bde528d1ddf4', 'delete', 'Business logic', NULL, NULL, 30, '2024-01-01 00:00:00'),
('a010f243-2cfd-bd5a-1eae-c20ea7cc587b', 'fe7fe85f-f578-f871-407f-bde528d1ddf4', 'find', 'Business logic', NULL, NULL, 40, '2024-01-01 00:00:00'),
('919bf319-c9bd-1970-85b1-5d6d48d684a7', 'fe7fe85f-f578-f871-407f-bde528d1ddf4', 'process', 'Business logic', NULL, NULL, 50, '2024-01-01 00:00:00'),
('4e2a56ef-1aa9-8e62-2a0d-565ec882a02e', '865f8730-8e3e-fab5-ee04-cedbe94df509', 'create', 'Business logic', NULL, NULL, 10, '2024-01-01 00:00:00'),
('08a11cfb-a5cf-8117-ad4e-4c75aa2b37a7', '865f8730-8e3e-fab5-ee04-cedbe94df509', 'update', 'Business logic', NULL, NULL, 20, '2024-01-01 00:00:00'),
('fda96c32-975b-6fb9-7596-1fbcfb69e4c3', '865f8730-8e3e-fab5-ee04-cedbe94df509', 'delete', 'Business logic', NULL, NULL, 30, '2024-01-01 00:00:00'),
('c68089cc-48aa-efac-53a1-970585f03b6c', '865f8730-8e3e-fab5-ee04-cedbe94df509', 'find', 'Business logic', NULL, NULL, 40, '2024-01-01 00:00:00'),
('ac97c73a-2403-ce71-fcf0-3eac4ef954ba', '865f8730-8e3e-fab5-ee04-cedbe94df509', 'process', 'Business logic', NULL, NULL, 50, '2024-01-01 00:00:00'),
('46c2793d-1135-0aba-c839-de28793c5e7a', '0c3205f2-a76f-594c-6448-25b610317305', 'getId', 'Entity method', NULL, NULL, 10, '2024-01-01 00:00:00'),
('75144aa9-040a-d2bd-22dc-75e1f61bff92', '0c3205f2-a76f-594c-6448-25b610317305', 'getName', 'Entity method', NULL, NULL, 20, '2024-01-01 00:00:00'),
('d25e0b9c-e48e-b8e6-2635-ac804d817f29', '0c3205f2-a76f-594c-6448-25b610317305', 'validate', 'Entity method', NULL, NULL, 30, '2024-01-01 00:00:00'),
('e8857d71-72de-1b41-7f57-5720af6b7006', 'd8c90d02-2c89-8e30-8f87-7ba360b61e90', 'getId', 'Entity method', NULL, NULL, 10, '2024-01-01 00:00:00'),
('839a9655-fc20-585c-41e2-fe14fcf9202f', 'd8c90d02-2c89-8e30-8f87-7ba360b61e90', 'getName', 'Entity method', NULL, NULL, 20, '2024-01-01 00:00:00'),
('e03d1e78-c694-c547-39a4-c0d2025bc924', 'd8c90d02-2c89-8e30-8f87-7ba360b61e90', 'validate', 'Entity method', NULL, NULL, 30, '2024-01-01 00:00:00'),
('8ddade60-7323-e5a1-1c8e-6ce71dda4aa4', 'd10c2ab8-b7bf-55e6-57d4-3f0b83fa1205', 'getId', 'Entity method', NULL, NULL, 10, '2024-01-01 00:00:00'),
('45583d88-2db6-f68b-4fc0-15c40572b1f8', 'd10c2ab8-b7bf-55e6-57d4-3f0b83fa1205', 'getName', 'Entity method', NULL, NULL, 20, '2024-01-01 00:00:00'),
('164f0a1b-d3e3-4a29-da20-fa66da1d0c18', 'd10c2ab8-b7bf-55e6-57d4-3f0b83fa1205', 'validate', 'Entity method', NULL, NULL, 30, '2024-01-01 00:00:00'),
('33d41a0a-b1e3-7855-5d03-f539d8a0ad9c', 'ea7faa64-0afa-7715-266e-ddcacde530f5', 'getId', 'Entity method', NULL, NULL, 10, '2024-01-01 00:00:00'),
('b1c49b29-c720-1e15-4a65-9d4c0b51c889', 'ea7faa64-0afa-7715-266e-ddcacde530f5', 'getName', 'Entity method', NULL, NULL, 20, '2024-01-01 00:00:00'),
('ee9ee6ec-ade8-3720-b5e9-97e62edbd055', 'ea7faa64-0afa-7715-266e-ddcacde530f5', 'validate', 'Entity method', NULL, NULL, 30, '2024-01-01 00:00:00'),
('87e4569a-3ac9-f1ee-f109-459e1fb3473d', '3cfca5ba-e842-b3a0-f757-0a63733ac3c3', 'getId', 'Entity method', NULL, NULL, 10, '2024-01-01 00:00:00'),
('221051c6-f830-7299-f6de-f7ecde49bb06', '3cfca5ba-e842-b3a0-f757-0a63733ac3c3', 'getName', 'Entity method', NULL, NULL, 20, '2024-01-01 00:00:00'),
('8d70d0bd-13ba-3243-5c7e-e49d1e223a1e', '3cfca5ba-e842-b3a0-f757-0a63733ac3c3', 'validate', 'Entity method', NULL, NULL, 30, '2024-01-01 00:00:00'),
('11024b9e-de15-5e2f-29d4-452bcd8bc70c', 'f6465f6b-38b7-ef41-f43a-276d648d0b2c', 'getId', 'Entity method', NULL, NULL, 10, '2024-01-01 00:00:00'),
('7b8e2aaa-6451-6621-6e5e-7d110ddac7ec', 'f6465f6b-38b7-ef41-f43a-276d648d0b2c', 'getName', 'Entity method', NULL, NULL, 20, '2024-01-01 00:00:00'),
('15203c13-6424-ac4e-c50e-0035cc1595d8', 'f6465f6b-38b7-ef41-f43a-276d648d0b2c', 'validate', 'Entity method', NULL, NULL, 30, '2024-01-01 00:00:00'),
('e0bb7b4d-4f33-940c-a6ab-c3e51f9d4753', 'eb527464-835c-7f24-32a6-6b0f9a24a1ed', 'getId', 'Entity method', NULL, NULL, 10, '2024-01-01 00:00:00'),
('e7cbbf78-981b-970a-1b36-6c40964ff861', 'eb527464-835c-7f24-32a6-6b0f9a24a1ed', 'getName', 'Entity method', NULL, NULL, 20, '2024-01-01 00:00:00'),
('8fb311fb-0300-c5fb-f4f4-7ccd6fa6942e', 'eb527464-835c-7f24-32a6-6b0f9a24a1ed', 'validate', 'Entity method', NULL, NULL, 30, '2024-01-01 00:00:00'),
('d433d797-ba0a-063e-da62-46af52405c5c', '62c9a055-a9f6-fab3-5d43-39012b32bedb', 'getId', 'Entity method', NULL, NULL, 10, '2024-01-01 00:00:00'),
('830d5455-f680-92e1-8368-e21b940b1c65', '62c9a055-a9f6-fab3-5d43-39012b32bedb', 'getName', 'Entity method', NULL, NULL, 20, '2024-01-01 00:00:00'),
('72bb75be-77b5-d987-b980-d369174fdd63', '62c9a055-a9f6-fab3-5d43-39012b32bedb', 'validate', 'Entity method', NULL, NULL, 30, '2024-01-01 00:00:00'),
('3a8cc141-59df-0aaa-0491-e42d18ec34ec', '693303a6-0ff8-7c73-5263-eae31b0c1618', 'getId', 'Entity method', NULL, NULL, 10, '2024-01-01 00:00:00'),
('a7db46cd-156c-e4e4-ae85-e958d510d8b5', '693303a6-0ff8-7c73-5263-eae31b0c1618', 'getName', 'Entity method', NULL, NULL, 20, '2024-01-01 00:00:00'),
('936492f2-1a1f-65bc-a9d1-704882bd597c', '693303a6-0ff8-7c73-5263-eae31b0c1618', 'validate', 'Entity method', NULL, NULL, 30, '2024-01-01 00:00:00'),
('b906dd12-44fe-c052-5806-f117022d9ab7', '63d52a33-7706-c879-41f9-a40f3ee0de7e', 'getId', 'Entity method', NULL, NULL, 10, '2024-01-01 00:00:00'),
('b8dcec0f-240e-43f6-ea7e-32c931f1b76a', '63d52a33-7706-c879-41f9-a40f3ee0de7e', 'getName', 'Entity method', NULL, NULL, 20, '2024-01-01 00:00:00'),
('3771de34-2a0c-36c7-4812-8d5c69802d31', '63d52a33-7706-c879-41f9-a40f3ee0de7e', 'validate', 'Entity method', NULL, NULL, 30, '2024-01-01 00:00:00');

INSERT INTO source_classes (id, project_id, full_class_name, simple_name, package_name, class_type, description, source_file, created_at) VALUES
('2d289d75-7fcc-7884-4b4b-1c8e9e4257fd', 'ed69dcd6-7caf-a1f7-d22b-7e17e5de8066', 'co.fanki.project44.controller.Api0Controller', 'Api0Controller', 'co.fanki.project44.controller', 'CONTROLLER', 'REST controller', 'src/co/fanki/project44/controller/Api0Controller.java', '2024-01-01 00:00:00'),
('09fce634-4b8d-b660-720b-4caa490f8c0e', 'ed69dcd6-7caf-a1f7-d22b-7e17e5de8066', 'co.fanki.project44.controller.Api1Controller', 'Api1Controller', 'co.fanki.project44.controller', 'CONTROLLER', 'REST controller', 'src/co/fanki/project44/controller/Api1Controller.java', '2024-01-01 00:00:00'),
('8af4da86-c5ee-f6ac-2960-1d12d362b299', 'ed69dcd6-7caf-a1f7-d22b-7e17e5de8066', 'co.fanki.project44.controller.Api2Controller', 'Api2Controller', 'co.fanki.project44.controller', 'CONTROLLER', 'REST controller', 'src/co/fanki/project44/controller/Api2Controller.java', '2024-01-01 00:00:00'),
('ac79cb2c-b148-b34f-59c1-2b6978169067', 'ed69dcd6-7caf-a1f7-d22b-7e17e5de8066', 'co.fanki.project44.controller.Api3Controller', 'Api3Controller', 'co.fanki.project44.controller', 'CONTROLLER', 'REST controller', 'src/co/fanki/project44/controller/Api3Controller.java', '2024-01-01 00:00:00'),
('235ddcfc-7b5f-8450-a26a-ba26fc4e8fb5', 'ed69dcd6-7caf-a1f7-d22b-7e17e5de8066', 'co.fanki.project44.controller.Api4Controller', 'Api4Controller', 'co.fanki.project44.controller', 'CONTROLLER', 'REST controller', 'src/co/fanki/project44/controller/Api4Controller.java', '2024-01-01 00:00:00'),
('556e41f7-e66d-6200-26f5-1cdd3c418e39', 'ed69dcd6-7caf-a1f7-d22b-7e17e5de8066', 'co.fanki.project44.service.Business0Service', 'Business0Service', 'co.fanki.project44.service', 'SERVICE', 'Business service', 'src/co/fanki/project44/service/Business0Service.java', '2024-01-01 00:00:00'),
('f9ad5dc1-574b-9cfa-c017-941c4b518164', 'ed69dcd6-7caf-a1f7-d22b-7e17e5de8066', 'co.fanki.project44.service.Business1Service', 'Business1Service', 'co.fanki.project44.service', 'SERVICE', 'Business service', 'src/co/fanki/project44/service/Business1Service.java', '2024-01-01 00:00:00'),
('d7f08cd1-6638-5c90-2dad-13281ea11966', 'ed69dcd6-7caf-a1f7-d22b-7e17e5de8066', 'co.fanki.project44.domain.Entity0', 'Entity0', 'co.fanki.project44.domain', 'ENTITY', 'Domain entity', 'src/co/fanki/project44/domain/Entity0.java', '2024-01-01 00:00:00'),
('cf1c757d-630a-cc0d-3e02-62418e4e7d5d', 'ed69dcd6-7caf-a1f7-d22b-7e17e5de8066', 'co.fanki.project44.domain.Entity1', 'Entity1', 'co.fanki.project44.domain', 'ENTITY', 'Domain entity', 'src/co/fanki/project44/domain/Entity1.java', '2024-01-01 00:00:00'),
('116214ca-9df7-e2c0-2b33-d7e462083ddb', 'ed69dcd6-7caf-a1f7-d22b-7e17e5de8066', 'co.fanki.project44.domain.Entity2', 'Entity2', 'co.fanki.project44.domain', 'ENTITY', 'Domain entity', 'src/co/fanki/project44/domain/Entity2.java', '2024-01-01 00:00:00'),
('485f8f9d-0695-ab20-b99e-28231e7881a6', 'ed69dcd6-7caf-a1f7-d22b-7e17e5de8066', 'co.fanki.project44.domain.Entity3', 'Entity3', 'co.fanki.project44.domain', 'ENTITY', 'Domain entity', 'src/co/fanki/project44/domain/Entity3.java', '2024-01-01 00:00:00'),
('41551eb2-24c0-db03-7e05-2f28bffbeb78', 'ed69dcd6-7caf-a1f7-d22b-7e17e5de8066', 'co.fanki.project44.domain.Entity4', 'Entity4', 'co.fanki.project44.domain', 'ENTITY', 'Domain entity', 'src/co/fanki/project44/domain/Entity4.java', '2024-01-01 00:00:00'),
('d45542a5-46db-273a-ad26-efb5b9aa3290', 'ed69dcd6-7caf-a1f7-d22b-7e17e5de8066', 'co.fanki.project44.domain.Entity5', 'Entity5', 'co.fanki.project44.domain', 'ENTITY', 'Domain entity', 'src/co/fanki/project44/domain/Entity5.java', '2024-01-01 00:00:00'),
('28c501f7-3cfb-d05e-4fca-de028ad6b46f', 'ed69dcd6-7caf-a1f7-d22b-7e17e5de8066', 'co.fanki.project44.domain.Entity6', 'Entity6', 'co.fanki.project44.domain', 'ENTITY', 'Domain entity', 'src/co/fanki/project44/domain/Entity6.java', '2024-01-01 00:00:00'),
('fd629200-974e-0809-1d65-07519d1eb43b', 'ed69dcd6-7caf-a1f7-d22b-7e17e5de8066', 'co.fanki.project44.domain.Entity7', 'Entity7', 'co.fanki.project44.domain', 'ENTITY', 'Domain entity', 'src/co/fanki/project44/domain/Entity7.java', '2024-01-01 00:00:00'),
('1faf2b61-f63b-9bad-cd07-2651a1e7bfa5', 'ed69dcd6-7caf-a1f7-d22b-7e17e5de8066', 'co.fanki.project44.domain.Entity8', 'Entity8', 'co.fanki.project44.domain', 'ENTITY', 'Domain entity', 'src/co/fanki/project44/domain/Entity8.java', '2024-01-01 00:00:00'),
('f39292ed-0318-6f3d-b6d0-ca172033f587', 'ed69dcd6-7caf-a1f7-d22b-7e17e5de8066', 'co.fanki.project44.domain.Entity9', 'Entity9', 'co.fanki.project44.domain', 'ENTITY', 'Domain entity', 'src/co/fanki/project44/domain/Entity9.java', '2024-01-01 00:00:00');

INSERT INTO source_methods (id, class_id, method_name, description, http_method, http_path, line_number, created_at) VALUES
('1c1e96b5-13fd-9b5a-5840-ba3e300dd7a9', '2d289d75-7fcc-7884-4b4b-1c8e9e4257fd', 'handle', 'Handles request', 'GET', '/api/v1/resource0', 10, '2024-01-01 00:00:00'),
('2a0e8d52-8313-3893-ea90-e44af3ebab68', '09fce634-4b8d-b660-720b-4caa490f8c0e', 'handle', 'Handles request', 'GET', '/api/v1/resource1', 10, '2024-01-01 00:00:00'),
('032fbfbe-77cc-39de-8b5f-2aca353d28e4', '8af4da86-c5ee-f6ac-2960-1d12d362b299', 'handle', 'Handles request', 'GET', '/api/v1/resource2', 10, '2024-01-01 00:00:00'),
('2f15e637-1351-84f4-b713-acc2f914b83b', 'ac79cb2c-b148-b34f-59c1-2b6978169067', 'handle', 'Handles request', 'GET', '/api/v1/resource3', 10, '2024-01-01 00:00:00'),
('da0839b6-15b0-4d71-ca4e-539a5853be1c', '235ddcfc-7b5f-8450-a26a-ba26fc4e8fb5', 'handle', 'Handles request', 'GET', '/api/v1/resource4', 10, '2024-01-01 00:00:00'),
('a885829d-fbb9-56ef-1fa7-5dbcbb7343c4', '556e41f7-e66d-6200-26f5-1cdd3c418e39', 'create', 'Business logic', NULL, NULL, 10, '2024-01-01 00:00:00'),
('601451fb-c3a8-37b6-15a4-765427f23c86', '556e41f7-e66d-6200-26f5-1cdd3c418e39', 'update', 'Business logic', NULL, NULL, 20, '2024-01-01 00:00:00'),
('58cf7204-ae5d-9328-ec13-fe6cf57cfe40', '556e41f7-e66d-6200-26f5-1cdd3c418e39', 'delete', 'Business logic', NULL, NULL, 30, '2024-01-01 00:00:00'),
('5ab7ba4d-5371-2469-e987-8031b4e6c9bc', '556e41f7-e66d-6200-26f5-1cdd3c418e39', 'find', 'Business logic', NULL, NULL, 40, '2024-01-01 00:00:00'),
('71054146-f888-7535-823f-ec2bfb7d1db0', '556e41f7-e66d-6200-26f5-1cdd3c418e39', 'process', 'Business logic', NULL, NULL, 50, '2024-01-01 00:00:00'),
('cfe24ca5-79df-f332-1e2b-1ce767028872', 'f9ad5dc1-574b-9cfa-c017-941c4b518164', 'create', 'Business logic', NULL, NULL, 10, '2024-01-01 00:00:00'),
('3b9f2904-70d7-9134-668d-bc4ce2614052', 'f9ad5dc1-574b-9cfa-c017-941c4b518164', 'update', 'Business logic', NULL, NULL, 20, '2024-01-01 00:00:00'),
('4fa5cb18-cd69-c2f5-6a35-bb359b40ebb6', 'f9ad5dc1-574b-9cfa-c017-941c4b518164', 'delete', 'Business logic', NULL, NULL, 30, '2024-01-01 00:00:00'),
('7b155ccf-e6f6-c7fe-6470-79de754ee063', 'f9ad5dc1-574b-9cfa-c017-941c4b518164', 'find', 'Business logic', NULL, NULL, 40, '2024-01-01 00:00:00'),
('334ca002-c15c-f439-8ec3-e7018577e21d', 'f9ad5dc1-574b-9cfa-c017-941c4b518164', 'process', 'Business logic', NULL, NULL, 50, '2024-01-01 00:00:00'),
('271d52ee-5e59-45c8-f6cb-beca3314457a', 'd7f08cd1-6638-5c90-2dad-13281ea11966', 'getId', 'Entity method', NULL, NULL, 10, '2024-01-01 00:00:00'),
('1651c188-acca-a355-7c1b-520a7b1335ba', 'd7f08cd1-6638-5c90-2dad-13281ea11966', 'getName', 'Entity method', NULL, NULL, 20, '2024-01-01 00:00:00'),
('73fc8ffb-10bb-332e-11c9-b1ef8f0bd7b8', 'd7f08cd1-6638-5c90-2dad-13281ea11966', 'validate', 'Entity method', NULL, NULL, 30, '2024-01-01 00:00:00'),
('21b8db0f-471b-6aea-eef0-c58d2f3048fd', 'cf1c757d-630a-cc0d-3e02-62418e4e7d5d', 'getId', 'Entity method', NULL, NULL, 10, '2024-01-01 00:00:00'),
('50506762-2d93-7123-6832-f1d0579efdaa', 'cf1c757d-630a-cc0d-3e02-62418e4e7d5d', 'getName', 'Entity method', NULL, NULL, 20, '2024-01-01 00:00:00'),
('26f3e3b2-909b-b549-8cfd-ad2c08f289aa', 'cf1c757d-630a-cc0d-3e02-62418e4e7d5d', 'validate', 'Entity method', NULL, NULL, 30, '2024-01-01 00:00:00'),
('5560d5b7-02d0-bcf7-6127-91001ab00818', '116214ca-9df7-e2c0-2b33-d7e462083ddb', 'getId', 'Entity method', NULL, NULL, 10, '2024-01-01 00:00:00'),
('db51e772-d4e2-e7f2-8bc8-71a68c5c0bbd', '116214ca-9df7-e2c0-2b33-d7e462083ddb', 'getName', 'Entity method', NULL, NULL, 20, '2024-01-01 00:00:00'),
('471bd033-36f5-2af7-d00c-d6e68a2db0ae', '116214ca-9df7-e2c0-2b33-d7e462083ddb', 'validate', 'Entity method', NULL, NULL, 30, '2024-01-01 00:00:00'),
('d4c11066-f377-515c-8b5b-4621a03f4c89', '485f8f9d-0695-ab20-b99e-28231e7881a6', 'getId', 'Entity method', NULL, NULL, 10, '2024-01-01 00:00:00'),
('dcff3e22-4004-cd3b-5a39-5841abfebc2b', '485f8f9d-0695-ab20-b99e-28231e7881a6', 'getName', 'Entity method', NULL, NULL, 20, '2024-01-01 00:00:00'),
('a9ac635f-fc70-dc28-7d1f-ecfe83b83aea', '485f8f9d-0695-ab20-b99e-28231e7881a6', 'validate', 'Entity method', NULL, NULL, 30, '2024-01-01 00:00:00'),
('8c234725-5734-71eb-c5fd-145fbe01d5ff', '41551eb2-24c0-db03-7e05-2f28bffbeb78', 'getId', 'Entity method', NULL, NULL, 10, '2024-01-01 00:00:00'),
('3d079a52-2ce4-3cf5-3e1c-e1cea64191e8', '41551eb2-24c0-db03-7e05-2f28bffbeb78', 'getName', 'Entity method', NULL, NULL, 20, '2024-01-01 00:00:00'),
('232fa030-8ee1-2eb0-246f-3b8399975025', '41551eb2-24c0-db03-7e05-2f28bffbeb78', 'validate', 'Entity method', NULL, NULL, 30, '2024-01-01 00:00:00'),
('69b4f653-22d0-efda-03ec-2296ec2dbf04', 'd45542a5-46db-273a-ad26-efb5b9aa3290', 'getId', 'Entity method', NULL, NULL, 10, '2024-01-01 00:00:00'),
('66210c30-b744-a402-cbae-5aa6fa91afa1', 'd45542a5-46db-273a-ad26-efb5b9aa3290', 'getName', 'Entity method', NULL, NULL, 20, '2024-01-01 00:00:00'),
('5cd30e36-60bc-1af4-3f97-07ba9a30890d', 'd45542a5-46db-273a-ad26-efb5b9aa3290', 'validate', 'Entity method', NULL, NULL, 30, '2024-01-01 00:00:00'),
('8d87b323-07ab-9358-18ec-afcc64a12f14', '28c501f7-3cfb-d05e-4fca-de028ad6b46f', 'getId', 'Entity method', NULL, NULL, 10, '2024-01-01 00:00:00'),
('be53b3c2-e67d-8bee-b050-d3a068f28624', '28c501f7-3cfb-d05e-4fca-de028ad6b46f', 'getName', 'Entity method', NULL, NULL, 20, '2024-01-01 00:00:00'),
('91276596-b9f8-455b-42b7-ac99c6b76959', '28c501f7-3cfb-d05e-4fca-de028ad6b46f', 'validate', 'Entity method', NULL, NULL, 30, '2024-01-01 00:00:00'),
('59c39a91-38a8-7b8c-4cce-aa212e307da5', 'fd629200-974e-0809-1d65-07519d1eb43b', 'getId', 'Entity method', NULL, NULL, 10, '2024-01-01 00:00:00'),
('2d7fcb93-2de6-15b1-dec6-d4dac9bd878e', 'fd629200-974e-0809-1d65-07519d1eb43b', 'getName', 'Entity method', NULL, NULL, 20, '2024-01-01 00:00:00'),
('092e8ed8-0d07-68de-0bab-dcc06ea9f776', 'fd629200-974e-0809-1d65-07519d1eb43b', 'validate', 'Entity method', NULL, NULL, 30, '2024-01-01 00:00:00'),
('51d7496f-436d-22f2-139c-3562616241c5', '1faf2b61-f63b-9bad-cd07-2651a1e7bfa5', 'getId', 'Entity method', NULL, NULL, 10, '2024-01-01 00:00:00'),
('fb8b5a73-d593-dbba-a9af-f18f4320e3b6', '1faf2b61-f63b-9bad-cd07-2651a1e7bfa5', 'getName', 'Entity method', NULL, NULL, 20, '2024-01-01 00:00:00'),
('9e11433e-44a7-ad78-7597-d628487e5712', '1faf2b61-f63b-9bad-cd07-2651a1e7bfa5', 'validate', 'Entity method', NULL, NULL, 30, '2024-01-01 00:00:00'),
('d6f5d428-daab-e725-746f-f43d67947197', 'f39292ed-0318-6f3d-b6d0-ca172033f587', 'getId', 'Entity method', NULL, NULL, 10, '2024-01-01 00:00:00'),
('7b5efc84-7ef2-28d4-f82b-7c2fe2ed30fe', 'f39292ed-0318-6f3d-b6d0-ca172033f587', 'getName', 'Entity method', NULL, NULL, 20, '2024-01-01 00:00:00'),
('76b8fb93-ed20-a6df-900b-82857a879e36', 'f39292ed-0318-6f3d-b6d0-ca172033f587', 'validate', 'Entity method', NULL, NULL, 30, '2024-01-01 00:00:00');

INSERT INTO source_classes (id, project_id, full_class_name, simple_name, package_name, class_type, description, source_file, created_at) VALUES
('db272188-a8a6-9b92-9609-f1d397d66656', '08cc0dae-9fa1-2a05-d4c6-3607b213ac97', 'co.fanki.project45.controller.Api0Controller', 'Api0Controller', 'co.fanki.project45.controller', 'CONTROLLER', 'REST controller', 'src/co/fanki/project45/controller/Api0Controller.java', '2024-01-01 00:00:00'),
('5d54f776-3834-1ff8-9d9f-ed70938af4bf', '08cc0dae-9fa1-2a05-d4c6-3607b213ac97', 'co.fanki.project45.controller.Api1Controller', 'Api1Controller', 'co.fanki.project45.controller', 'CONTROLLER', 'REST controller', 'src/co/fanki/project45/controller/Api1Controller.java', '2024-01-01 00:00:00'),
('081e6973-95ab-5962-3fdf-b94d1974e9d4', '08cc0dae-9fa1-2a05-d4c6-3607b213ac97', 'co.fanki.project45.controller.Api2Controller', 'Api2Controller', 'co.fanki.project45.controller', 'CONTROLLER', 'REST controller', 'src/co/fanki/project45/controller/Api2Controller.java', '2024-01-01 00:00:00'),
('663753c4-38f8-8186-514f-a807e762c82c', '08cc0dae-9fa1-2a05-d4c6-3607b213ac97', 'co.fanki.project45.controller.Api3Controller', 'Api3Controller', 'co.fanki.project45.controller', 'CONTROLLER', 'REST controller', 'src/co/fanki/project45/controller/Api3Controller.java', '2024-01-01 00:00:00'),
('434bfe00-9b27-46ed-101c-3a738c9495fc', '08cc0dae-9fa1-2a05-d4c6-3607b213ac97', 'co.fanki.project45.controller.Api4Controller', 'Api4Controller', 'co.fanki.project45.controller', 'CONTROLLER', 'REST controller', 'src/co/fanki/project45/controller/Api4Controller.java', '2024-01-01 00:00:00'),
('398af773-abe5-6f13-7665-b2aceb9c0cb8', '08cc0dae-9fa1-2a05-d4c6-3607b213ac97', 'co.fanki.project45.service.Business0Service', 'Business0Service', 'co.fanki.project45.service', 'SERVICE', 'Business service', 'src/co/fanki/project45/service/Business0Service.java', '2024-01-01 00:00:00'),
('3c88043a-8f3c-7254-0617-7e8da3dd74fe', '08cc0dae-9fa1-2a05-d4c6-3607b213ac97', 'co.fanki.project45.service.Business1Service', 'Business1Service', 'co.fanki.project45.service', 'SERVICE', 'Business service', 'src/co/fanki/project45/service/Business1Service.java', '2024-01-01 00:00:00'),
('839886f2-db09-28f8-98a6-14717a9bfbe6', '08cc0dae-9fa1-2a05-d4c6-3607b213ac97', 'co.fanki.project45.domain.Entity0', 'Entity0', 'co.fanki.project45.domain', 'ENTITY', 'Domain entity', 'src/co/fanki/project45/domain/Entity0.java', '2024-01-01 00:00:00'),
('6e1364aa-b21e-a5ba-065c-360f3f3b3d35', '08cc0dae-9fa1-2a05-d4c6-3607b213ac97', 'co.fanki.project45.domain.Entity1', 'Entity1', 'co.fanki.project45.domain', 'ENTITY', 'Domain entity', 'src/co/fanki/project45/domain/Entity1.java', '2024-01-01 00:00:00'),
('2e2c9f15-6280-13a8-fe0f-3c5ac259622c', '08cc0dae-9fa1-2a05-d4c6-3607b213ac97', 'co.fanki.project45.domain.Entity2', 'Entity2', 'co.fanki.project45.domain', 'ENTITY', 'Domain entity', 'src/co/fanki/project45/domain/Entity2.java', '2024-01-01 00:00:00'),
('98743da6-018d-3ee0-2391-200cd0f9a763', '08cc0dae-9fa1-2a05-d4c6-3607b213ac97', 'co.fanki.project45.domain.Entity3', 'Entity3', 'co.fanki.project45.domain', 'ENTITY', 'Domain entity', 'src/co/fanki/project45/domain/Entity3.java', '2024-01-01 00:00:00'),
('9f80f53a-f6a1-511b-0011-bb11c73b9cac', '08cc0dae-9fa1-2a05-d4c6-3607b213ac97', 'co.fanki.project45.domain.Entity4', 'Entity4', 'co.fanki.project45.domain', 'ENTITY', 'Domain entity', 'src/co/fanki/project45/domain/Entity4.java', '2024-01-01 00:00:00'),
('66aaa8db-970b-a240-d456-40e60fc74b34', '08cc0dae-9fa1-2a05-d4c6-3607b213ac97', 'co.fanki.project45.domain.Entity5', 'Entity5', 'co.fanki.project45.domain', 'ENTITY', 'Domain entity', 'src/co/fanki/project45/domain/Entity5.java', '2024-01-01 00:00:00'),
('3048a4b8-177a-74e7-1820-085a70e7481c', '08cc0dae-9fa1-2a05-d4c6-3607b213ac97', 'co.fanki.project45.domain.Entity6', 'Entity6', 'co.fanki.project45.domain', 'ENTITY', 'Domain entity', 'src/co/fanki/project45/domain/Entity6.java', '2024-01-01 00:00:00'),
('38b990c7-52e2-7428-3247-06cf648b59ea', '08cc0dae-9fa1-2a05-d4c6-3607b213ac97', 'co.fanki.project45.domain.Entity7', 'Entity7', 'co.fanki.project45.domain', 'ENTITY', 'Domain entity', 'src/co/fanki/project45/domain/Entity7.java', '2024-01-01 00:00:00'),
('b7271e06-97e1-eb53-21a5-2b4b0950e67c', '08cc0dae-9fa1-2a05-d4c6-3607b213ac97', 'co.fanki.project45.domain.Entity8', 'Entity8', 'co.fanki.project45.domain', 'ENTITY', 'Domain entity', 'src/co/fanki/project45/domain/Entity8.java', '2024-01-01 00:00:00'),
('918caef4-c5f8-e001-366b-5fd456cdd965', '08cc0dae-9fa1-2a05-d4c6-3607b213ac97', 'co.fanki.project45.domain.Entity9', 'Entity9', 'co.fanki.project45.domain', 'ENTITY', 'Domain entity', 'src/co/fanki/project45/domain/Entity9.java', '2024-01-01 00:00:00');

INSERT INTO source_methods (id, class_id, method_name, description, http_method, http_path, line_number, created_at) VALUES
('fe4e45a5-bab4-f8b2-2f4f-ad63b29562c8', 'db272188-a8a6-9b92-9609-f1d397d66656', 'handle', 'Handles request', 'GET', '/api/v1/resource0', 10, '2024-01-01 00:00:00'),
('7bab19a0-6e6d-8b41-0d19-f0d2b131ba5c', '5d54f776-3834-1ff8-9d9f-ed70938af4bf', 'handle', 'Handles request', 'GET', '/api/v1/resource1', 10, '2024-01-01 00:00:00'),
('af6c60e1-9544-5142-6e1c-240201c1aead', '081e6973-95ab-5962-3fdf-b94d1974e9d4', 'handle', 'Handles request', 'GET', '/api/v1/resource2', 10, '2024-01-01 00:00:00'),
('e69e103e-29b5-f12a-d5e9-65c183043e61', '663753c4-38f8-8186-514f-a807e762c82c', 'handle', 'Handles request', 'GET', '/api/v1/resource3', 10, '2024-01-01 00:00:00'),
('af80fb27-e165-53c0-24d5-64368a749581', '434bfe00-9b27-46ed-101c-3a738c9495fc', 'handle', 'Handles request', 'GET', '/api/v1/resource4', 10, '2024-01-01 00:00:00'),
('234a7ae5-30a6-3bdc-82d2-712d362b1c45', '398af773-abe5-6f13-7665-b2aceb9c0cb8', 'create', 'Business logic', NULL, NULL, 10, '2024-01-01 00:00:00'),
('968f4b83-f7f9-c525-13c4-3d5179b8fbe2', '398af773-abe5-6f13-7665-b2aceb9c0cb8', 'update', 'Business logic', NULL, NULL, 20, '2024-01-01 00:00:00'),
('4f1528b8-99a0-98f1-0c2b-8c7df692f028', '398af773-abe5-6f13-7665-b2aceb9c0cb8', 'delete', 'Business logic', NULL, NULL, 30, '2024-01-01 00:00:00'),
('21e97518-cb16-2b45-fb92-1d4dd6631180', '398af773-abe5-6f13-7665-b2aceb9c0cb8', 'find', 'Business logic', NULL, NULL, 40, '2024-01-01 00:00:00'),
('9611de39-d3c6-54f6-c176-caba17df3d4d', '398af773-abe5-6f13-7665-b2aceb9c0cb8', 'process', 'Business logic', NULL, NULL, 50, '2024-01-01 00:00:00'),
('7d1bc2a9-311b-05a7-6e72-4b91d551daef', '3c88043a-8f3c-7254-0617-7e8da3dd74fe', 'create', 'Business logic', NULL, NULL, 10, '2024-01-01 00:00:00'),
('b4bb5166-a206-ede8-898c-0fdd905890a1', '3c88043a-8f3c-7254-0617-7e8da3dd74fe', 'update', 'Business logic', NULL, NULL, 20, '2024-01-01 00:00:00'),
('ae864bbb-4600-e392-5f7d-79476765ae2b', '3c88043a-8f3c-7254-0617-7e8da3dd74fe', 'delete', 'Business logic', NULL, NULL, 30, '2024-01-01 00:00:00'),
('1c357999-78fd-6111-1130-f56de04ad5c0', '3c88043a-8f3c-7254-0617-7e8da3dd74fe', 'find', 'Business logic', NULL, NULL, 40, '2024-01-01 00:00:00'),
('59c923b8-e6cc-99b5-28ad-196d465d789c', '3c88043a-8f3c-7254-0617-7e8da3dd74fe', 'process', 'Business logic', NULL, NULL, 50, '2024-01-01 00:00:00'),
('9dfa631a-2db5-24d7-112c-6fdaf0a3c775', '839886f2-db09-28f8-98a6-14717a9bfbe6', 'getId', 'Entity method', NULL, NULL, 10, '2024-01-01 00:00:00'),
('3954661a-2b5a-a4ac-d35a-647836c9d988', '839886f2-db09-28f8-98a6-14717a9bfbe6', 'getName', 'Entity method', NULL, NULL, 20, '2024-01-01 00:00:00'),
('001cf785-e9f2-c319-741b-f592ca2cab10', '839886f2-db09-28f8-98a6-14717a9bfbe6', 'validate', 'Entity method', NULL, NULL, 30, '2024-01-01 00:00:00'),
('a711c2e9-138f-4163-7448-b2a5163c9d7d', '6e1364aa-b21e-a5ba-065c-360f3f3b3d35', 'getId', 'Entity method', NULL, NULL, 10, '2024-01-01 00:00:00'),
('67cb177a-a20c-3539-ea57-2ec6045fd5a9', '6e1364aa-b21e-a5ba-065c-360f3f3b3d35', 'getName', 'Entity method', NULL, NULL, 20, '2024-01-01 00:00:00'),
('017e54af-b44b-990a-0c70-5978847f13b3', '6e1364aa-b21e-a5ba-065c-360f3f3b3d35', 'validate', 'Entity method', NULL, NULL, 30, '2024-01-01 00:00:00'),
('b9edfe2d-c3dd-5260-fcc5-34be06302175', '2e2c9f15-6280-13a8-fe0f-3c5ac259622c', 'getId', 'Entity method', NULL, NULL, 10, '2024-01-01 00:00:00'),
('01c87efd-64c3-974e-0d43-437f7775bde6', '2e2c9f15-6280-13a8-fe0f-3c5ac259622c', 'getName', 'Entity method', NULL, NULL, 20, '2024-01-01 00:00:00'),
('ead20f31-a52b-0c06-ebed-a3eec3ef95a3', '2e2c9f15-6280-13a8-fe0f-3c5ac259622c', 'validate', 'Entity method', NULL, NULL, 30, '2024-01-01 00:00:00'),
('5485464f-6cb2-8037-73d5-56fa740bf503', '98743da6-018d-3ee0-2391-200cd0f9a763', 'getId', 'Entity method', NULL, NULL, 10, '2024-01-01 00:00:00'),
('beb7a3b4-ddac-2a1b-fe8b-4c54b59b55ab', '98743da6-018d-3ee0-2391-200cd0f9a763', 'getName', 'Entity method', NULL, NULL, 20, '2024-01-01 00:00:00'),
('7d01a241-f776-78be-674d-76793351175a', '98743da6-018d-3ee0-2391-200cd0f9a763', 'validate', 'Entity method', NULL, NULL, 30, '2024-01-01 00:00:00'),
('b0dc9e25-a5ce-cd05-84ce-20fde40342ae', '9f80f53a-f6a1-511b-0011-bb11c73b9cac', 'getId', 'Entity method', NULL, NULL, 10, '2024-01-01 00:00:00'),
('2fc41486-667d-a4ea-6653-a9567b6fc8fe', '9f80f53a-f6a1-511b-0011-bb11c73b9cac', 'getName', 'Entity method', NULL, NULL, 20, '2024-01-01 00:00:00'),
('05ba65ee-87e5-e9ff-351d-ac07b7255588', '9f80f53a-f6a1-511b-0011-bb11c73b9cac', 'validate', 'Entity method', NULL, NULL, 30, '2024-01-01 00:00:00'),
('1c63e82a-ea55-94ff-4937-1b66a3a286aa', '66aaa8db-970b-a240-d456-40e60fc74b34', 'getId', 'Entity method', NULL, NULL, 10, '2024-01-01 00:00:00'),
('1c0f538b-e5af-710d-86be-a5da4e382c62', '66aaa8db-970b-a240-d456-40e60fc74b34', 'getName', 'Entity method', NULL, NULL, 20, '2024-01-01 00:00:00'),
('c998e766-b562-f6b9-6f51-81a8092e80a3', '66aaa8db-970b-a240-d456-40e60fc74b34', 'validate', 'Entity method', NULL, NULL, 30, '2024-01-01 00:00:00'),
('e5a94474-c9fd-c3a8-c1ea-c36abcc59344', '3048a4b8-177a-74e7-1820-085a70e7481c', 'getId', 'Entity method', NULL, NULL, 10, '2024-01-01 00:00:00'),
('c0e90a6e-a484-745f-9074-86633e6af390', '3048a4b8-177a-74e7-1820-085a70e7481c', 'getName', 'Entity method', NULL, NULL, 20, '2024-01-01 00:00:00'),
('383c26f4-86ff-ef1a-3779-a9621598f6da', '3048a4b8-177a-74e7-1820-085a70e7481c', 'validate', 'Entity method', NULL, NULL, 30, '2024-01-01 00:00:00'),
('373f88fc-2be3-54d4-eb8f-66b5b9350a51', '38b990c7-52e2-7428-3247-06cf648b59ea', 'getId', 'Entity method', NULL, NULL, 10, '2024-01-01 00:00:00'),
('ea44a2ef-37ce-f624-342e-169b100d0678', '38b990c7-52e2-7428-3247-06cf648b59ea', 'getName', 'Entity method', NULL, NULL, 20, '2024-01-01 00:00:00'),
('38a59cf3-25d9-a33d-b6f8-28a6774d92a7', '38b990c7-52e2-7428-3247-06cf648b59ea', 'validate', 'Entity method', NULL, NULL, 30, '2024-01-01 00:00:00'),
('8ffa6bbf-5250-685f-a44c-98364cbf67e6', 'b7271e06-97e1-eb53-21a5-2b4b0950e67c', 'getId', 'Entity method', NULL, NULL, 10, '2024-01-01 00:00:00'),
('68b69a4d-341b-c6f2-12a1-c726f84a00a8', 'b7271e06-97e1-eb53-21a5-2b4b0950e67c', 'getName', 'Entity method', NULL, NULL, 20, '2024-01-01 00:00:00'),
('69e08b69-528f-e33b-6a1a-3b8750724a53', 'b7271e06-97e1-eb53-21a5-2b4b0950e67c', 'validate', 'Entity method', NULL, NULL, 30, '2024-01-01 00:00:00'),
('c52bc3e4-36f2-9368-f82c-3759691c787e', '918caef4-c5f8-e001-366b-5fd456cdd965', 'getId', 'Entity method', NULL, NULL, 10, '2024-01-01 00:00:00'),
('f37933d5-a6d0-697b-29a2-16b8e3d4263b', '918caef4-c5f8-e001-366b-5fd456cdd965', 'getName', 'Entity method', NULL, NULL, 20, '2024-01-01 00:00:00'),
('b76ebce6-0f8d-d00b-ef71-85f04192cce6', '918caef4-c5f8-e001-366b-5fd456cdd965', 'validate', 'Entity method', NULL, NULL, 30, '2024-01-01 00:00:00');

INSERT INTO source_classes (id, project_id, full_class_name, simple_name, package_name, class_type, description, source_file, created_at) VALUES
('2d62972c-03cb-b737-e489-fd8c934c3cf5', '4ee88e85-ce42-84c9-4e2a-cbcb4c516cab', 'co.fanki.project46.controller.Api0Controller', 'Api0Controller', 'co.fanki.project46.controller', 'CONTROLLER', 'REST controller', 'src/co/fanki/project46/controller/Api0Controller.java', '2024-01-01 00:00:00'),
('fc1b7d00-aab7-69fc-7402-253f21df0c41', '4ee88e85-ce42-84c9-4e2a-cbcb4c516cab', 'co.fanki.project46.controller.Api1Controller', 'Api1Controller', 'co.fanki.project46.controller', 'CONTROLLER', 'REST controller', 'src/co/fanki/project46/controller/Api1Controller.java', '2024-01-01 00:00:00'),
('c2171aa1-2551-cd6b-62a0-4da5fd5fea6f', '4ee88e85-ce42-84c9-4e2a-cbcb4c516cab', 'co.fanki.project46.controller.Api2Controller', 'Api2Controller', 'co.fanki.project46.controller', 'CONTROLLER', 'REST controller', 'src/co/fanki/project46/controller/Api2Controller.java', '2024-01-01 00:00:00'),
('ff01d30c-cb2e-aa0f-2214-24745582771c', '4ee88e85-ce42-84c9-4e2a-cbcb4c516cab', 'co.fanki.project46.controller.Api3Controller', 'Api3Controller', 'co.fanki.project46.controller', 'CONTROLLER', 'REST controller', 'src/co/fanki/project46/controller/Api3Controller.java', '2024-01-01 00:00:00'),
('fc4c47cf-c396-2f41-48e2-b871226262a7', '4ee88e85-ce42-84c9-4e2a-cbcb4c516cab', 'co.fanki.project46.controller.Api4Controller', 'Api4Controller', 'co.fanki.project46.controller', 'CONTROLLER', 'REST controller', 'src/co/fanki/project46/controller/Api4Controller.java', '2024-01-01 00:00:00'),
('b6d20c38-e57b-d9bb-fec0-f5e9fddc9dad', '4ee88e85-ce42-84c9-4e2a-cbcb4c516cab', 'co.fanki.project46.service.Business0Service', 'Business0Service', 'co.fanki.project46.service', 'SERVICE', 'Business service', 'src/co/fanki/project46/service/Business0Service.java', '2024-01-01 00:00:00'),
('be737354-6f5a-12f8-5a77-3b747d4cd3ea', '4ee88e85-ce42-84c9-4e2a-cbcb4c516cab', 'co.fanki.project46.service.Business1Service', 'Business1Service', 'co.fanki.project46.service', 'SERVICE', 'Business service', 'src/co/fanki/project46/service/Business1Service.java', '2024-01-01 00:00:00'),
('ba65940f-1ab6-5c3f-7145-2662fdeb71bc', '4ee88e85-ce42-84c9-4e2a-cbcb4c516cab', 'co.fanki.project46.domain.Entity0', 'Entity0', 'co.fanki.project46.domain', 'ENTITY', 'Domain entity', 'src/co/fanki/project46/domain/Entity0.java', '2024-01-01 00:00:00'),
('f0612d6b-3f33-5d6e-7fe5-4635c80b33c8', '4ee88e85-ce42-84c9-4e2a-cbcb4c516cab', 'co.fanki.project46.domain.Entity1', 'Entity1', 'co.fanki.project46.domain', 'ENTITY', 'Domain entity', 'src/co/fanki/project46/domain/Entity1.java', '2024-01-01 00:00:00'),
('024b1c58-7c6c-2551-7337-ade918fde917', '4ee88e85-ce42-84c9-4e2a-cbcb4c516cab', 'co.fanki.project46.domain.Entity2', 'Entity2', 'co.fanki.project46.domain', 'ENTITY', 'Domain entity', 'src/co/fanki/project46/domain/Entity2.java', '2024-01-01 00:00:00'),
('95813f4d-51ff-bd8a-df06-402819d235ce', '4ee88e85-ce42-84c9-4e2a-cbcb4c516cab', 'co.fanki.project46.domain.Entity3', 'Entity3', 'co.fanki.project46.domain', 'ENTITY', 'Domain entity', 'src/co/fanki/project46/domain/Entity3.java', '2024-01-01 00:00:00'),
('a3ed7192-affe-c39c-5c4c-803ed65bf79c', '4ee88e85-ce42-84c9-4e2a-cbcb4c516cab', 'co.fanki.project46.domain.Entity4', 'Entity4', 'co.fanki.project46.domain', 'ENTITY', 'Domain entity', 'src/co/fanki/project46/domain/Entity4.java', '2024-01-01 00:00:00'),
('3364aeba-1a07-0deb-a25d-334e1085589c', '4ee88e85-ce42-84c9-4e2a-cbcb4c516cab', 'co.fanki.project46.domain.Entity5', 'Entity5', 'co.fanki.project46.domain', 'ENTITY', 'Domain entity', 'src/co/fanki/project46/domain/Entity5.java', '2024-01-01 00:00:00'),
('7449c395-11d8-fef2-1cb1-098725ce88b2', '4ee88e85-ce42-84c9-4e2a-cbcb4c516cab', 'co.fanki.project46.domain.Entity6', 'Entity6', 'co.fanki.project46.domain', 'ENTITY', 'Domain entity', 'src/co/fanki/project46/domain/Entity6.java', '2024-01-01 00:00:00'),
('04c399b8-eda0-ab68-ff0c-79d684308844', '4ee88e85-ce42-84c9-4e2a-cbcb4c516cab', 'co.fanki.project46.domain.Entity7', 'Entity7', 'co.fanki.project46.domain', 'ENTITY', 'Domain entity', 'src/co/fanki/project46/domain/Entity7.java', '2024-01-01 00:00:00'),
('a2989c75-e678-1d47-c187-e9110a15b2c4', '4ee88e85-ce42-84c9-4e2a-cbcb4c516cab', 'co.fanki.project46.domain.Entity8', 'Entity8', 'co.fanki.project46.domain', 'ENTITY', 'Domain entity', 'src/co/fanki/project46/domain/Entity8.java', '2024-01-01 00:00:00'),
('14143ef8-180d-af7a-7517-a5e3b0bbbc37', '4ee88e85-ce42-84c9-4e2a-cbcb4c516cab', 'co.fanki.project46.domain.Entity9', 'Entity9', 'co.fanki.project46.domain', 'ENTITY', 'Domain entity', 'src/co/fanki/project46/domain/Entity9.java', '2024-01-01 00:00:00');

INSERT INTO source_methods (id, class_id, method_name, description, http_method, http_path, line_number, created_at) VALUES
('1003a930-ddd8-b4fe-9632-c1a381a20524', '2d62972c-03cb-b737-e489-fd8c934c3cf5', 'handle', 'Handles request', 'GET', '/api/v1/resource0', 10, '2024-01-01 00:00:00'),
('4d5bf9ce-fde9-baef-1486-8a3074c4787d', 'fc1b7d00-aab7-69fc-7402-253f21df0c41', 'handle', 'Handles request', 'GET', '/api/v1/resource1', 10, '2024-01-01 00:00:00'),
('627e616b-c5a6-be9b-1204-789d2d536d6c', 'c2171aa1-2551-cd6b-62a0-4da5fd5fea6f', 'handle', 'Handles request', 'GET', '/api/v1/resource2', 10, '2024-01-01 00:00:00'),
('67fabc6b-cc31-ea83-7769-5faa64ba659c', 'ff01d30c-cb2e-aa0f-2214-24745582771c', 'handle', 'Handles request', 'GET', '/api/v1/resource3', 10, '2024-01-01 00:00:00'),
('c006682a-bcc4-565a-218d-b852c7025f6d', 'fc4c47cf-c396-2f41-48e2-b871226262a7', 'handle', 'Handles request', 'GET', '/api/v1/resource4', 10, '2024-01-01 00:00:00'),
('fd8b4fea-1aa7-f20c-f558-82dfd62dc49d', 'b6d20c38-e57b-d9bb-fec0-f5e9fddc9dad', 'create', 'Business logic', NULL, NULL, 10, '2024-01-01 00:00:00'),
('459f4b46-383f-7e48-6f9a-7ff60c596754', 'b6d20c38-e57b-d9bb-fec0-f5e9fddc9dad', 'update', 'Business logic', NULL, NULL, 20, '2024-01-01 00:00:00'),
('23e99209-2490-1d64-5ecf-ea40bfd85466', 'b6d20c38-e57b-d9bb-fec0-f5e9fddc9dad', 'delete', 'Business logic', NULL, NULL, 30, '2024-01-01 00:00:00'),
('8fed7453-122d-c5d9-70a9-e6d88be2437c', 'b6d20c38-e57b-d9bb-fec0-f5e9fddc9dad', 'find', 'Business logic', NULL, NULL, 40, '2024-01-01 00:00:00'),
('78474575-0e7e-a3bc-63fd-dc5cf1f15746', 'b6d20c38-e57b-d9bb-fec0-f5e9fddc9dad', 'process', 'Business logic', NULL, NULL, 50, '2024-01-01 00:00:00'),
('5ddebf33-16fb-acfc-2316-34cb2b9eca3e', 'be737354-6f5a-12f8-5a77-3b747d4cd3ea', 'create', 'Business logic', NULL, NULL, 10, '2024-01-01 00:00:00'),
('f2667cec-0544-f925-6dce-9142f565c1b5', 'be737354-6f5a-12f8-5a77-3b747d4cd3ea', 'update', 'Business logic', NULL, NULL, 20, '2024-01-01 00:00:00'),
('145c53a6-6c64-9989-5f68-dd743d9e1fcb', 'be737354-6f5a-12f8-5a77-3b747d4cd3ea', 'delete', 'Business logic', NULL, NULL, 30, '2024-01-01 00:00:00'),
('979e4b9d-d615-ac73-a0d3-2fe0de422950', 'be737354-6f5a-12f8-5a77-3b747d4cd3ea', 'find', 'Business logic', NULL, NULL, 40, '2024-01-01 00:00:00'),
('e15a3262-e1b2-04c7-a11e-982920523c68', 'be737354-6f5a-12f8-5a77-3b747d4cd3ea', 'process', 'Business logic', NULL, NULL, 50, '2024-01-01 00:00:00'),
('e4fca14f-2b90-59c7-2097-dd7348595763', 'ba65940f-1ab6-5c3f-7145-2662fdeb71bc', 'getId', 'Entity method', NULL, NULL, 10, '2024-01-01 00:00:00'),
('4f4db517-b165-0ef4-ad17-0a3cadd7386e', 'ba65940f-1ab6-5c3f-7145-2662fdeb71bc', 'getName', 'Entity method', NULL, NULL, 20, '2024-01-01 00:00:00'),
('4834a3b4-1975-d67a-af22-dc8ca8cc4753', 'ba65940f-1ab6-5c3f-7145-2662fdeb71bc', 'validate', 'Entity method', NULL, NULL, 30, '2024-01-01 00:00:00'),
('b30b3cf0-43d5-03c7-ab27-f94c30d5b644', 'f0612d6b-3f33-5d6e-7fe5-4635c80b33c8', 'getId', 'Entity method', NULL, NULL, 10, '2024-01-01 00:00:00'),
('1747c767-cde7-46e2-62b9-af487ce758d9', 'f0612d6b-3f33-5d6e-7fe5-4635c80b33c8', 'getName', 'Entity method', NULL, NULL, 20, '2024-01-01 00:00:00'),
('a198bde8-b440-53ef-22af-7a34c7c5d3cb', 'f0612d6b-3f33-5d6e-7fe5-4635c80b33c8', 'validate', 'Entity method', NULL, NULL, 30, '2024-01-01 00:00:00'),
('d8b8e63d-6ab9-fe98-59b1-4156caa13058', '024b1c58-7c6c-2551-7337-ade918fde917', 'getId', 'Entity method', NULL, NULL, 10, '2024-01-01 00:00:00'),
('639db1df-e6b1-267d-2e02-a0e83909d48a', '024b1c58-7c6c-2551-7337-ade918fde917', 'getName', 'Entity method', NULL, NULL, 20, '2024-01-01 00:00:00'),
('c908d9dd-21c8-e85d-15d2-2fbafabb865b', '024b1c58-7c6c-2551-7337-ade918fde917', 'validate', 'Entity method', NULL, NULL, 30, '2024-01-01 00:00:00'),
('658019a3-75f6-1bc0-4e9a-b682e8621601', '95813f4d-51ff-bd8a-df06-402819d235ce', 'getId', 'Entity method', NULL, NULL, 10, '2024-01-01 00:00:00'),
('817ccded-f558-fbc0-3e34-24fb4de3e5e1', '95813f4d-51ff-bd8a-df06-402819d235ce', 'getName', 'Entity method', NULL, NULL, 20, '2024-01-01 00:00:00'),
('e0271549-018f-d15d-00de-5d6c048316b6', '95813f4d-51ff-bd8a-df06-402819d235ce', 'validate', 'Entity method', NULL, NULL, 30, '2024-01-01 00:00:00'),
('da5d0990-bc84-3219-463a-1dbeb1e7452a', 'a3ed7192-affe-c39c-5c4c-803ed65bf79c', 'getId', 'Entity method', NULL, NULL, 10, '2024-01-01 00:00:00'),
('df9cf5b1-d55f-f0ac-fc07-343681cf1582', 'a3ed7192-affe-c39c-5c4c-803ed65bf79c', 'getName', 'Entity method', NULL, NULL, 20, '2024-01-01 00:00:00'),
('6cb337fe-4de4-b18f-5940-bc607e02ea1e', 'a3ed7192-affe-c39c-5c4c-803ed65bf79c', 'validate', 'Entity method', NULL, NULL, 30, '2024-01-01 00:00:00'),
('338ff25c-223b-5b27-747d-27bb9a5a81d6', '3364aeba-1a07-0deb-a25d-334e1085589c', 'getId', 'Entity method', NULL, NULL, 10, '2024-01-01 00:00:00'),
('d1f988fa-e4c4-213c-89d5-bf6a66156507', '3364aeba-1a07-0deb-a25d-334e1085589c', 'getName', 'Entity method', NULL, NULL, 20, '2024-01-01 00:00:00'),
('5656d69c-938d-d486-73a1-205ff90a9ea4', '3364aeba-1a07-0deb-a25d-334e1085589c', 'validate', 'Entity method', NULL, NULL, 30, '2024-01-01 00:00:00'),
('a7e7753a-fd90-78b9-d179-2e0d972d5053', '7449c395-11d8-fef2-1cb1-098725ce88b2', 'getId', 'Entity method', NULL, NULL, 10, '2024-01-01 00:00:00'),
('34f698b6-0697-87ec-8298-56900437e728', '7449c395-11d8-fef2-1cb1-098725ce88b2', 'getName', 'Entity method', NULL, NULL, 20, '2024-01-01 00:00:00'),
('10d713d0-cac0-fde7-1c51-0771fe3088ec', '7449c395-11d8-fef2-1cb1-098725ce88b2', 'validate', 'Entity method', NULL, NULL, 30, '2024-01-01 00:00:00'),
('e24f2763-d4b7-ac0c-4b56-ef7571e12e19', '04c399b8-eda0-ab68-ff0c-79d684308844', 'getId', 'Entity method', NULL, NULL, 10, '2024-01-01 00:00:00'),
('ced1f312-787a-e830-8e3e-391c17572361', '04c399b8-eda0-ab68-ff0c-79d684308844', 'getName', 'Entity method', NULL, NULL, 20, '2024-01-01 00:00:00'),
('7f39ead4-8f7d-2b7a-5a81-37a5741e432a', '04c399b8-eda0-ab68-ff0c-79d684308844', 'validate', 'Entity method', NULL, NULL, 30, '2024-01-01 00:00:00'),
('3be2d892-e078-f6eb-15b7-caadc57ee8a4', 'a2989c75-e678-1d47-c187-e9110a15b2c4', 'getId', 'Entity method', NULL, NULL, 10, '2024-01-01 00:00:00'),
('b4da7a82-d9b8-e6c9-cb94-706616e67b2b', 'a2989c75-e678-1d47-c187-e9110a15b2c4', 'getName', 'Entity method', NULL, NULL, 20, '2024-01-01 00:00:00'),
('3c284b46-11fb-d86c-053f-22763b6e175e', 'a2989c75-e678-1d47-c187-e9110a15b2c4', 'validate', 'Entity method', NULL, NULL, 30, '2024-01-01 00:00:00'),
('2d10fff2-e3d2-85f9-3f84-98ba204d564b', '14143ef8-180d-af7a-7517-a5e3b0bbbc37', 'getId', 'Entity method', NULL, NULL, 10, '2024-01-01 00:00:00'),
('8d8d2b78-be37-e1a1-2536-54ce95a9469c', '14143ef8-180d-af7a-7517-a5e3b0bbbc37', 'getName', 'Entity method', NULL, NULL, 20, '2024-01-01 00:00:00'),
('a0a136de-bbea-5abe-7143-33130ddb9775', '14143ef8-180d-af7a-7517-a5e3b0bbbc37', 'validate', 'Entity method', NULL, NULL, 30, '2024-01-01 00:00:00');

INSERT INTO source_classes (id, project_id, full_class_name, simple_name, package_name, class_type, description, source_file, created_at) VALUES
('3b0e7774-b2c6-4ad2-6052-10ecd5c0dd42', '1020afae-2e84-61e3-2ffd-b77c3655fcaf', 'co.fanki.project47.controller.Api0Controller', 'Api0Controller', 'co.fanki.project47.controller', 'CONTROLLER', 'REST controller', 'src/co/fanki/project47/controller/Api0Controller.java', '2024-01-01 00:00:00'),
('79a66ce4-c28e-8bf7-8a83-9a3a4557f3b9', '1020afae-2e84-61e3-2ffd-b77c3655fcaf', 'co.fanki.project47.controller.Api1Controller', 'Api1Controller', 'co.fanki.project47.controller', 'CONTROLLER', 'REST controller', 'src/co/fanki/project47/controller/Api1Controller.java', '2024-01-01 00:00:00'),
('5d4e0686-d8ad-2a40-ffd5-0d6a27c83355', '1020afae-2e84-61e3-2ffd-b77c3655fcaf', 'co.fanki.project47.controller.Api2Controller', 'Api2Controller', 'co.fanki.project47.controller', 'CONTROLLER', 'REST controller', 'src/co/fanki/project47/controller/Api2Controller.java', '2024-01-01 00:00:00'),
('10335263-2939-261a-b0d6-563f0d361d47', '1020afae-2e84-61e3-2ffd-b77c3655fcaf', 'co.fanki.project47.controller.Api3Controller', 'Api3Controller', 'co.fanki.project47.controller', 'CONTROLLER', 'REST controller', 'src/co/fanki/project47/controller/Api3Controller.java', '2024-01-01 00:00:00'),
('578100ed-f907-e304-185f-6f62f67c9a35', '1020afae-2e84-61e3-2ffd-b77c3655fcaf', 'co.fanki.project47.controller.Api4Controller', 'Api4Controller', 'co.fanki.project47.controller', 'CONTROLLER', 'REST controller', 'src/co/fanki/project47/controller/Api4Controller.java', '2024-01-01 00:00:00'),
('23b44bda-1065-1930-1c84-067ec48019d4', '1020afae-2e84-61e3-2ffd-b77c3655fcaf', 'co.fanki.project47.service.Business0Service', 'Business0Service', 'co.fanki.project47.service', 'SERVICE', 'Business service', 'src/co/fanki/project47/service/Business0Service.java', '2024-01-01 00:00:00'),
('99605ba6-eda0-1d13-5901-c1ba5584d8a1', '1020afae-2e84-61e3-2ffd-b77c3655fcaf', 'co.fanki.project47.service.Business1Service', 'Business1Service', 'co.fanki.project47.service', 'SERVICE', 'Business service', 'src/co/fanki/project47/service/Business1Service.java', '2024-01-01 00:00:00'),
('1bd8223d-cc8d-ecf9-fe72-e29b0148f0c5', '1020afae-2e84-61e3-2ffd-b77c3655fcaf', 'co.fanki.project47.domain.Entity0', 'Entity0', 'co.fanki.project47.domain', 'ENTITY', 'Domain entity', 'src/co/fanki/project47/domain/Entity0.java', '2024-01-01 00:00:00'),
('183f12c1-e04a-4d6c-6926-17d62ece2a3e', '1020afae-2e84-61e3-2ffd-b77c3655fcaf', 'co.fanki.project47.domain.Entity1', 'Entity1', 'co.fanki.project47.domain', 'ENTITY', 'Domain entity', 'src/co/fanki/project47/domain/Entity1.java', '2024-01-01 00:00:00'),
('cafbd4be-cc10-4962-67a5-81a7c2db7fdd', '1020afae-2e84-61e3-2ffd-b77c3655fcaf', 'co.fanki.project47.domain.Entity2', 'Entity2', 'co.fanki.project47.domain', 'ENTITY', 'Domain entity', 'src/co/fanki/project47/domain/Entity2.java', '2024-01-01 00:00:00'),
('98785c63-1f54-8914-5494-5a96b4bdf26f', '1020afae-2e84-61e3-2ffd-b77c3655fcaf', 'co.fanki.project47.domain.Entity3', 'Entity3', 'co.fanki.project47.domain', 'ENTITY', 'Domain entity', 'src/co/fanki/project47/domain/Entity3.java', '2024-01-01 00:00:00'),
('7ecc1a5a-fab6-b95e-af0e-98dcefbe65f8', '1020afae-2e84-61e3-2ffd-b77c3655fcaf', 'co.fanki.project47.domain.Entity4', 'Entity4', 'co.fanki.project47.domain', 'ENTITY', 'Domain entity', 'src/co/fanki/project47/domain/Entity4.java', '2024-01-01 00:00:00'),
('a8d46963-e76d-6291-8f0b-a6737be30519', '1020afae-2e84-61e3-2ffd-b77c3655fcaf', 'co.fanki.project47.domain.Entity5', 'Entity5', 'co.fanki.project47.domain', 'ENTITY', 'Domain entity', 'src/co/fanki/project47/domain/Entity5.java', '2024-01-01 00:00:00'),
('71aeac9f-ced5-7e81-be74-c5dda834438f', '1020afae-2e84-61e3-2ffd-b77c3655fcaf', 'co.fanki.project47.domain.Entity6', 'Entity6', 'co.fanki.project47.domain', 'ENTITY', 'Domain entity', 'src/co/fanki/project47/domain/Entity6.java', '2024-01-01 00:00:00'),
('ec4179bb-0203-2be5-d2d9-65da735abf52', '1020afae-2e84-61e3-2ffd-b77c3655fcaf', 'co.fanki.project47.domain.Entity7', 'Entity7', 'co.fanki.project47.domain', 'ENTITY', 'Domain entity', 'src/co/fanki/project47/domain/Entity7.java', '2024-01-01 00:00:00'),
('8137e23c-4b50-ac9c-7a75-53c8944b5676', '1020afae-2e84-61e3-2ffd-b77c3655fcaf', 'co.fanki.project47.domain.Entity8', 'Entity8', 'co.fanki.project47.domain', 'ENTITY', 'Domain entity', 'src/co/fanki/project47/domain/Entity8.java', '2024-01-01 00:00:00'),
('8f1d573f-0c3c-cbb8-7e9f-3ce9c1071d82', '1020afae-2e84-61e3-2ffd-b77c3655fcaf', 'co.fanki.project47.domain.Entity9', 'Entity9', 'co.fanki.project47.domain', 'ENTITY', 'Domain entity', 'src/co/fanki/project47/domain/Entity9.java', '2024-01-01 00:00:00');

INSERT INTO source_methods (id, class_id, method_name, description, http_method, http_path, line_number, created_at) VALUES
('fb5d554c-4ab3-4596-af5e-b62be2e9814b', '3b0e7774-b2c6-4ad2-6052-10ecd5c0dd42', 'handle', 'Handles request', 'GET', '/api/v1/resource0', 10, '2024-01-01 00:00:00'),
('2a6fcd58-84fc-1150-50ee-9cf9180b1940', '79a66ce4-c28e-8bf7-8a83-9a3a4557f3b9', 'handle', 'Handles request', 'GET', '/api/v1/resource1', 10, '2024-01-01 00:00:00'),
('19305dd0-f1ef-8609-6401-8b143a9b2f13', '5d4e0686-d8ad-2a40-ffd5-0d6a27c83355', 'handle', 'Handles request', 'GET', '/api/v1/resource2', 10, '2024-01-01 00:00:00'),
('aa5c1c93-6723-83b8-46dd-b1aaec977c07', '10335263-2939-261a-b0d6-563f0d361d47', 'handle', 'Handles request', 'GET', '/api/v1/resource3', 10, '2024-01-01 00:00:00'),
('5e71343e-c299-d50a-ddb3-e67cf4a61ec5', '578100ed-f907-e304-185f-6f62f67c9a35', 'handle', 'Handles request', 'GET', '/api/v1/resource4', 10, '2024-01-01 00:00:00'),
('b1194e20-9131-7afa-ba57-b5c065efdb66', '23b44bda-1065-1930-1c84-067ec48019d4', 'create', 'Business logic', NULL, NULL, 10, '2024-01-01 00:00:00'),
('cf7c4c36-a057-7c6f-f126-eec5942f02e6', '23b44bda-1065-1930-1c84-067ec48019d4', 'update', 'Business logic', NULL, NULL, 20, '2024-01-01 00:00:00'),
('14b59db5-7719-d535-fc52-12a518cb5cea', '23b44bda-1065-1930-1c84-067ec48019d4', 'delete', 'Business logic', NULL, NULL, 30, '2024-01-01 00:00:00'),
('9314c57c-a059-c9b6-9821-468e71847d22', '23b44bda-1065-1930-1c84-067ec48019d4', 'find', 'Business logic', NULL, NULL, 40, '2024-01-01 00:00:00'),
('a149e74c-5d94-9433-38e0-9cf5ca4f35c3', '23b44bda-1065-1930-1c84-067ec48019d4', 'process', 'Business logic', NULL, NULL, 50, '2024-01-01 00:00:00'),
('2dd7f8cd-8df4-1d45-3147-b78a416f3ecf', '99605ba6-eda0-1d13-5901-c1ba5584d8a1', 'create', 'Business logic', NULL, NULL, 10, '2024-01-01 00:00:00'),
('b7399603-d807-3210-58a0-5c26d93f2ee8', '99605ba6-eda0-1d13-5901-c1ba5584d8a1', 'update', 'Business logic', NULL, NULL, 20, '2024-01-01 00:00:00'),
('08ab6e9d-e6e8-090c-612e-6d942d1382fe', '99605ba6-eda0-1d13-5901-c1ba5584d8a1', 'delete', 'Business logic', NULL, NULL, 30, '2024-01-01 00:00:00'),
('e19a05a8-3997-0f85-c311-522a76c5f24b', '99605ba6-eda0-1d13-5901-c1ba5584d8a1', 'find', 'Business logic', NULL, NULL, 40, '2024-01-01 00:00:00'),
('49b3d897-1d61-faf6-94b4-e74bfc9d582c', '99605ba6-eda0-1d13-5901-c1ba5584d8a1', 'process', 'Business logic', NULL, NULL, 50, '2024-01-01 00:00:00'),
('05dc2163-b541-a5f7-bb04-50bac3f482b3', '1bd8223d-cc8d-ecf9-fe72-e29b0148f0c5', 'getId', 'Entity method', NULL, NULL, 10, '2024-01-01 00:00:00'),
('cbc9eba6-c0d6-8673-3cb7-f3c991a774e4', '1bd8223d-cc8d-ecf9-fe72-e29b0148f0c5', 'getName', 'Entity method', NULL, NULL, 20, '2024-01-01 00:00:00'),
('22dc2689-48b1-105d-6494-3fec89c8ae5c', '1bd8223d-cc8d-ecf9-fe72-e29b0148f0c5', 'validate', 'Entity method', NULL, NULL, 30, '2024-01-01 00:00:00'),
('12e08c06-063e-398f-adff-4a201a9f4407', '183f12c1-e04a-4d6c-6926-17d62ece2a3e', 'getId', 'Entity method', NULL, NULL, 10, '2024-01-01 00:00:00'),
('12114021-5dbe-4911-5e80-a37f7c6019c0', '183f12c1-e04a-4d6c-6926-17d62ece2a3e', 'getName', 'Entity method', NULL, NULL, 20, '2024-01-01 00:00:00'),
('bd048cfc-eae0-a5f5-5f31-432961ea5f77', '183f12c1-e04a-4d6c-6926-17d62ece2a3e', 'validate', 'Entity method', NULL, NULL, 30, '2024-01-01 00:00:00'),
('039791ae-d679-9dc8-794b-8ad2004ccdd0', 'cafbd4be-cc10-4962-67a5-81a7c2db7fdd', 'getId', 'Entity method', NULL, NULL, 10, '2024-01-01 00:00:00'),
('57e1f4e9-de58-a1ec-c23c-256413b4a4ae', 'cafbd4be-cc10-4962-67a5-81a7c2db7fdd', 'getName', 'Entity method', NULL, NULL, 20, '2024-01-01 00:00:00'),
('e3a21b05-09a3-8829-3f1d-6d91b14e0505', 'cafbd4be-cc10-4962-67a5-81a7c2db7fdd', 'validate', 'Entity method', NULL, NULL, 30, '2024-01-01 00:00:00'),
('0f4462c5-3e2f-a0d2-be95-01f586fc1b11', '98785c63-1f54-8914-5494-5a96b4bdf26f', 'getId', 'Entity method', NULL, NULL, 10, '2024-01-01 00:00:00'),
('04d162ef-e5fa-9bb5-1200-20fce165e5b7', '98785c63-1f54-8914-5494-5a96b4bdf26f', 'getName', 'Entity method', NULL, NULL, 20, '2024-01-01 00:00:00'),
('7a96fa8f-af82-ea0e-7100-6fdd7c44b353', '98785c63-1f54-8914-5494-5a96b4bdf26f', 'validate', 'Entity method', NULL, NULL, 30, '2024-01-01 00:00:00'),
('bb39bd8d-e326-d2ba-8272-8e57f8e2d394', '7ecc1a5a-fab6-b95e-af0e-98dcefbe65f8', 'getId', 'Entity method', NULL, NULL, 10, '2024-01-01 00:00:00'),
('961a487f-259b-0815-5ea0-57258acf9042', '7ecc1a5a-fab6-b95e-af0e-98dcefbe65f8', 'getName', 'Entity method', NULL, NULL, 20, '2024-01-01 00:00:00'),
('dd5b9b88-4677-2908-ec42-f85ccab90ecd', '7ecc1a5a-fab6-b95e-af0e-98dcefbe65f8', 'validate', 'Entity method', NULL, NULL, 30, '2024-01-01 00:00:00'),
('817de4af-46e6-16b3-2797-3bb64a19c3db', 'a8d46963-e76d-6291-8f0b-a6737be30519', 'getId', 'Entity method', NULL, NULL, 10, '2024-01-01 00:00:00'),
('b7839921-5431-55c8-75a0-831dc1486a84', 'a8d46963-e76d-6291-8f0b-a6737be30519', 'getName', 'Entity method', NULL, NULL, 20, '2024-01-01 00:00:00'),
('548b8e9c-c4fe-0d50-9d4e-13b1bda10cce', 'a8d46963-e76d-6291-8f0b-a6737be30519', 'validate', 'Entity method', NULL, NULL, 30, '2024-01-01 00:00:00'),
('bbac2a5f-957d-d694-053a-88c8ff432ee0', '71aeac9f-ced5-7e81-be74-c5dda834438f', 'getId', 'Entity method', NULL, NULL, 10, '2024-01-01 00:00:00'),
('f0ac4aba-40bf-fa63-4c09-0b6095a4c490', '71aeac9f-ced5-7e81-be74-c5dda834438f', 'getName', 'Entity method', NULL, NULL, 20, '2024-01-01 00:00:00'),
('000a6c0d-02a7-0515-ac6c-63b96ecc1f22', '71aeac9f-ced5-7e81-be74-c5dda834438f', 'validate', 'Entity method', NULL, NULL, 30, '2024-01-01 00:00:00'),
('2eb04f4d-e46e-5dc0-2421-37b6cb510ccf', 'ec4179bb-0203-2be5-d2d9-65da735abf52', 'getId', 'Entity method', NULL, NULL, 10, '2024-01-01 00:00:00'),
('7e264026-a26d-518d-2d89-9b95081cd0c1', 'ec4179bb-0203-2be5-d2d9-65da735abf52', 'getName', 'Entity method', NULL, NULL, 20, '2024-01-01 00:00:00'),
('6c8bf78c-5587-f79b-aeb1-41d3aaf0818a', 'ec4179bb-0203-2be5-d2d9-65da735abf52', 'validate', 'Entity method', NULL, NULL, 30, '2024-01-01 00:00:00'),
('f7a49bab-4e87-2186-b1ba-9afb7d82cbd9', '8137e23c-4b50-ac9c-7a75-53c8944b5676', 'getId', 'Entity method', NULL, NULL, 10, '2024-01-01 00:00:00'),
('7a995650-d782-b9c0-5e7d-e6575d48cc10', '8137e23c-4b50-ac9c-7a75-53c8944b5676', 'getName', 'Entity method', NULL, NULL, 20, '2024-01-01 00:00:00'),
('27991e48-bf2a-c613-bb59-86907f569384', '8137e23c-4b50-ac9c-7a75-53c8944b5676', 'validate', 'Entity method', NULL, NULL, 30, '2024-01-01 00:00:00'),
('9deeeae7-d3da-707d-7aa7-94b30a484a5a', '8f1d573f-0c3c-cbb8-7e9f-3ce9c1071d82', 'getId', 'Entity method', NULL, NULL, 10, '2024-01-01 00:00:00'),
('10a0e1d1-62eb-752b-c42b-5547eda8aaaf', '8f1d573f-0c3c-cbb8-7e9f-3ce9c1071d82', 'getName', 'Entity method', NULL, NULL, 20, '2024-01-01 00:00:00'),
('05a8020b-ecf9-9d9b-e23c-019fbe0295b3', '8f1d573f-0c3c-cbb8-7e9f-3ce9c1071d82', 'validate', 'Entity method', NULL, NULL, 30, '2024-01-01 00:00:00');

INSERT INTO source_classes (id, project_id, full_class_name, simple_name, package_name, class_type, description, source_file, created_at) VALUES
('8d84e4bc-8099-7c34-d05e-016a09738481', 'd5c6cc0e-74c8-0d5a-5f2f-2bbbaf26195c', 'co.fanki.project48.controller.Api0Controller', 'Api0Controller', 'co.fanki.project48.controller', 'CONTROLLER', 'REST controller', 'src/co/fanki/project48/controller/Api0Controller.java', '2024-01-01 00:00:00'),
('33853d82-0176-cd87-0ed9-8f987af9d6f3', 'd5c6cc0e-74c8-0d5a-5f2f-2bbbaf26195c', 'co.fanki.project48.controller.Api1Controller', 'Api1Controller', 'co.fanki.project48.controller', 'CONTROLLER', 'REST controller', 'src/co/fanki/project48/controller/Api1Controller.java', '2024-01-01 00:00:00'),
('4ad86c5c-99d3-4a91-df48-42b6ad611799', 'd5c6cc0e-74c8-0d5a-5f2f-2bbbaf26195c', 'co.fanki.project48.controller.Api2Controller', 'Api2Controller', 'co.fanki.project48.controller', 'CONTROLLER', 'REST controller', 'src/co/fanki/project48/controller/Api2Controller.java', '2024-01-01 00:00:00'),
('53825564-78df-e278-8059-1a60f0019eb9', 'd5c6cc0e-74c8-0d5a-5f2f-2bbbaf26195c', 'co.fanki.project48.controller.Api3Controller', 'Api3Controller', 'co.fanki.project48.controller', 'CONTROLLER', 'REST controller', 'src/co/fanki/project48/controller/Api3Controller.java', '2024-01-01 00:00:00'),
('ea31d6d3-c50d-be02-ef43-b5304a47d942', 'd5c6cc0e-74c8-0d5a-5f2f-2bbbaf26195c', 'co.fanki.project48.controller.Api4Controller', 'Api4Controller', 'co.fanki.project48.controller', 'CONTROLLER', 'REST controller', 'src/co/fanki/project48/controller/Api4Controller.java', '2024-01-01 00:00:00'),
('c1bc6b60-7350-1842-1336-d3d8b3e49e70', 'd5c6cc0e-74c8-0d5a-5f2f-2bbbaf26195c', 'co.fanki.project48.service.Business0Service', 'Business0Service', 'co.fanki.project48.service', 'SERVICE', 'Business service', 'src/co/fanki/project48/service/Business0Service.java', '2024-01-01 00:00:00'),
('567c0e86-9d1e-373b-6340-fc111fd105f3', 'd5c6cc0e-74c8-0d5a-5f2f-2bbbaf26195c', 'co.fanki.project48.service.Business1Service', 'Business1Service', 'co.fanki.project48.service', 'SERVICE', 'Business service', 'src/co/fanki/project48/service/Business1Service.java', '2024-01-01 00:00:00'),
('a13b6ac2-49d5-9c4b-7d25-f25a506883c2', 'd5c6cc0e-74c8-0d5a-5f2f-2bbbaf26195c', 'co.fanki.project48.domain.Entity0', 'Entity0', 'co.fanki.project48.domain', 'ENTITY', 'Domain entity', 'src/co/fanki/project48/domain/Entity0.java', '2024-01-01 00:00:00'),
('42bf51d8-a712-6329-4ddb-627a0675f889', 'd5c6cc0e-74c8-0d5a-5f2f-2bbbaf26195c', 'co.fanki.project48.domain.Entity1', 'Entity1', 'co.fanki.project48.domain', 'ENTITY', 'Domain entity', 'src/co/fanki/project48/domain/Entity1.java', '2024-01-01 00:00:00'),
('4b7351fe-9090-7153-5c87-be9bdf36353e', 'd5c6cc0e-74c8-0d5a-5f2f-2bbbaf26195c', 'co.fanki.project48.domain.Entity2', 'Entity2', 'co.fanki.project48.domain', 'ENTITY', 'Domain entity', 'src/co/fanki/project48/domain/Entity2.java', '2024-01-01 00:00:00'),
('b87cd2d7-08ba-1915-4e35-454a6f287c10', 'd5c6cc0e-74c8-0d5a-5f2f-2bbbaf26195c', 'co.fanki.project48.domain.Entity3', 'Entity3', 'co.fanki.project48.domain', 'ENTITY', 'Domain entity', 'src/co/fanki/project48/domain/Entity3.java', '2024-01-01 00:00:00'),
('4d0b015a-27a1-3b2f-0132-bf4213dd204a', 'd5c6cc0e-74c8-0d5a-5f2f-2bbbaf26195c', 'co.fanki.project48.domain.Entity4', 'Entity4', 'co.fanki.project48.domain', 'ENTITY', 'Domain entity', 'src/co/fanki/project48/domain/Entity4.java', '2024-01-01 00:00:00'),
('5441a885-5a43-dff4-a324-e73740104437', 'd5c6cc0e-74c8-0d5a-5f2f-2bbbaf26195c', 'co.fanki.project48.domain.Entity5', 'Entity5', 'co.fanki.project48.domain', 'ENTITY', 'Domain entity', 'src/co/fanki/project48/domain/Entity5.java', '2024-01-01 00:00:00'),
('b2a6d336-9fac-efb7-ba11-5a7cc6ef0728', 'd5c6cc0e-74c8-0d5a-5f2f-2bbbaf26195c', 'co.fanki.project48.domain.Entity6', 'Entity6', 'co.fanki.project48.domain', 'ENTITY', 'Domain entity', 'src/co/fanki/project48/domain/Entity6.java', '2024-01-01 00:00:00'),
('f6f65594-e9e7-a89b-af46-703f405a3e3c', 'd5c6cc0e-74c8-0d5a-5f2f-2bbbaf26195c', 'co.fanki.project48.domain.Entity7', 'Entity7', 'co.fanki.project48.domain', 'ENTITY', 'Domain entity', 'src/co/fanki/project48/domain/Entity7.java', '2024-01-01 00:00:00'),
('496a6bb5-b166-160b-e0de-b8a928b79e72', 'd5c6cc0e-74c8-0d5a-5f2f-2bbbaf26195c', 'co.fanki.project48.domain.Entity8', 'Entity8', 'co.fanki.project48.domain', 'ENTITY', 'Domain entity', 'src/co/fanki/project48/domain/Entity8.java', '2024-01-01 00:00:00'),
('9e014dad-21c0-fa43-bf91-1ad6078660e0', 'd5c6cc0e-74c8-0d5a-5f2f-2bbbaf26195c', 'co.fanki.project48.domain.Entity9', 'Entity9', 'co.fanki.project48.domain', 'ENTITY', 'Domain entity', 'src/co/fanki/project48/domain/Entity9.java', '2024-01-01 00:00:00');

INSERT INTO source_methods (id, class_id, method_name, description, http_method, http_path, line_number, created_at) VALUES
('3dd160c6-1831-2fb0-5cbc-68fb7683e2fd', '8d84e4bc-8099-7c34-d05e-016a09738481', 'handle', 'Handles request', 'GET', '/api/v1/resource0', 10, '2024-01-01 00:00:00'),
('f34c6a50-0658-309c-e082-de16e2d1cf51', '33853d82-0176-cd87-0ed9-8f987af9d6f3', 'handle', 'Handles request', 'GET', '/api/v1/resource1', 10, '2024-01-01 00:00:00'),
('ccd448ba-2b28-e0ed-e6e2-31a63adec649', '4ad86c5c-99d3-4a91-df48-42b6ad611799', 'handle', 'Handles request', 'GET', '/api/v1/resource2', 10, '2024-01-01 00:00:00'),
('774bcaf6-560e-0bf5-9b22-11f5bfd144dc', '53825564-78df-e278-8059-1a60f0019eb9', 'handle', 'Handles request', 'GET', '/api/v1/resource3', 10, '2024-01-01 00:00:00'),
('e428b018-7852-08c7-a1ba-0512c7189a4b', 'ea31d6d3-c50d-be02-ef43-b5304a47d942', 'handle', 'Handles request', 'GET', '/api/v1/resource4', 10, '2024-01-01 00:00:00'),
('5d176fcd-be4e-67df-a4ff-41507f2f4a05', 'c1bc6b60-7350-1842-1336-d3d8b3e49e70', 'create', 'Business logic', NULL, NULL, 10, '2024-01-01 00:00:00'),
('87809023-caaa-425e-8a1e-a3f79999d573', 'c1bc6b60-7350-1842-1336-d3d8b3e49e70', 'update', 'Business logic', NULL, NULL, 20, '2024-01-01 00:00:00'),
('cfe97390-fabd-7176-b359-1e1ad79ea4d2', 'c1bc6b60-7350-1842-1336-d3d8b3e49e70', 'delete', 'Business logic', NULL, NULL, 30, '2024-01-01 00:00:00'),
('263bf039-53b4-0858-3fc6-69959b088d1e', 'c1bc6b60-7350-1842-1336-d3d8b3e49e70', 'find', 'Business logic', NULL, NULL, 40, '2024-01-01 00:00:00'),
('14404d47-6ca6-335a-ad58-977bb071ffef', 'c1bc6b60-7350-1842-1336-d3d8b3e49e70', 'process', 'Business logic', NULL, NULL, 50, '2024-01-01 00:00:00'),
('cb5b0aa0-20f1-3f1e-2c6b-be7458f0f1e1', '567c0e86-9d1e-373b-6340-fc111fd105f3', 'create', 'Business logic', NULL, NULL, 10, '2024-01-01 00:00:00'),
('8d97c57a-f5dd-6974-a81d-a19db81ab5c2', '567c0e86-9d1e-373b-6340-fc111fd105f3', 'update', 'Business logic', NULL, NULL, 20, '2024-01-01 00:00:00'),
('34e15eca-b12a-c94b-2e25-d607209b2100', '567c0e86-9d1e-373b-6340-fc111fd105f3', 'delete', 'Business logic', NULL, NULL, 30, '2024-01-01 00:00:00'),
('c89ee275-0cc9-671d-b1e0-6a5111b488f2', '567c0e86-9d1e-373b-6340-fc111fd105f3', 'find', 'Business logic', NULL, NULL, 40, '2024-01-01 00:00:00'),
('067fdc8e-bc92-f3fb-ec7c-1f60e89dcf15', '567c0e86-9d1e-373b-6340-fc111fd105f3', 'process', 'Business logic', NULL, NULL, 50, '2024-01-01 00:00:00'),
('686a973c-6ddc-9f83-c57b-1958fd44a537', 'a13b6ac2-49d5-9c4b-7d25-f25a506883c2', 'getId', 'Entity method', NULL, NULL, 10, '2024-01-01 00:00:00'),
('7bbb5354-7c90-13a4-05f2-9f32d86db789', 'a13b6ac2-49d5-9c4b-7d25-f25a506883c2', 'getName', 'Entity method', NULL, NULL, 20, '2024-01-01 00:00:00'),
('b51742b7-0cfd-f064-d9be-c691e06b1243', 'a13b6ac2-49d5-9c4b-7d25-f25a506883c2', 'validate', 'Entity method', NULL, NULL, 30, '2024-01-01 00:00:00'),
('56511f64-9f05-7ba3-4f36-d6703a4d6a66', '42bf51d8-a712-6329-4ddb-627a0675f889', 'getId', 'Entity method', NULL, NULL, 10, '2024-01-01 00:00:00'),
('296d3d89-ba9b-2098-ad32-d1356587e623', '42bf51d8-a712-6329-4ddb-627a0675f889', 'getName', 'Entity method', NULL, NULL, 20, '2024-01-01 00:00:00'),
('cae169c6-07cd-e90a-6342-7adfebf6110e', '42bf51d8-a712-6329-4ddb-627a0675f889', 'validate', 'Entity method', NULL, NULL, 30, '2024-01-01 00:00:00'),
('803e050b-1095-7391-50ef-a6c8e88d5071', '4b7351fe-9090-7153-5c87-be9bdf36353e', 'getId', 'Entity method', NULL, NULL, 10, '2024-01-01 00:00:00'),
('29a222ba-3e50-768d-ff4b-911122470372', '4b7351fe-9090-7153-5c87-be9bdf36353e', 'getName', 'Entity method', NULL, NULL, 20, '2024-01-01 00:00:00'),
('6bd9717b-5c63-e53d-5293-e90eaf5d2796', '4b7351fe-9090-7153-5c87-be9bdf36353e', 'validate', 'Entity method', NULL, NULL, 30, '2024-01-01 00:00:00'),
('0fd338ee-c8d2-eb04-55a8-d5c04461a89a', 'b87cd2d7-08ba-1915-4e35-454a6f287c10', 'getId', 'Entity method', NULL, NULL, 10, '2024-01-01 00:00:00'),
('4a102948-3e24-df24-e848-033770db757d', 'b87cd2d7-08ba-1915-4e35-454a6f287c10', 'getName', 'Entity method', NULL, NULL, 20, '2024-01-01 00:00:00'),
('8b58f08c-d12e-0db8-ad32-a4c3d8b46a11', 'b87cd2d7-08ba-1915-4e35-454a6f287c10', 'validate', 'Entity method', NULL, NULL, 30, '2024-01-01 00:00:00'),
('aee19dce-41a3-ff33-a5c6-0cb9b2ea4115', '4d0b015a-27a1-3b2f-0132-bf4213dd204a', 'getId', 'Entity method', NULL, NULL, 10, '2024-01-01 00:00:00'),
('3a9b6807-fb78-6317-5fce-ffb113c7c348', '4d0b015a-27a1-3b2f-0132-bf4213dd204a', 'getName', 'Entity method', NULL, NULL, 20, '2024-01-01 00:00:00'),
('cd628b38-6029-8bda-7ef1-5844e9b3bf74', '4d0b015a-27a1-3b2f-0132-bf4213dd204a', 'validate', 'Entity method', NULL, NULL, 30, '2024-01-01 00:00:00'),
('9fe29768-59f9-a3d7-9d0f-12f8fc6c394c', '5441a885-5a43-dff4-a324-e73740104437', 'getId', 'Entity method', NULL, NULL, 10, '2024-01-01 00:00:00'),
('afd20029-7c2c-56b6-2d8f-72872f1b0980', '5441a885-5a43-dff4-a324-e73740104437', 'getName', 'Entity method', NULL, NULL, 20, '2024-01-01 00:00:00'),
('bee12348-2956-70c8-75b9-0ee9dca92870', '5441a885-5a43-dff4-a324-e73740104437', 'validate', 'Entity method', NULL, NULL, 30, '2024-01-01 00:00:00'),
('f5ced50e-de55-8ae8-7680-4a4506b510bf', 'b2a6d336-9fac-efb7-ba11-5a7cc6ef0728', 'getId', 'Entity method', NULL, NULL, 10, '2024-01-01 00:00:00'),
('1a35e1f6-2399-1b1d-ee48-81433b2c710c', 'b2a6d336-9fac-efb7-ba11-5a7cc6ef0728', 'getName', 'Entity method', NULL, NULL, 20, '2024-01-01 00:00:00'),
('7cb05ffd-c542-9f9d-59c0-65895ed8a726', 'b2a6d336-9fac-efb7-ba11-5a7cc6ef0728', 'validate', 'Entity method', NULL, NULL, 30, '2024-01-01 00:00:00'),
('69e2c937-c600-1685-fc68-b26c446d386f', 'f6f65594-e9e7-a89b-af46-703f405a3e3c', 'getId', 'Entity method', NULL, NULL, 10, '2024-01-01 00:00:00'),
('b0662f05-52cf-f44b-d940-48432e57684b', 'f6f65594-e9e7-a89b-af46-703f405a3e3c', 'getName', 'Entity method', NULL, NULL, 20, '2024-01-01 00:00:00'),
('1a0f1bb5-e5e2-8702-386d-c3486b8162b0', 'f6f65594-e9e7-a89b-af46-703f405a3e3c', 'validate', 'Entity method', NULL, NULL, 30, '2024-01-01 00:00:00'),
('63ad8b38-73d0-8adf-68b8-1f96dd19de08', '496a6bb5-b166-160b-e0de-b8a928b79e72', 'getId', 'Entity method', NULL, NULL, 10, '2024-01-01 00:00:00'),
('ec24d158-7592-596a-d793-77017394d80b', '496a6bb5-b166-160b-e0de-b8a928b79e72', 'getName', 'Entity method', NULL, NULL, 20, '2024-01-01 00:00:00'),
('f8069f41-056a-7ae4-6f19-3caaf302dc03', '496a6bb5-b166-160b-e0de-b8a928b79e72', 'validate', 'Entity method', NULL, NULL, 30, '2024-01-01 00:00:00'),
('38acf18c-4844-3812-fb0b-d3e8ef99e5bd', '9e014dad-21c0-fa43-bf91-1ad6078660e0', 'getId', 'Entity method', NULL, NULL, 10, '2024-01-01 00:00:00'),
('52d371f9-2be0-a53e-583f-b980b7b8b33f', '9e014dad-21c0-fa43-bf91-1ad6078660e0', 'getName', 'Entity method', NULL, NULL, 20, '2024-01-01 00:00:00'),
('ef1a461f-f01c-0c94-3d6e-87eafca5448a', '9e014dad-21c0-fa43-bf91-1ad6078660e0', 'validate', 'Entity method', NULL, NULL, 30, '2024-01-01 00:00:00');

INSERT INTO source_classes (id, project_id, full_class_name, simple_name, package_name, class_type, description, source_file, created_at) VALUES
('0d657beb-903f-f1ac-3fae-ac6670b57288', '5a65ed9e-8951-4ab4-d217-6ea568538820', 'co.fanki.project49.controller.Api0Controller', 'Api0Controller', 'co.fanki.project49.controller', 'CONTROLLER', 'REST controller', 'src/co/fanki/project49/controller/Api0Controller.java', '2024-01-01 00:00:00'),
('3b2144c1-a67e-d8d8-5a9c-510d6fdd3eee', '5a65ed9e-8951-4ab4-d217-6ea568538820', 'co.fanki.project49.controller.Api1Controller', 'Api1Controller', 'co.fanki.project49.controller', 'CONTROLLER', 'REST controller', 'src/co/fanki/project49/controller/Api1Controller.java', '2024-01-01 00:00:00'),
('c5703f82-5a6a-d069-8669-6e300ab4b555', '5a65ed9e-8951-4ab4-d217-6ea568538820', 'co.fanki.project49.controller.Api2Controller', 'Api2Controller', 'co.fanki.project49.controller', 'CONTROLLER', 'REST controller', 'src/co/fanki/project49/controller/Api2Controller.java', '2024-01-01 00:00:00'),
('59089f46-a920-3a85-1fba-e87ae8e007ff', '5a65ed9e-8951-4ab4-d217-6ea568538820', 'co.fanki.project49.controller.Api3Controller', 'Api3Controller', 'co.fanki.project49.controller', 'CONTROLLER', 'REST controller', 'src/co/fanki/project49/controller/Api3Controller.java', '2024-01-01 00:00:00'),
('db51da39-5ea3-ecf5-d939-090a2aaffe6f', '5a65ed9e-8951-4ab4-d217-6ea568538820', 'co.fanki.project49.controller.Api4Controller', 'Api4Controller', 'co.fanki.project49.controller', 'CONTROLLER', 'REST controller', 'src/co/fanki/project49/controller/Api4Controller.java', '2024-01-01 00:00:00'),
('b7af2756-1a8e-833d-b716-7d816887f36a', '5a65ed9e-8951-4ab4-d217-6ea568538820', 'co.fanki.project49.service.Business0Service', 'Business0Service', 'co.fanki.project49.service', 'SERVICE', 'Business service', 'src/co/fanki/project49/service/Business0Service.java', '2024-01-01 00:00:00'),
('6acf2db5-bbf5-8091-604b-dc63cc58675e', '5a65ed9e-8951-4ab4-d217-6ea568538820', 'co.fanki.project49.service.Business1Service', 'Business1Service', 'co.fanki.project49.service', 'SERVICE', 'Business service', 'src/co/fanki/project49/service/Business1Service.java', '2024-01-01 00:00:00'),
('01305735-77fe-fa74-3ece-227ca2964152', '5a65ed9e-8951-4ab4-d217-6ea568538820', 'co.fanki.project49.domain.Entity0', 'Entity0', 'co.fanki.project49.domain', 'ENTITY', 'Domain entity', 'src/co/fanki/project49/domain/Entity0.java', '2024-01-01 00:00:00'),
('27fa6764-4f36-5f83-37f8-72101edb0ce1', '5a65ed9e-8951-4ab4-d217-6ea568538820', 'co.fanki.project49.domain.Entity1', 'Entity1', 'co.fanki.project49.domain', 'ENTITY', 'Domain entity', 'src/co/fanki/project49/domain/Entity1.java', '2024-01-01 00:00:00'),
('86a1dd2e-f78e-f949-0333-feb83fb7bd53', '5a65ed9e-8951-4ab4-d217-6ea568538820', 'co.fanki.project49.domain.Entity2', 'Entity2', 'co.fanki.project49.domain', 'ENTITY', 'Domain entity', 'src/co/fanki/project49/domain/Entity2.java', '2024-01-01 00:00:00'),
('6e5b534c-23bb-a7be-e2e3-a677d4cdb388', '5a65ed9e-8951-4ab4-d217-6ea568538820', 'co.fanki.project49.domain.Entity3', 'Entity3', 'co.fanki.project49.domain', 'ENTITY', 'Domain entity', 'src/co/fanki/project49/domain/Entity3.java', '2024-01-01 00:00:00'),
('4fd743cb-c41f-609b-d888-e23d3c37df21', '5a65ed9e-8951-4ab4-d217-6ea568538820', 'co.fanki.project49.domain.Entity4', 'Entity4', 'co.fanki.project49.domain', 'ENTITY', 'Domain entity', 'src/co/fanki/project49/domain/Entity4.java', '2024-01-01 00:00:00'),
('4be6156f-2859-e7f0-225b-51332a73110f', '5a65ed9e-8951-4ab4-d217-6ea568538820', 'co.fanki.project49.domain.Entity5', 'Entity5', 'co.fanki.project49.domain', 'ENTITY', 'Domain entity', 'src/co/fanki/project49/domain/Entity5.java', '2024-01-01 00:00:00'),
('a23ea1db-d868-99d1-a0a1-0f2611123d0c', '5a65ed9e-8951-4ab4-d217-6ea568538820', 'co.fanki.project49.domain.Entity6', 'Entity6', 'co.fanki.project49.domain', 'ENTITY', 'Domain entity', 'src/co/fanki/project49/domain/Entity6.java', '2024-01-01 00:00:00'),
('fddd0e8b-7859-58a6-e78e-dbacb28aa772', '5a65ed9e-8951-4ab4-d217-6ea568538820', 'co.fanki.project49.domain.Entity7', 'Entity7', 'co.fanki.project49.domain', 'ENTITY', 'Domain entity', 'src/co/fanki/project49/domain/Entity7.java', '2024-01-01 00:00:00'),
('e2a628b3-69a3-3655-7e31-5a10354bb0d9', '5a65ed9e-8951-4ab4-d217-6ea568538820', 'co.fanki.project49.domain.Entity8', 'Entity8', 'co.fanki.project49.domain', 'ENTITY', 'Domain entity', 'src/co/fanki/project49/domain/Entity8.java', '2024-01-01 00:00:00'),
('c9bdcbd1-6b39-ac0b-8dc1-b9fb607696d5', '5a65ed9e-8951-4ab4-d217-6ea568538820', 'co.fanki.project49.domain.Entity9', 'Entity9', 'co.fanki.project49.domain', 'ENTITY', 'Domain entity', 'src/co/fanki/project49/domain/Entity9.java', '2024-01-01 00:00:00');

INSERT INTO source_methods (id, class_id, method_name, description, http_method, http_path, line_number, created_at) VALUES
('10f284f2-401a-0f70-d69d-154b1dc02ebc', '0d657beb-903f-f1ac-3fae-ac6670b57288', 'handle', 'Handles request', 'GET', '/api/v1/resource0', 10, '2024-01-01 00:00:00'),
('a138bdd8-6cb7-489d-0d53-feaef07b233b', '3b2144c1-a67e-d8d8-5a9c-510d6fdd3eee', 'handle', 'Handles request', 'GET', '/api/v1/resource1', 10, '2024-01-01 00:00:00'),
('f608dd52-c7c2-e96d-c32f-bd9b81763a94', 'c5703f82-5a6a-d069-8669-6e300ab4b555', 'handle', 'Handles request', 'GET', '/api/v1/resource2', 10, '2024-01-01 00:00:00'),
('6203b352-2fd4-dacc-239b-48debdcc193e', '59089f46-a920-3a85-1fba-e87ae8e007ff', 'handle', 'Handles request', 'GET', '/api/v1/resource3', 10, '2024-01-01 00:00:00'),
('44107244-a94c-ecc8-b162-7d2fc6447745', 'db51da39-5ea3-ecf5-d939-090a2aaffe6f', 'handle', 'Handles request', 'GET', '/api/v1/resource4', 10, '2024-01-01 00:00:00'),
('2a44f743-5deb-09c2-01ee-14b33407acc9', 'b7af2756-1a8e-833d-b716-7d816887f36a', 'create', 'Business logic', NULL, NULL, 10, '2024-01-01 00:00:00'),
('5a36f361-0812-05d1-daa5-a985fe956ebc', 'b7af2756-1a8e-833d-b716-7d816887f36a', 'update', 'Business logic', NULL, NULL, 20, '2024-01-01 00:00:00'),
('0e05b0b1-6d2f-e891-ffc2-848d37299d32', 'b7af2756-1a8e-833d-b716-7d816887f36a', 'delete', 'Business logic', NULL, NULL, 30, '2024-01-01 00:00:00'),
('d5cd74bb-33a7-0034-e7be-9885437aec1d', 'b7af2756-1a8e-833d-b716-7d816887f36a', 'find', 'Business logic', NULL, NULL, 40, '2024-01-01 00:00:00'),
('669f5b69-1e87-94ef-7df6-bd7e9276edf4', 'b7af2756-1a8e-833d-b716-7d816887f36a', 'process', 'Business logic', NULL, NULL, 50, '2024-01-01 00:00:00'),
('bf5e6bd2-1692-2285-a5b9-a00f34c1c76e', '6acf2db5-bbf5-8091-604b-dc63cc58675e', 'create', 'Business logic', NULL, NULL, 10, '2024-01-01 00:00:00'),
('1f7d8458-f5cc-2868-3acb-cb3d9ede2f9c', '6acf2db5-bbf5-8091-604b-dc63cc58675e', 'update', 'Business logic', NULL, NULL, 20, '2024-01-01 00:00:00'),
('b8dd1673-1b21-8ed5-2b21-59f449775a83', '6acf2db5-bbf5-8091-604b-dc63cc58675e', 'delete', 'Business logic', NULL, NULL, 30, '2024-01-01 00:00:00'),
('fcb5937b-ea02-6c8f-a1be-f035175bb728', '6acf2db5-bbf5-8091-604b-dc63cc58675e', 'find', 'Business logic', NULL, NULL, 40, '2024-01-01 00:00:00'),
('a53b2219-e318-1ecc-e679-04efbbbbe3f8', '6acf2db5-bbf5-8091-604b-dc63cc58675e', 'process', 'Business logic', NULL, NULL, 50, '2024-01-01 00:00:00'),
('574beb4a-5c4c-ce68-fca4-8773dc5b9a8a', '01305735-77fe-fa74-3ece-227ca2964152', 'getId', 'Entity method', NULL, NULL, 10, '2024-01-01 00:00:00'),
('02e4d3e1-f83e-6feb-b59c-4282c3d93cb9', '01305735-77fe-fa74-3ece-227ca2964152', 'getName', 'Entity method', NULL, NULL, 20, '2024-01-01 00:00:00'),
('ca64d42c-8a79-fd5b-fe70-38db9d76f2b0', '01305735-77fe-fa74-3ece-227ca2964152', 'validate', 'Entity method', NULL, NULL, 30, '2024-01-01 00:00:00'),
('cff82f2c-0dfc-88a0-2e91-5bb7ab113d30', '27fa6764-4f36-5f83-37f8-72101edb0ce1', 'getId', 'Entity method', NULL, NULL, 10, '2024-01-01 00:00:00'),
('d1d7f5b3-4119-5c58-f009-d00f996b9a75', '27fa6764-4f36-5f83-37f8-72101edb0ce1', 'getName', 'Entity method', NULL, NULL, 20, '2024-01-01 00:00:00'),
('ed1eb13d-103a-11ed-0be9-18e2c4ba3464', '27fa6764-4f36-5f83-37f8-72101edb0ce1', 'validate', 'Entity method', NULL, NULL, 30, '2024-01-01 00:00:00'),
('079229a4-a957-12d2-59e3-a8f7cb88f126', '86a1dd2e-f78e-f949-0333-feb83fb7bd53', 'getId', 'Entity method', NULL, NULL, 10, '2024-01-01 00:00:00'),
('ed7ba076-3b06-78f2-0f80-e69ba0f42985', '86a1dd2e-f78e-f949-0333-feb83fb7bd53', 'getName', 'Entity method', NULL, NULL, 20, '2024-01-01 00:00:00'),
('776a224f-1d0f-8755-29fa-731ba372bbd0', '86a1dd2e-f78e-f949-0333-feb83fb7bd53', 'validate', 'Entity method', NULL, NULL, 30, '2024-01-01 00:00:00'),
('b3533629-1994-5683-9996-7127b1629ad1', '6e5b534c-23bb-a7be-e2e3-a677d4cdb388', 'getId', 'Entity method', NULL, NULL, 10, '2024-01-01 00:00:00'),
('757495b9-bd96-091f-493a-599e6a8308d0', '6e5b534c-23bb-a7be-e2e3-a677d4cdb388', 'getName', 'Entity method', NULL, NULL, 20, '2024-01-01 00:00:00'),
('bfaa682f-df05-6d12-77cb-eea437664415', '6e5b534c-23bb-a7be-e2e3-a677d4cdb388', 'validate', 'Entity method', NULL, NULL, 30, '2024-01-01 00:00:00'),
('156acd92-e660-3acd-d748-ef4387661731', '4fd743cb-c41f-609b-d888-e23d3c37df21', 'getId', 'Entity method', NULL, NULL, 10, '2024-01-01 00:00:00'),
('c5be6cd6-c95b-d5d7-f193-5a21762ebfc4', '4fd743cb-c41f-609b-d888-e23d3c37df21', 'getName', 'Entity method', NULL, NULL, 20, '2024-01-01 00:00:00'),
('831fa36b-4b93-2fa8-a215-2ad70c311cfe', '4fd743cb-c41f-609b-d888-e23d3c37df21', 'validate', 'Entity method', NULL, NULL, 30, '2024-01-01 00:00:00'),
('3fbbb938-7b7f-5ebe-a274-3cbb2affb373', '4be6156f-2859-e7f0-225b-51332a73110f', 'getId', 'Entity method', NULL, NULL, 10, '2024-01-01 00:00:00'),
('dae1b056-677d-9801-f6e6-a2da80a1cead', '4be6156f-2859-e7f0-225b-51332a73110f', 'getName', 'Entity method', NULL, NULL, 20, '2024-01-01 00:00:00'),
('fac12c1a-295b-79b5-5687-391395dcdf1d', '4be6156f-2859-e7f0-225b-51332a73110f', 'validate', 'Entity method', NULL, NULL, 30, '2024-01-01 00:00:00'),
('b6ee846b-2d93-0f2d-47b9-579c13b28816', 'a23ea1db-d868-99d1-a0a1-0f2611123d0c', 'getId', 'Entity method', NULL, NULL, 10, '2024-01-01 00:00:00'),
('15401ab0-0712-bcd9-8c8e-e6a0acab6856', 'a23ea1db-d868-99d1-a0a1-0f2611123d0c', 'getName', 'Entity method', NULL, NULL, 20, '2024-01-01 00:00:00'),
('eeec17cc-1768-93fb-c820-4c093b7bc935', 'a23ea1db-d868-99d1-a0a1-0f2611123d0c', 'validate', 'Entity method', NULL, NULL, 30, '2024-01-01 00:00:00'),
('18bb0366-6d9e-1210-ad02-c8d032769c58', 'fddd0e8b-7859-58a6-e78e-dbacb28aa772', 'getId', 'Entity method', NULL, NULL, 10, '2024-01-01 00:00:00'),
('658a7f10-a205-5f0c-7d71-cf29fae45dc4', 'fddd0e8b-7859-58a6-e78e-dbacb28aa772', 'getName', 'Entity method', NULL, NULL, 20, '2024-01-01 00:00:00'),
('64beec1a-483e-9d63-7848-e499f0ebc785', 'fddd0e8b-7859-58a6-e78e-dbacb28aa772', 'validate', 'Entity method', NULL, NULL, 30, '2024-01-01 00:00:00'),
('07a77970-0ec3-b8f3-1d66-a6a3743689ea', 'e2a628b3-69a3-3655-7e31-5a10354bb0d9', 'getId', 'Entity method', NULL, NULL, 10, '2024-01-01 00:00:00'),
('15b31a95-9b2e-7f7d-77a0-253976322bb8', 'e2a628b3-69a3-3655-7e31-5a10354bb0d9', 'getName', 'Entity method', NULL, NULL, 20, '2024-01-01 00:00:00'),
('9138cf5b-2a99-daec-2e0e-5cb82bf66bff', 'e2a628b3-69a3-3655-7e31-5a10354bb0d9', 'validate', 'Entity method', NULL, NULL, 30, '2024-01-01 00:00:00'),
('7c40c0c9-4359-bdec-cae7-27e07b899216', 'c9bdcbd1-6b39-ac0b-8dc1-b9fb607696d5', 'getId', 'Entity method', NULL, NULL, 10, '2024-01-01 00:00:00'),
('5b4b1677-2df6-fe9d-e1ac-55beb1c9e9cb', 'c9bdcbd1-6b39-ac0b-8dc1-b9fb607696d5', 'getName', 'Entity method', NULL, NULL, 20, '2024-01-01 00:00:00'),
('4595e98c-c480-c508-7fcc-195d4bc71208', 'c9bdcbd1-6b39-ac0b-8dc1-b9fb607696d5', 'validate', 'Entity method', NULL, NULL, 30, '2024-01-01 00:00:00');

ANALYZE projects;
ANALYZE source_classes;
ANALYZE source_methods;
